author_steamid,appid,author_num_games_owned,author_num_reviews,author_playtime_forever,author_playtime_last_two_weeks,author_playtime_at_review,author_last_played,review,voted_up,votes_up,votes_funny,weighted_vote_score,comment_count,written_during_early_access,language,timestamp_created,timestamp_updated
76561197983603440,252950,0,1,16296,31,10678,1698853847,holy guacemole dis good,True,0,0,0.0,0,False,english,1572645548,1572645548
76561198281852410,730,7,1,84000,0,70421,1540899163,"Читеров до пизды много , еще и вак дали , игра скотилась, говно",False,0,0,0.49800795,0,False,russian,1502033373,1502033373
76561198046957528,283270,0,21,346,0,293,1588876601,Awesome game many hours back in the day with this one,True,1,0,0.41878483,0,False,english,1503198218,1503198218
76561198075047058,359510,111,3,340,0,338,1672506172,ゲームそのものの印象としては、場所を適宜移動しながらクリックをして証拠を集め、各人に突きつけて回るといった、逆転裁判の捜査パートのような感じでした。ちょっとだけ脱出モノのようなパズル要素がありますが、難易度は少し悩んでクリアできるもので、難しすぎず良かったです。ゲームオーバーは特にないので片っ端から試せばすぐにクリアできると思います。  グラフィックと世界観が独特で、非常にクオリティが高いです。アニメーションする各キャラクターがとても個性的でいいですね。  シナリオも面白く、終盤に謎が一気に解き明かされていく展開があり、カタルシスを感じました。そういうタイプのゲームやミステリー小説が好きな方には良いのではないでしょうか。 舞台設定は少しファンタジーなので、ハードボイルド系を期待される方は違うって思うかもしれません。  プレイ時間は５から8時間といったところで、妥当なコスパかと思います。（自分はセール中に買いました）,True,3,0,0.5231858,0,False,japanese,1609300005,1609300005
76561199060401603,1130410,36,2,422,0,356,1679134136,"Good game The game mechanics are easy to use, but hard to master. The levels have interesting layouts and trying to get just one more diamond on a level is rewarding, but some levels(just a very small amount right at the end) are frustatingly hard to even finish and I personaly would like to challenge myself in the act of beating a level faster and faster rather than trying to finish it at all.  As I said the amount of the frustrating levels is small and do pose a good challenge so the overall game is  fun.",True,0,0,0.0,0,False,english,1664735505,1664735672
76561198087369878,730,122,1,76994,0,54378,1696288695,me like but gaben no give me knife after 470 cases ;(,True,0,0,0.0,0,False,english,1687489710,1687489710
76561198329559063,387990,42,7,342,0,197,1640800959,dfg,True,0,0,0.0,0,True,english,1629472572,1629472572
76561198027977243,1978760,0,27,32,0,32,1671336774,Mayo go bbbrrr!!!,False,0,0,0.38596493,0,False,english,1671336882,1671336882
76561199092916654,871720,0,4,540,0,331,1647646059,too many,True,0,0,0.47619048,0,False,english,1643429396,1643429396
76561198357850274,2286330,0,1,6,0,6,1680012376,"Graphics 7/10. Plot 5/10. I'm waiting for an update, they promised a lot of interesting things.",True,1,1,0.5,0,False,english,1680012502,1680012502
76561198381315241,1533390,0,5,41102,110,1325,1698709594,I've played this game for a while and It's good just way to many kids cursing and just generally trying to get other kids banned not really worth 20 dollars I'd say 10 at most,True,0,0,0.0,0,True,english,1618237759,1673473744
76561198880789730,440,49,7,43895,0,41261,1670298782,otimo jogo gameplay invador diferente de todos os fps que eu ja vi maravilhoso  ,True,1,0,0.52380955,0,False,brazilian,1608031648,1608031648
76561198217318681,404170,0,941,240,0,60,1657223794,ein gutes lesespiel. gute und lange geschichte. sehr viele antwortmöglichkeiten zu wählen. coole animationen. hat eine schöne galerie. musik ist in ordnung. der preis für diese spiel ist im angebot in ordnung. alle errungenschaften funktionieren.,True,1,0,0.52380955,0,False,german,1657213118,1657213118
76561198284956974,516750,0,2,16484,0,11577,1638414439,it a very good game,True,0,0,0.0,0,True,english,1573684971,1573684971
76561198108784242,322330,0,78,1801,0,1060,1695130872,친구가 없어요,True,0,0,0.0,0,False,koreana,1637961830,1637961830
76561198072095876,332500,251,4,219,0,219,1462367876,Oyunu fazla oynama vaktim olmadı fakat almadan önce çok hevesliydim ve hevesimi kırdı sayılır.Ben yalnız oynadım arkadaşlarımla oynayacak fırsatı henüz bulamadım fakat oyunda yapısal olarak sorun görmedim +lı -li sıralarsak anladığım - bildiğim kadarıyla. +Oyun optimize çok iyi değil ama diğer survival oyunlarına göre çok iyi grafiksel olarakda aynı kanıdayım. +Yaratık çeşit fazlalığı  + Atmosferin güzel işlenmesi  +Dungeon'lar bu tarz bir oyunda Dungeon görmek çok güzel. + Silah - bıçak vuruş hissiyatları diğer oyunlara göre farklı bir hava katmış hoş olmuş +Oyunun düzenli gelişmesi.. ------------------------------- -Craft arayüzü ben oynarken iyi değildi şimdi değişmediyse basit bir arayüz biraz daha görsellik olsa iyiymiş. -Optimize yeterince iyi değil tamamen yağ gibi olsa ekstra olurdu bu eksi sayılmaz ama koymak lazım.. -Başlangıçta hiç bişiy yapmadan etrafı keşfetmeye kalkarsanız çok yakınlarda sizden kat kat yüksek yaratıklarla karşılaşıyorsunuz.. - Ev yaparken kullanılan sistem pek özgür bırakmıyor istediğiniz şekli tam veremiyorsunuz..  Oyun sonuç olarak - leri var ama sürekli gelişiyor aldıktan uzun zaman sonra girerseniz belki de bambaşka bir oyunla karşılacaksınız arkadaşlarınızla bu dünyayı keşfetmenizi tavsiye ederim çok güzel zaman geçireceğinizi garanti ederim.. ,True,4,0,0.5578884,0,True,turkish,1470699354,1470699354
76561198308735696,945360,64,14,5553,0,282,1673741850,IGHT THIS IS GOOD ,True,4,0,0.5817491,0,False,english,1598043514,1598043514
76561199083726207,217980,39,5,6130,0,6130,1644763749,"-Shold we gather for whiskey and cigars tonight? -Indeed, I believe so",True,0,0,0.0,0,False,russian,1644764557,1647600285
76561198036726777,440,50,1,24431,0,24345,1695499386,tegridy,True,0,0,0.0,0,False,english,1600344972,1600344972
76561198164139285,232090,0,5,866,0,469,1688902752,"This game is so fun when it comes to co-op gameplay, at some points situations get desperate and really intensifies the gunplay trying to conserve ammo, even though the game is not 100% with only 3 maps being available and 1 current gamemode along with alot of missing weapons, the content out for it now is still more than enough to entertain you and that means more content will be added which makes this game a constant giver, my only negative thing to say is i hope that all the other content due to come out isnt marked as pricey dlc, apart from that an amazing game 10/10",True,0,0,0.0,0,True,english,1431986473,1431986555
76561198363374263,518790,0,1,7101,0,3306,1681354789,"Arcade style with just enough realism, quite fun and relaxing",True,0,0,0.0,0,False,english,1678589093,1678589093
76561199226133554,227300,16,3,2291,0,2087,1695599108,É legal. Da pra dirigir caminhão,True,0,0,0.0,0,False,brazilian,1689782879,1689782879
76561198055664851,546560,305,22,987,0,203,1648963059,Это лучший vr проект из существующих. Я будто впервые поиграл в видеоигру.,True,2,0,0.46504745,0,False,russian,1641362399,1641362399
76561198342594211,1144200,0,9,1660,0,774,1685908580,det er det beste spiller jeg nogle siden har spillet ,True,0,0,0.0,0,True,danish,1645543411,1645543411
76561199093480316,843380,0,1,1394,0,1305,1692419394,wa,True,0,0,0.0,0,False,spanish,1688346683,1688346683
76561198141863224,273110,41,6,1571,0,758,1487343396,"J'ai vraiment apprécié ce jeu grace au gameplay, mais niveau graphisme, il est pas terrible.",True,1,0,0.0,0,False,french,1418842140,1418842140
76561198116548809,271590,0,1,13414,0,3793,1446528741,"Great game, looks amazing! They did a very good job on the PC version compared to GTA IV which was shitty! I recommend it to anyone who likes games where you have a choice of what you do! It is very fun and easy to get lost in, and play hours and hours.",True,0,0,0.0,0,False,english,1429330627,1429330627
76561198077975818,302830,0,1,383,0,383,1448749813,give me the pussy b0ss ,True,0,0,0.0,0,True,english,1448655958,1448655958
76561198025912510,434067,0,3,0,0,0,0,Die Map sieht wirklich gut aus. Nur habe auch ich sehr sehr nervige Probleme mit springenden Bussen :( Rückerstattung ist beantragt.,False,2,1,0.49302465,1,False,german,1476655077,1476655077
76561198085781993,236390,116,25,5468,0,2195,1697398586,Playing strike or bomber is a sentence to death Russian planes outmanuver the german ones (Gaijin is russian btw) You can literally get sniped mid air (very realistic),False,1,0,0.51171875,0,False,english,1663016920,1683379828
76561198345258393,730,10,2,86996,660,58782,1698696095,jaaan hai yeh game  ,True,0,0,0.0,0,False,english,1580025233,1580025233
76561198317155758,730,0,1,11759,0,8921,1480165743,Играю второй год. устраивает,True,0,0,0.0,0,False,russian,1477132385,1477132385
76561198165258282,578080,0,11,11491,0,9897,1591961579,垃圾游戏服务器经常炸，又不解决bug。谁买谁后悔,False,2,1,0.5424836,0,False,schinese,1533027700,1533027700
76561198330730534,1245620,0,3,19173,0,12702,1690572004,"likely of, Precious Sort",True,1,0,0.0,0,False,english,1649079532,1649079532
76561198046252819,200260,0,6,7847,0,2857,1461002626,A unique experience that you should not leave out of your gaming choices fantastic gameplay conveying feeling of being a vulnerable believable superhero,True,0,0,0.0,0,False,english,1453726713,1453726713
76561198960398468,275850,20,1,12383,471,3122,1697827611,the fact that its vr compatible is awesome!!,True,1,0,0.52380955,0,False,english,1674323595,1674323595
76561198041110910,1332010,143,8,342,0,342,1662760730,Short but great,True,0,0,0.0,0,False,english,1669146413,1669146413
76561198339736824,271590,0,1,25210,0,2690,1493006766,我就呵呵了。才玩3天，直接封一个月，我不知道为什么，开G的没封，没开G的居然封了，还玩个锤子啊，R星真的太S...B了！,False,1,0,0.0,0,False,schinese,1477827443,1477827443
76561198202990179,72850,199,25,1237,0,1005,1469983728,"Как это прокомментировать, я без интернета могу сидеть в этой игре по 2-18 часов. Плюсы: +Завлекает +Сюжет +Открытый мир +Викинги :D +Старый мифическое окружение +Магия Минусы: -О да здесь вы станете читерами или пройдёте до конца каким-то образом,вам всё таки придётся в водить в команд строку команды на вещи и т.д -Вас могут почти везде убить (Если вы читер) -За вороство на глазах в тюрму или штаф золотом, конечно если вы не хотите бегать или сражатся с солдатами. -Графика -Баги -И некоторые Миссий. -Трудно развивающий сюжет без читов. А так это Фаллаут 4 ток другой. В фалауте нужно хотя бы 80ч для сливок,а 160 на супер развитее. Сдесь уходят пару минут в начале и уже после этого по 20-40 часов для развития персонажа.",True,3,0,0.5266881,0,False,russian,1457100089,1457100089
76561198170822595,41070,354,35,1482,0,990,1549483378,BEST GAME EVER,True,0,0,0.0,0,False,french,1474191838,1474191838
76561198147195716,1217060,0,3,1382,0,312,1637818165,畫質可以再細緻點 視角可以變動會更好,True,1,0,0.52380955,0,True,tchinese,1595498210,1595498210
76561199158045475,381210,0,3,44680,615,17091,1698185928,"Worst Game Ive Ever Played, But I Still Play For Some Reason",True,0,0,0.0,0,False,english,1629337325,1629337325
76561198009517498,12840,0,7,9187,0,9176,1435087413,Graphics are really great.  Replays are cool to watch.  Multiplayer.,True,0,0,0.0,1,False,english,1291938610,1291938610
76561199097085697,349040,65,27,15,0,15,1603114751,好玩,True,0,0,0.0,0,False,tchinese,1624852965,1624852965
76561199228913407,431960,0,1,825,0,770,1688984037,10分甚至9分好用啊,True,0,0,0.0,0,False,schinese,1688718971,1688718971
76561199138639320,1172470,0,2,264,0,227,1646908779,sdafaf,True,0,0,0.0,0,False,english,1645699118,1645699118
76561198031520137,207140,157,4,3973,0,1962,1687647484,S H I T game,False,2,1,0.4218396,0,False,english,1508711781,1508711807
76561198059829719,859580,391,14,4588,0,259,1625058609,Another great game from Paradox,True,0,0,0.0,0,False,english,1556351831,1556351831
76561198123555604,221100,0,1,44910,0,41161,1416821497,재밋음,True,0,0,0.0,0,True,koreana,1408347940,1408347940
76561198250977160,1755240,1634,56,12,0,12,1655664227,"buen f2p se merece la recomendada, no apto para terraplanistas.",True,16,17,0.6767422,0,True,spanish,1655664609,1655664609
76561198138024047,1063730,122,19,11027,34,9761,1697405383,"A idź do ***** z tymi kolejkami i lagami, połączyli tyle światów razem a serwy nadal kulawe...",False,0,0,0.0,0,False,polish,1635401906,1696597796
76561198868264679,786520,55,2,211184,6235,183312,1698577503,19年刚出没多久在管网白嫖了一份，20补票上车，换了3台电脑都安装了SAO。每次开机的link start都心潮澎湃。可惜23年了SAO都还没有发布,True,0,0,0.0,0,True,schinese,1681815593,1681815593
76561198107912608,49520,0,2,7041,0,1240,1652713991,"Borderlands 2 é um daqueles jogos que depois que você zera, você continua viciado.  Mesmo possuindo um gráfico cel shading, o game consegue ser bonito em diversos aspectos, principalmente em relação aos efeitos de iluminação e aos detalhes das armas. Os efeitos PhysX da Nvidia, apesar de exigerem mais do seu hardware, conseguem entregar detalhes muito precisos, ainda mais quando explodimos algo no cenário. [i] EXPLOSIONS? [/i]  O jogo possui uma quantidade absurda de loots de armas e skins, devido ao sistema randômico presente, e ele ainda te dá a chance de farmar loots quantas vezes quiser. Dá pra passar horas farmando itens em apenas uma fase ou em um trecho dela, é tudo uma questão de paciência.  A dificuldade também é um fator positivo. Os inimigos, conforme você avança durante as fases, costumam evoluir e consequentemente se tornarem mais fortes, incentivando você a aumentar seu level, assim como ocorre nos RPGs. Por se tratar de um game co-op de até 4 jogadores, jogar sozinho pode ser frustrante, devido a alguns inimigos que aparecem de surpresa e te derrubam com apenas um hit.  A jogabilidade possui elementos semelhantes aos FPS de hoje em dia, e está mais fluída que a do primeiro Borderlands. E as DLCs, apesar de não ter jogado todas, são interessantes e oferecem bastante conteúdo, e claro... [i] LOOT! [/i]  É possível comprar a Edição GOTY por menos de 30 reais nas promoções malucas da Steam, principalmente na temporada do Verão e do Inverno americano, portanto é bom ficar de olho, pois o game é excelente e merece o investimento!",True,0,0,0.0,0,False,brazilian,1478323619,1479927883
76561199037119095,1782210,0,7,926,0,763,1669044851,sdfdsf,True,0,0,0.48076925,0,False,english,1653436139,1653436139
76561198027818104,858260,965,96,345,0,130,1611384893,와 재밌다,True,0,0,0.0,0,False,koreana,1608392214,1608392214
76561198012932017,1158370,1292,6,460,0,275,1655124204,Less bugs than Aragami: Nightfall.,True,0,0,0.47619048,0,False,english,1631978980,1631978980
76561198440402192,270880,201,85,3134,0,1181,1695645191,Avrupa modelinin Amerikaya çevrilmesiyle oluşmuş ama bazı temel özellikleriyle avrupa modelinden farklılık gösteren ve oynaması avrupa modeli kadar zevkli olan amerikan kamyonu simülasyonu gayet başarılı.Avrupa ve amerika modellerinin en büyük eksikleri online oynamadığımızda botların tavırları botların yapay zekaları gerçekten iyi değil alanında zirvede olan ve bukadar fazla oynayıcıya sahip olan bu oyunda yapay zekanın bukadar kötü olması üzücü.Online oynayıp arkadaşlarınızla zevk almak istiyosanız avrupa modeli tavsiyemdir ama onu oynayıp bunuda oynamanızı tavsiye ederim.İYİ OYUNLAR...,True,3,0,0.5160896,3,False,turkish,1602513359,1602513359
76561198323691980,381210,118,6,1350,0,563,1618477710,A M A Z I N G!!!!,True,0,1,0.0,0,False,english,1506259783,1506259783
76561198087901650,434650,1939,6,2641,0,2373,1625258639,"Tja, was soll ich sagen... hab ja schon die eine oder andere Stunde in dem Spiel verbracht und es macht wirklich riesig Spaß. Der Entwickler versorgt das Spiel mit regelmäßigen Updates, es gibt jedesmal neues zu entdecken, es lohnt sich immer reinzuschauen, wird nie langweilig :-)",True,0,0,0.4861111,0,False,german,1480319124,1480319124
76561198010312419,70,0,8,7,0,7,1574804780,Не стареющая классика!,True,1,0,0.51704544,0,False,russian,1574804840,1574804840
76561198062302215,388520,0,1,14,0,14,1440841683,Lolol wasted my time downloading this piece of crap,False,3,0,0.5056788,0,False,english,1440841875,1440841875
76561198435544016,271590,64,1,13586,15,3974,1697901382,高自由度的经典之作。,True,0,0,0.0,0,False,schinese,1584010980,1584010980
76561198402417340,408110,182,100,549,0,453,1527221175,.-..-.---.-....----,True,0,0,0.45526057,0,False,russian,1501340297,1501340297
76561198442253386,730,0,2,135215,0,126184,1696943226,игра топ,True,0,0,0.0,0,False,russian,1655924696,1655924696
76561198335627146,415350,0,24,218,0,196,1571104171,외국 밈이 잔뜩 있고 뭔가 번쩍번쩍한 슈팅 게임 솔직히 슈팅 게임이라고 말하기에는 좀 완성도가 떨어지기는 하는데 그걸 정신 나간 센스로 메웠다 해야되나 솔직히 한판 하고 나면 손이 잘 안 가기는 하는데 가끔 한판씩 하는 용도로 사용 중 정가로 사기는 진짜 돈 낭비고 할인할 때 사는 건 생각해 볼만 함,True,0,0,0.0,0,False,koreana,1518412953,1518412953
76561199212803796,1286830,0,3,7673,0,7673,1669234989,I've always wanted to have headtails!,True,1,0,0.50811243,0,False,english,1669234922,1669234922
76561198046919152,227300,6,1,13771,0,10425,1613509375,mELHOR SIMULADOR,True,0,0,0.0,0,False,portuguese,1585196029,1585196029
76561198442843251,331470,0,3,3463,0,2258,1692032166,"Вдоль, а не поперек надо, ребята",True,0,1,0.0,0,False,russian,1529816941,1529816941
76561198253997476,730,0,3,181567,2140,72672,1699026720,"I've been playing is long enough to not be optimistic anymore. Way too many hackers. It does not matter if you pay for it and get a prime account. There will be hackers and you will be disappointed. That being said, not all games have hackers and that is when you enjoy it for what it really is. FPS...",False,0,0,0.0,0,False,english,1621692566,1621692566
76561198018093315,337000,0,14,3424,0,3360,1671741114,Really fun game. The story is rich and nuanced much like my posting.,True,1,2,0.5253164,0,False,english,1480006923,1480006923
76561198105801673,632360,594,24,2293,0,110,1696141378,i like it :),True,0,0,0.0,0,True,english,1553811288,1553811288
76561198051708494,1414850,0,7,504,0,346,1667867217,"Now that I have finally witnessed my lifelong dream of seeing Nigel Thornberry bitch-slap Spongebob into the stratosphere, I can now move on to my NEW lifelong dream of becoming the most powerful Lucy Loud main to ever walk this Earth. Powdered-Toast Man players beware, for I intend to be the most ruthless foe on the battlefield!!!  As for what I think, the game's really fun, I enjoy it a lot, Catdog is now the worst creature to exist in the history of both television AND video games alike, but aside from that I really like the game!  10/10: Havin' a good time.",True,0,0,0.0,0,False,english,1633491966,1633491966
76561198219885731,730,16,1,109522,13,74834,1698830799,best game ever <3,True,0,0,0.0,0,False,italian,1600879246,1600879246
76561198102861299,730,601,14,16516,0,11301,1696184218,Graphismes peu évolués mais jeu excellent à souhait.  A tester absolument !,True,0,0,0.0,0,False,french,1458886312,1458886312
76561198014396788,555950,223,82,1051,0,1051,1504783008,"It might not be a classical danganronpa, but the scenario is still as amazing as the other ones  It's rare nowadays to play a game/watch a movie which end leaves you speechless or you know... Empty or waiting for more (in a good way of course, like leaving good holidays or a leaving friend you didn't see for years)    I just had trouble to play with mice and keyboard so I had to use my controller (it was harder to complete the game because im 100% pc gamer, but doable) Except that there is not much to be said, it's full of contents, with a good scenario. A very good game",True,0,0,0.0,0,False,english,1504783329,1504783329
76561199166055187,7940,0,6,531,0,219,1642307255,un clasico,True,0,0,0.0,0,False,spanish,1641751361,1641751361
76561198339280279,433850,33,4,27471,0,662,1658502575,我刚刚买了两天还没玩上手就把我号封了说我开外挂我一个连游戏都还没玩懂的人开啥外挂啊而且是在我刚刚买完vpn2个小时就封我了一天一块钱我的vpn的钱就这样一天一天没了我觉得这个游戏很不错只是我不知道是不是这个公司打击外挂有问题力度是很强但是要不要强到把不开挂的也封了,False,0,0,0.0,0,True,schinese,1493215498,1493215498
76561198078041936,304930,0,8,373,0,373,1441531504,First day playing. was killed by zombies. the next day. i found friends. after that. said friend turned on me.   10/10 would be betrayed again,True,0,0,0.0,0,True,english,1441452974,1441452974
76561199139132467,730,0,3,46971,625,26976,1699020471,i love men,True,1,0,0.52380955,0,False,english,1631547702,1631547702
76561198136029957,304930,0,1,9701,0,4608,1431360674,Игра нормальная мне понравилась конечно надо еще много дороботать и я думаю будет нормально,True,1,0,0.50210905,0,True,russian,1413612542,1413612542
76561198269975659,359550,140,22,18318,0,18078,1594085700,"don't be bad you NOOB, idk it's fun you just need to get into it",True,0,0,0.0,0,False,english,1574644896,1574644896
76561198140545741,252950,160,17,12410,0,10028,1665686424,One of the best duo games on Steam.  i can´t say more :),True,2,0,0.5473251,0,False,german,1542837463,1551525352
76561198822894089,457140,0,1,10622,0,2275,1691839319,很硬核的生存游戏 ,True,0,0,0.0,0,False,schinese,1618226712,1618226712
76561198085703579,420,0,44,7191,0,7154,1654671460,cool,True,4,0,0.52655256,0,False,english,1524109201,1524109201
76561197972394940,72850,0,3,13700,0,5696,1552308811,Highly recommended!!!,True,0,0,0.0,0,False,english,1325091720,1325091720
76561198062147872,105600,54,3,61945,90,26501,1698762234,het is een van het coolste spell op steam je kunt het super erg lang spelen en bij elke update komen er nieuwe dingen bij   Het is GEWELDIG spel,True,0,0,0.0,0,False,dutch,1409853735,1409853735
76561199340058271,2253290,0,8,35,0,35,1673328696,"Very spooky, fun game! I should have listened to Paw paw.",True,0,0,0.0,0,False,english,1673328826,1673328826
76561198024730698,8930,0,4,1029,0,915,1638674591,"Civ seems like one of those games that was revolutionary in its time, but did not evolve with time. The UI is awful and has no tutorial or information about how to play.",False,0,0,0.47619048,0,False,english,1638583790,1638583790
76561197993611814,1030210,0,46,325,0,186,1696344388,"Class game , i`m so glad i did not listen to the reviews",True,1,0,0.50272065,0,False,english,1611613905,1611613905
76561199050015861,2231890,0,3,23,0,22,1686335138,Gifted word: Garden Interesting...,True,0,0,0.0,0,False,english,1686332743,1686332743
76561198957330509,977420,0,3,0,0,0,0,Сюжет хороший но я проходил на сложном и когда играл в кости со Стефаном то он за 1 раунд выбивал по 2000-3000 очков когда я 100,False,1,1,0.49472097,0,False,russian,1610824962,1610824962
76561198254874882,1174180,0,2,2949,0,2431,1687579184,great,True,0,0,0.0,0,False,english,1577130427,1577130427
76561198366604217,289650,0,8,1068,0,432,1628185536,i like it,True,0,0,0.0,0,False,english,1625951458,1625951458
76561198070589152,548430,338,25,294,0,227,1614509613,"Voice of Kratos: BOSCO, BOY!!! :-D",True,1,0,0.52380955,0,False,ukrainian,1614463005,1614463005
76561198894160675,1172470,14,4,5542,59,483,1697997371,"idk is epic and all, but a lil gay",True,0,0,0.0,0,False,spanish,1614594359,1617457006
76561198162611990,238960,154,5,1468,0,935,1578831206,its aight innit,True,0,0,0.0,0,False,english,1577117182,1577117182
76561198078668535,107410,0,4,25203,0,16634,1691215152,Great sandbox mil-sim and co-op game play.,True,0,0,0.0,0,False,english,1577658582,1577658582
76561198013807290,440,207,8,43784,40,40232,1698856195,"Literally the greatest ggame of all time, just play it you fool",True,1,0,0.0,0,False,english,1562100995,1562100995
76561199065600710,677620,0,5,1888,0,1651,1692225960, Dangerous mute lunatics running around with guns.,True,0,0,0.0,0,False,english,1650997993,1650997993
76561198304842581,730,271,11,37785,0,31939,1697570874,Wszystko !!!,True,0,1,0.0,0,False,polish,1579105636,1579105636
76561198345075332,431960,0,2,11452,0,400,1642383394,用起来很棒,True,0,0,0.0,0,False,schinese,1637806344,1637806344
76561198296457923,247080,40,6,46,0,46,1616987946,ok,True,0,0,0.0,0,False,english,1673288062,1673288062
76561198329346375,550650,31,2,403,0,73,1545951947,The best Free games :) :) ,True,3,1,0.54545456,0,True,czech,1516043908,1516043908
76561198420447022,782330,325,18,8300,0,7581,1678039156,dünyanın en iyi fps oyunu en iyi fps oyun serisi DOOMDUR laf edeni s2erim john romero öz abimdir en iyi oyun yapımcısıdır,True,2,4,0.48455077,2,False,turkish,1653245132,1653245132
76561198139876487,242920,88,22,2414,0,605,1667703746,"Great game. Worth it. If this game had multiplayer, where you could play with others sorta like civ, this game would be even more fun. although it might make you rage quit a lot, because your town gets destroyed while your not even there or something. But right now there's not even a battle system in this game. you dont fight against other towns. you just survive. and its great! totally worth it. I was given a $20 steam gift card, and I'm glad this is what I got with some of the money. I say some because I got it on a big sale. If I hadn't it would have spent all of my money. but whatever. still worth it. just try to catch it on a sale I guess. that goes for anything purchasable.",True,0,0,0.0,2,False,english,1486353631,1486353631
76561198082787787,238010,0,1,1596,0,1596,1638717520,"хуже игры я не играл я даже не закончил ее... это абсолютно глупая игра про головоломки.. 2013й год и нет открытого мира?? боевка жутчайшая.. CS 1.6 на тот момент уже было 100 лет.. и разрабы не смогли сделать что-то хотя бы что-то схожее.  сюжет до боли банальный.. главный злодей тратит кучу энергии и ресурсов, похищает людей по всему миру, строит супер пупер лаборатории только для того чтобы в определенный момент осуществить свой зловещий план. За которым нет идеи, нет философии, нет мотивации. Он действует просто чтобы было.  Мне это зачем? Ему это зачем? Разрабам это зачем? Что они хотели сказать данной игрой не понятно.. 1/10 хуже я игры не играл",False,2,1,0.4135011,0,False,russian,1638889241,1638889241
76561198111756750,914800,181,5,731,0,713,1697329902,"This game is calming and sweet. It doesn't involve choices in the strictest sense of the word, so if that is what you want this wouldn't be for you. The music is calming and the characters are endearing. You spend a lot of time getting to know each customer and I really ended up rooting for all of them. I loved this game. Plus, if you serve all of the correct drinks the ending and some of the dialogue throughout the game are... eye-opening. I would definitely recommend this game, it is a nice distraction when feeling either stressed or depressed.",True,2,0,0.53367877,2,False,english,1595091733,1595091733
76561199085723914,960990,0,3,1001,0,780,1642987037,Great game,True,0,1,0.47101447,0,False,english,1641442120,1641442120
76561199337050563,4000,15,6,3382,0,1936,1691799458,E,True,1,0,0.52380955,0,False,english,1658259216,1658259216
76561198119616288,241930,0,2,2266,0,1882,1684481179,"""""""Old"""" but gold. Awesome game!""",True,0,0,0.0,0,False,english,1683460471,1683460471
76561198365186458,629520,0,33,22687,0,11480,1684346356,топ программа для подкалывания и заставления сгорания гузна у тимейтов по игре,True,0,0,0.0,0,False,russian,1594978063,1594978063
76561199127642606,1215270,0,1,128,0,128,1611585557,"Jeu très court, pas d'indice pour aider à trouver les enveloppes...  Graphiques bien faits",False,0,0,0.45454547,0,False,french,1611585808,1611585808
76561198039582488,730,136,3,4249,0,1257,1602036574,"Ótimo jogo, uma real perspectiva dos lados envolvidos nas batalhas sangrentas.",True,1,0,0.50248754,0,False,brazilian,1498329586,1498329586
76561198981528532,71250,184,13,217,0,175,1696873008,sanic,True,0,0,0.0,0,False,turkish,1649808180,1649808180
76561197998868720,455820,482,3,914,0,586,1665183430,"finished this game in 9 hours in one go, and boy those where good 9 hours. I loved the time mechanic, and the story. The combat as fine. I encounter a few bugs like npc disappearing, and stuff getting stuck where it shouldn’t, but all in all no game breaking stuff. The skip dialog is welcome, when replaying parts, but often take a bit of time to appeare. I love the game 5/5  ",True,0,0,0.0,0,False,english,1664054164,1664054164
76561199110437632,471710,0,1,2417,0,1090,1696261899,i love it u can play with ur friends it so good and my fav game is poppyplaytime so i recommend poppyplaytime to u ,True,0,0,0.0,0,False,english,1644868534,1644868534
76561198055527186,1843930,0,57,0,0,0,0,ying,True,11,5,0.5892344,0,False,english,1643322160,1643322160
76561198015907110,57680,0,14,34,0,34,1448803534,"Buggy,buggy,buggy.",False,2,0,0.52755904,0,False,english,1448836244,1448836244
76561199023933950,616560,0,2,430,0,216,1681747331,trop bien  ░░░░░░█▐▓▓░████▄▄▄█▀▄▓▓▓▌█  ░░░░░▄█▌▀▄▓▓▄▄▄▄▀▀▀▄▓▓▓▓▓▌█  ░░░▄█▀▀▄▓█▓▓▓▓▓▓▓▓▓▓▓▓▀░▓▌█  ░░█▀▄▓▓▓███▓▓▓███▓▓▓▄░░▄▓▐█▌  ░█▌▓▓▓▀▀▓▓▓▓███▓▓▓▓▓▓▓▄▀▓▓▐█  ▐█▐██▐░▄▓▓▓▓▓▀▄░▀▓▓▓▓▓▓▓▓▓▌█▌  █▌███▓▓▓▓▓▓▓▓▐░░▄▓▓███▓▓▓▄▀▐█  █▐█▓▀░░▀▓▓▓▓▓▓▓▓▓██████▓▓▓▓▐█  ▌▓▄▌▀░▀░▐▀█▄▓▓██████████▓▓▓▌█▌ ▌▓▓▓▄▄▀▀▓▓▓▀▓▓▓▓▓▓▓▓█▓█▓█▓▓▌█▌ █▐▓▓▓▓▓▓▄▄▄▓▓▓▓▓▓█▓█▓█▓█▓▓▓▐█,True,0,2,0.0,0,False,french,1639328430,1639328430
76561198091069304,378649,219,76,0,0,0,0,神作,True,0,0,0.0,0,False,schinese,1498396644,1498396644
76561198010298671,250320,0,2,486,0,486,1404894479,furry among us,True,14,12,0.6385973,0,False,english,1684218981,1684218981
76561198347784371,936790,0,8,1102,0,1102,1638695634,章幅短且場景稀少，每章劇情並不差，但這些零零總總卻只用五個章節倉促串連起來反而略顯畸形， 遊戲性比上二代好上太多，主打的蝴蝶效應：選項影響劇情走向，卻遠不及二代，劇情選項太過明顯，讓人一目了然這將影響往後劇情而失去些新鮮感，且一連串的選項真正影響最終結局的卻只有兩三個，那這些選項是列辛酸的？  ＤＬＣ則枯燥乏味，賣一代玩家情懷意圖濃厚  總之，等特價再入手就是了,False,6,1,0.600399,0,False,tchinese,1640257944,1640257944
76561198842013275,730,94,2,53437,892,3000,1698497123,ok ,True,0,0,0.0,0,False,schinese,1610798010,1610798010
76561198273252982,275850,1079,78,1100,0,962,1650482254,"Oh I seem to have forgotten to review this. Gonna be downvoting since the only reason I own it is because of them lying at release and stealing 60$ from me, no amount of updates changes that.",False,0,0,0.47619048,0,False,english,1471558279,1650434271
76561198141299613,1203220,0,6,189,0,189,1661109633,This wasn't even worth the $9.00 I paid for it on sale. It's poorly optimized and riddled with bugs. Gameplay lacks depth and connections to other players are so poor that there's nothing to do but mash attack and pray you take them out quicker.,False,4,0,0.52864945,0,False,english,1661110141,1661110141
76561198105059239,261550,0,4,7915,0,4594,1670787627,God dam it! i need to stop !,True,0,0,0.0,0,True,romanian,1644695988,1644695988
76561199036664916,105600,20,4,7187,0,898,1692951009,ta bueno,True,0,0,0.0,0,False,spanish,1679930698,1679930698
76561198064739913,1621690,0,85,554,0,318,1685711688,好玩,True,0,0,0.0,0,True,schinese,1685626320,1685626320
76561198418869136,359550,0,1,3580,0,746,1696529837,good.,True,0,0,0.0,0,False,english,1607004201,1607004201
76561198119580571,1774580,0,2,3487,0,1361,1696624443,"I held off on writing this review before finishing the game. With that being said this is a game with a lot of potential and it's a shame how it was launched.  The story of this game is absolutely phenomenal, you'd think they should hire the writers of this story for Disney Star Wars. The acting as well, another thing to be shined upon in this game, absolutely phenomenal. The fighting has great mechanics and there is a variety of cosmetic changes that they put in which keeps the game constantly feeling fresh. The pace that the story goes is absolutely great, which I must continue to emphasize because the story is very meaningful and different from the previous one.  Here are a lot of notable problems with this game:  This game needs a lot of work. It is extremely poorly optimized and I have a high rig gaming pc meanwhile I was playing in 1440p custom settings a lot on Medium/High no AMD FSR on.   This game should not be bought at full price especially in the state it was released. There are so many bugs in the cutscenes which make them hard to focus on, it's where the jackets are blowing in the wind when they're indoors, or the jackets are clipping through walls all stretched out.  The magna guards have such terrible rendering/optimization where their scarfs will take up almost all the screen when fighting them and almost crash the game with the tremendous strain and lag it puts on your PC.  A lot of aliasing problems where characters look rough and sharply edged in cutscenes as well.   SOOOO many stutters.  Extreme frame drops, 160 fps to 30 fps in milliseconds sometimes.  Overall, the story is great and if this game gets patches and work done it will definitely be something I recommend, however, as of right now I don't think anybody should buy it unless they're diehard Star Wars fans like myself, or somebody that really minds spoilers. I believe the devs felt the pressure because it was supposed to be released in March but was delayed until late April, it definitely needed about another month to have it's final polish on this game and possibly to prevent what has been happening. With that being said, I'm stoked for the next Star Wars game released by Respawn.",False,381,5,0.9166233,0,False,english,1683127617,1683127811
76561198281420132,225080,60,9,286,0,286,1654398858,<3,True,0,0,0.0,0,False,romanian,1654399422,1654399422
76561199240549511,440,8,3,60206,4138,469,1698750996,amogus,True,0,0,0.0,0,False,english,1671852451,1671852451
76561198041287663,1085660,0,23,307752,42,60404,1698779435,its alright,True,0,0,0.0,0,False,english,1601663887,1601663887
76561199355105173,1030840,0,5,489,0,196,1694831065,"good game, good story, could have better driving though.",True,0,0,0.0,0,False,english,1678297371,1678297371
76561198049601888,1377380,268,78,7491,0,208,1629035432,"Three hours in and I'm HOOKED/ I love the survival/crafting/building genre and this caters very well for me. Graphics are good, sound is good and the way the atmospherics  are implemented is great. I can see this becoming a classic. I spawned in, met a bear, got torn apart. Spawned in and had a great couple of hours picking stuff up and learning the mechanics of the game. Proper review coming soon, but so far I love it. BUY IT before the price goes up.",True,2,0,0.49068546,0,True,english,1598713355,1598713355
76561198326576882,220,0,8,2296,0,1482,1694468592,"This game, is easily one of the best Fps' there is and quite possibly my personal favorite. It does everything nearly flawlessly, the story engaging and original, the characters memorable and fully realized, the world feels incredibly real and rich with atmosphere. Each area giving it's own unique feel. The gameplay runs smooth, and although defintley floaty, it is made to adapt to any players style. The source engine gives way to beautiful set pieces and with it's physics makes everything interactive and once again, feel so real. The animations on characters still hold up to most multi-million dollar games sent out today and in some cases manages to surpass it in how natural it looks. As for the flaws, it definitley has some, mostly from the combat. Although taking out enemies is satisfying it's far from the best shooting mechanics there is, with little gun variation. Although they do serve their purpose well enough it isn't an issue of it being bad, but more of it being medicore, which can be upsetting when so much else is done so well. And a few segments that during the first run are interesting and important to the plot will drag on upon future playthrough because these are not cutscenes, so you have to sit through these sections or take the time to break up gameplay by loading a future chapter. Ultimately though these are are minor complaints, I would still call this game a masterpiece as it is just such a well made, polished game that has so much to offer it's players. You never feel like an area was rushed, or any small section recieved less overview than another. From start to finish it is a great experience and one that any fan of shooters NEEDS to play through, at least once.",True,1,0,0.5217391,0,False,english,1514541960,1514668756
76561198042811982,621060,0,19,6202,0,1844,1664484089,"Spettacolare!!! Tantissime Marchi, componenti e personalizzazioni!!! Divertente e mai noioso!!! Penso che continuerò a divertirmici ancora per molto!!!! Davvero bellissimo!!!!  Devo dire però che manca qualche cosina, soprattutto al livello di Chassis, Psu, Gpu, e tutta la linea Rtx 3000 WB o le Gpu hybrid. Si dovrebbe anche permettere di ruotare i radiatori in base alla posizione che si preferisce, e si potrebbe aggiugnere anche la poissibilità di muovere i tubi dei kit Aio che spesso vanno ad intralciare le Ram e ne impediscono il montaggio nei corretti slot della mobo (si... sono fissato anche con queste cose). Cmq consigliatissimo..... è un capolavoro!!!!",True,0,0,0.0,0,False,italian,1616154354,1649190112
76561198846555427,617810,44,2,0,0,0,0,gioco carino,True,0,0,0.0,0,False,italian,1546168375,1546168375
76561199048475710,4000,19,1,10541,0,1438,1685487387,"best game ever, i ran out of funds ragdolls are cool dupes",True,1,0,0.5014529,0,False,english,1636230364,1636230364
76561198111377353,4000,0,4,234166,158,183561,1698789554,"Very good game, I've had this for years and it is so good - the sandbox part of it, everything just molds together to make a beautiful thing, but the only bad thing for me personally is multiplayer servers, just no.",True,0,0,0.0,0,False,english,1639340887,1639340887
76561198209834992,359550,258,23,33688,0,28723,1687443418,"o jogo é daora e tal, o ultimo patch trouxe um balanceamento mais bacana, tem uns bugs aqui e ali, padrao ubisoft, o problema mesmo é a comunidade, meu nick na steam revela q sou jogador de lol, e com propriedade eu digo, r6 é mais toxico ainda, ignorando isso, é um jogo bacana, pega numa promo q é sucesso",True,0,0,0.0,0,False,brazilian,1662483815,1662483815
76561198069999047,381210,148,1,26899,0,3393,1672551067,Not good,True,0,0,0.49751243,0,False,english,1613034406,1634281802
76561198328716062,1118200,101,6,59321,70,10520,1698710044,good i have cock suck 32,True,0,1,0.0,0,False,english,1604799318,1674525057
76561198233494208,365590,108,6,13526,0,6968,1538321201,游戏蛮好玩的，就是没有那么多时间去打装备。买来玩玩还是可以。,True,0,0,0.0,0,False,schinese,1487445809,1487445809
76561198254451313,1577120,255,55,49,0,42,1658358340,"O jogo disponibiliza dizendo estar gratuito, mas é apenas uma DEMO. Fica no seu perfil, na sua biblioteca, como se fosse o jogo completo. Acredito que seja pra chamar atenção, fazer as pessoas jogarem o prólogo, a fim de comparem a versão completa. O click bait funciona, pois o jogo é interessante. De verdade, 350 mia pika. Absurdo de preço.",False,159,33,0.8352019,9,False,brazilian,1658325276,1658325276
76561198094447301,221100,34,1,51053,0,47673,1529938686,E' un gioco strano: O piace o non piace non ci sono vie di mezzo,True,6,0,0.513834,0,True,italian,1436452541,1436452541
76561198041807339,1660280,0,10,977,0,950,1688301465,"I was pleasantly surprised with this game. It is fun, has lots of achievements and the story is very decent.. Before I knew it I was hooked and could not stop until the end.  I hope they release a sequel",True,0,0,0.0,0,False,english,1688266569,1688266569
76561198433878279,1426210,0,4,3190,0,640,1643088777,很好的游戏,True,0,0,0.0,0,False,schinese,1625922430,1625922430
76561197998251087,287700,0,2,24860,0,24699,1516204069,"Have you ever wanted to escape reality to live as another person? Well, let's take it a step further and live the life of a man living the life of another man. A wanna be Ethan Hunt, a washed up medic, tries to make his daddy proud by pretending to be him. Tactical helicopter action awaits you.",True,0,0,0.0,0,False,english,1480382277,1480382277
76561198103897081,578080,12,2,58258,54,3084,1697963261,the best survivor game i've ever played,True,0,0,0.0,0,False,english,1572509720,1572509720
76561198445450533,755800,0,2,50666,0,16274,1631131726,Very flexible allowing for infinite personal strategy.,True,0,0,0.0,0,False,english,1610748368,1610748368
76561198883432632,227300,203,20,951,0,900,1652636778,es god.,True,0,0,0.0,0,False,spanish,1641239769,1641239769
76561198143093809,550,35,25,915,0,464,1686809309,求優化隊友AI ,True,0,0,0.0,0,False,schinese,1631810685,1666543887
76561198971515093,270370,4,1,519,0,330,1635024793,заебись четка ,True,0,0,0.0,0,False,russian,1589539056,1589539056
76561198281526162,4000,168,7,8222,0,3388,1602472189,"So this is a game in which you will spend countless items doing literally nothing and everything at once. You will feel like you have accomplished nothing after your session, but it is expected from a sandbox like this one. Or you might be mad once you get banned by some 12 year old admin on a DarkRP server. That is not nice.",True,1,0,0.52380955,0,False,english,1525482784,1525482784
76561198147781954,1515950,0,6,10,0,10,1621913313,Don't waste your time don't buy it,False,5,1,0.50091296,0,False,english,1621913419,1621913419
76561198350204726,257420,0,6,440,0,352,1642211434,Excelente juego!,True,0,0,0.0,1,False,spanish,1641955048,1641955048
76561199068744009,945360,28,3,3982,0,3608,1658534338,funny games no hands walk good.,True,2,0,0.5435685,0,False,english,1608257676,1608257676
76561199129253656,673260,0,1,17522,0,110,1697276362,Good game,True,0,0,0.0,0,False,thai,1661700879,1661700879
76561199232703888,227300,24,5,3194,6,808,1697608462,"best game worth the money and really fun when multiplayer, just wait till the summer sale or something like that when its cheap and its worth",True,0,0,0.0,0,False,english,1667194626,1667194626
76561198841439476,440900,3,2,64145,0,3087,1558941303,"Игра очень понравилась. 9 из 10. единственно, что ей не хватает, хорошей и понятной сюжетной линии в игре и можно было бы добавить квестов от дружелюбно настроенных персонажей. Удачи в развитии.",True,0,0,0.0,0,False,russian,1531742948,1531742948
76561198453340258,578080,409,19,15979,0,14753,1587515831,"I like this game but the company cares more about adding loot crates to get people spending more money (after they already paid for the game) than actually fixing things. I have a very good PC setup and can run this game at 144 FPS capped with a mix of Ultra and Low settings, but it crashes quite often since the last patch, there are issues with ping when Asian players are in the NA servers, and it has a ton of glitches that they fail to fix such as how buggy the parachutes are. Also, since the last patch I have once teleported from one side of the map to another. It was on the map Myanmar and I teleported from close to Impala all the way to Prison after I landed. Overall I'd give this game a 6.5/10, potential to be a really good game and I still enjoy it but they need to clean up their act and fix the issues the community is talking about.  Edit: I've since stopped playing the game due to ongoing bugs and terrible optimization almost completely ruining the game and experience.",False,0,0,0.5106289,0,False,english,1521451965,1532851470
76561198828621629,242760,0,14,2179,0,248,1677175440,Cant wait fo SOTF...,True,0,0,0.0,0,False,english,1611832612,1611832612
76561199000016093,17390,28,11,1199,0,198,1671397324,poggers,True,0,0,0.0,0,False,english,1643266427,1643266427
76561198188541871,275560,0,14,0,0,0,0,Классная игра.  Я очень рад что она вышла!!!,True,0,0,0.0,0,False,russian,1587071103,1587071103
76561198054773615,2161440,141,119,24215,0,161,1696927486,대항해시대의 정신적 후속작이다 이건.  하지만 너무 양이 방대해져 뉴비는 안할 것 같다...  그러나 난 미친듯이 할 거다.,True,32,5,0.76114786,6,False,koreana,1673539456,1673539456
76561198156360675,8930,72,4,59266,0,26052,1690975251,Echt een geweldig spel meer dan 1000 uur erin zitten (niet alle uren op steam),True,0,0,0.0,0,False,dutch,1521226777,1521226777
76561198235056512,601150,224,11,605,0,404,1596727653,爽！,True,0,0,0.0,0,False,schinese,1596553717,1596553717
76561199168889752,677620,0,19,219,0,185,1654045718,  ,True,0,0,0.0,0,False,spanish,1644687643,1644687643
76561198803969032,690790,0,21,3312,0,3264,1667671947,"Es bastante mejor juego que muchos actuales, 9/10",True,0,0,0.0,0,False,spanish,1661886347,1661886347
76561198254876126,292030,0,7,4878,0,2968,1688280530,"I mean, the best single player game I have ever played. And I came to it about a year ago, so it holds up!",True,0,0,0.0,0,False,english,1653259943,1653259943
76561199074276284,466240,0,15,1230,0,1051,1645883988,у,True,0,0,0.0,0,False,russian,1605625775,1605625775
76561198373672925,813820,152,55,116,0,116,1534001180,Дайте мне аптечку я рвал женскую уздечку,False,0,0,0.45643157,0,True,russian,1528913487,1533403194
76561198972894269,730,0,1,7048,0,3790,1588014476,Good game,True,0,0,0.0,0,False,hungarian,1568632322,1568632322
76561198148175423,252490,12,3,21601,0,21601,1611853355,лучшая игра,True,0,0,0.0,0,False,russian,1637951580,1637951580
76561198811338238,1772820,30,6,510,14,223,1698446008,Ein sehr unterhaltsames angenehm zu spielendes Spiel! Sehr gut Gemacht Barji! LG Dein Dieter,True,0,0,0.0,0,False,german,1647552967,1647552967
76561197976733347,412020,0,15,2673,0,1630,1672900188,"Just completed. I thought it was a good game. I pre-purchased so didn't have to worry about Epic. The story was quite intense for each mission. Very interesting take on the events that transpired. Was disappointed by last mission though. I won't say why as i don't want to spoil it for others. If there was another choice, I would rate it neutral.",True,1,0,0.0,0,False,english,1550514523,1550514523
76561198172598169,769560,118,78,202,0,202,1630276115,Has water,True,0,0,0.45112783,0,False,english,1630315260,1630315260
76561198138000699,1938090,155,23,264,0,208,1674661686,rte kalp ben,True,0,0,0.0,0,False,english,1669484144,1669484144
76561198295427672,945360,788,9,557,0,557,1630427689,nice game,True,0,0,0.0,0,False,english,1607714534,1607714534
76561198971030861,1118310,51,1,1480,0,350,1690583370,It's RetroArch... on Steam. It's convenient. Really all about it there.,True,0,0,0.0,0,False,english,1656708773,1656708773
76561198397830168,738530,0,8,576,0,352,1662509675,"ya que el juego se trata de construir tu gundam, pues esta bien pero el combate se me complica xD",True,0,0,0.0,0,False,spanish,1633137307,1633137307
76561198015302853,348510,70,21,669,0,473,1519675917,booooooriing,False,0,0,0.0,0,False,norwegian,1480720717,1480720717
76561198405710745,105600,97,2,20952,0,144,1696116517,ta re piola B),True,0,0,0.0,0,False,spanish,1613361800,1613361800
76561198265995758,218620,0,1,27020,0,13771,1648687713,10 клокеров из 10,True,0,0,0.0,0,False,russian,1479979788,1479979788
76561197982469473,305620,0,1,15022,0,2197,1689975146,Nice and cozy game! Would be great with multiplayer IMO.,True,2,0,0.54545456,0,True,english,1413644959,1413644959
76561199077199690,322330,0,11,11244,0,5821,1697534937,克雷！我的超人！,True,0,0,0.0,0,False,schinese,1653660600,1653660600
76561198300397034,730,6,1,38788,0,36325,1604006423,"Jogo nem é foda, que isso...",True,0,0,0.0,0,False,brazilian,1523580657,1527456805
76561197989320587,250320,0,10,532,0,532,1641073598,good,True,0,0,0.0,0,False,english,1641073710,1641073710
76561198116045968,489830,260,17,24507,0,24507,1676843234,"No, I will NOT return your copy of The Elder Scrolls V: Skyrim that I'm borrowing. I have an on-going playthrough with over 5500 installed mods. I've launched this game every night for the past 8 weeks. I'm fucking bad bitches. Light skin elves, dark skin elves, cats, dragons and even Khajiit. I named my character The Hole Explorer and I'm shouting bitches to death bareback on the reg, because it's what my character would do. Nothing will stop me until I've stuck my gourd into EVERY hole in Tamriel.",False,1,4,0.49369672,0,False,english,1687790994,1687790994
76561198359396676,1158310,0,3,1215,0,816,1631115222,第一次玩游戏 被绿了,True,0,0,0.0,0,False,schinese,1606682778,1606744237
76561198123326275,1268750,0,17,5186,153,1314,1698524930,I'm doing my part!,True,2,0,0.5042493,0,True,english,1685669390,1685669390
76561198047608370,2223660,344,15,0,0,0,0,"I like it a lot.  Rework of the dominant nations makes them a lot more engaging to play. The new mechanics are interesting and freshen things up.  Probably a couple of hundred hours going through all the trees, worth it for me. ",True,2,0,0.53360766,0,False,english,1681865929,1681865929
76561198088300789,4000,0,1,43931,0,39611,1497470835,Dis is an intresting game,True,0,0,0.0,0,False,english,1403302479,1403302479
76561198034423619,108600,0,5,12175,273,8474,1697984093,"this game has what every AAA zombie game wants. endless replayability, complex but intuitive systems, and emergent gameplay. the only drawbacks are questionable performance at higher pops, clunky UI, and a dev team that moves at the speed of snail. but even with those considerations, zomboid is still a great game.",True,1,0,0.52380955,0,True,english,1684001444,1684001444
76561198076884267,1105670,82,3,7747,0,1897,1678481786,+1,True,0,0,0.0,0,True,romanian,1647812000,1647812000
76561197990727145,678950,0,1,82631,0,65816,1664263815,top !,True,0,0,0.0,0,False,french,1574064632,1574064632
76561198822370224,379720,94,3,942,0,770,1596543258,我才是恶魔！,True,0,0,0.0,0,False,schinese,1591425650,1591425650
76561198152846571,730,28,4,68197,0,49756,1696604804,игра для аутистов болных раком с тимейтами с диагнозами похуже,False,1,0,0.0,0,False,russian,1517740942,1517740942
76561198005534887,466560,0,23,6555,0,4026,1675749524,เพลินๆ8/10,True,0,0,0.0,0,False,thai,1671168791,1671168791
76561199066552331,1817070,0,4,1876,0,573,1685562954,"good remastered, classic great game",True,0,0,0.0,0,False,english,1673979266,1673979266
76561198088386748,3590,0,12,552,0,552,1601663309,"Its like the sequels and spinoffs, but good",True,0,0,0.0,0,False,english,1607556246,1607556246
76561198163042581,1172470,0,2,8648,0,5325,1641758917,é massa,True,0,0,0.0,0,False,brazilian,1609190847,1609190847
76561198808206305,1259840,0,2,963,0,538,1682222409,Muito bom pra quem gosta de puzzle terminei com um pouco mais de 8hr de jogo!,True,1,0,0.0,0,False,brazilian,1639092930,1639092930
76561198350632738,1159640,164,9,291,0,224,1613245645,"[b]Parem de adicionar conquistas nesse jogo, não aguento mais matar o hitler pelada[/b]",True,3,2,0.5567495,2,False,brazilian,1591870482,1591870482
76561198397038303,466240,0,23,125,0,125,1585581283,지인들이랑 하며 나는 정치질에 소질이 있다는 걸 알 수 있게 해준 게임,True,0,0,0.0,0,False,koreana,1642264408,1642264408
76561198089336876,440,0,11,229176,19,16082,1697958288,A good and awesome game i ever play,True,0,0,0.0,0,False,english,1402453187,1402453187
76561199100573835,548430,73,2,44350,0,28112,1695915225,mashroom～,True,0,0,0.0,0,False,schinese,1677331898,1677331898
76561198042152631,1338770,179,6,1279,0,1273,1641027022,"zeer mooi spel, veel aktie",True,0,0,0.0,0,False,dutch,1639164012,1639164012
76561198103082560,254700,186,17,5964,0,204,1607545415,Me llamo Ramon Salazar.,True,0,0,0.0,0,False,spanish,1451445755,1451445755
76561198153332981,250320,53,13,656,0,656,1584670637,it's fun,True,0,0,0.0,0,False,english,1584671126,1584671126
76561199112652863,408900,56,6,1074,0,479,1681824721,looks like an among us copy. is actually so fucking good and had loads of laughs. if you have enough friends i would recommend.,True,0,0,0.0,0,False,english,1632796123,1632796123
76561198951857958,1625450,0,28,1620,0,58,1688315103,TIP: when you get ur first metals DONT CRAFT steel sword gold sword craft picks for a weapon untill you get a mirthril sword (but still craft picks ur gonna need it  use it as a weapon until untill mirthril sword,True,0,0,0.0,0,False,english,1623096844,1638583565
76561199196337916,400750,0,1,3329,0,2004,1672405677,tolles spiel,True,0,0,0.0,0,False,german,1636131731,1636131731
76561198064126738,227300,78,2,11211,0,6310,1683480229,Melhor simulador n so de caminhao mas de direcao tbm,True,1,0,0.52380955,0,False,brazilian,1608346777,1608346777
76561198115484149,433850,11,5,1602,0,305,1520596438,游戏68 vpn多少钱？,False,1,0,0.52380955,0,True,schinese,1487365035,1487365035
76561199157853423,227860,30,6,226,0,188,1649357027,ta piola y mas si le sabes al ingles tan chidos los minions quieren su platano y yo como grut se lo doy XDXD,True,1,0,0.52380955,0,False,spanish,1648271141,1648271141
76561197984423091,363970,57,7,174635,0,8151,1675346123,Top IDLE spiel für zwischendurch. gibt eigentlich immer was zu tun.,True,0,0,0.0,1,False,german,1487195620,1487195620
76561197998722347,1092790,0,4,3678,0,3044,1693027399,Praise Leshy,True,0,0,0.0,0,False,english,1646009814,1646009814
76561199096735942,973580,0,1,1277,12,781,1698930793,最近一直卡BUG，键盘不受控制，不知道为什么。,False,3,0,0.5652174,0,False,schinese,1658291689,1658291689
76561198323908184,578080,0,1,27235,0,5730,1569051823,无法启动游戏，点击启动游戏，显示运行中过几秒运行中这几个字就没了，昨天还能玩今天就不行了,True,0,0,0.0,1,True,schinese,1503042044,1503042044
76561198360878870,945360,0,7,17281,0,284,1695820427,good game ,True,0,0,0.0,0,False,english,1600604701,1600604701
76561198082757698,635260,74,2,2848,0,1177,1653734730,lost all my progress after updated ...,False,0,0,0.0,0,False,english,1611943772,1611943772
76561198175414510,4000,0,1,3302,0,3233,1610844482,its cool,True,0,0,0.0,0,False,english,1610840291,1610840291
76561198065203206,241930,467,81,2238,0,2238,1511031589,"12/12 (3p max/szempont) Grafika:3 pont Hangok:3 pont Történet:3 pont (nem kiemelkedő, de szerintem jó) Játékélmény:3 pont  3€ volt az ára, teljesen megérte.  Régen találtam ilyen játékot, ami egy fős játék, és kellő ideig le tud kötni. Nálam nagyon betalált ez a játék. A történet szerintem elég jó, a 2 DLC pedig szintén nagyon remek lett, ez a rész tehát hibátlan. Nekem a grafikával sem volt bajom, szép a játék, jók a részletek. A hangokkal szintúgy nem volt probléma! A harcrendszert meg kell szokni, de szerintem utána azzal sincs probléma! Egyszerűen ez egy nagyon jó játék. ",True,0,0,0.0,0,False,hungarian,1511368497,1511368497
76561199099103044,420,124,5,387,0,387,1623417818,"Захватывающие приключения бибы и бобы как бы продолжаются, но как бы закончились.",True,0,0,0.0,0,False,russian,1641875228,1641875228
76561198111414399,431960,194,9,74703,1,25560,1697681187,Best game ever!!!,True,0,0,0.0,0,False,english,1650939005,1650939005
76561198810711299,578080,27,10,21780,3195,2525,1698845988,g有点多，并且不太建议新手入坑 ,False,0,0,0.0,0,False,schinese,1628832777,1628832777
76561198076427786,379430,0,14,7303,0,7303,1678293695,"Worst open world game I ever played. Basically, it's Skyrim clone without magic.  Pros: + Original setting (at least, for me)  Cons: - Lot of bugs - Combat system (specifically, auto-lock on one enemy) - Short and linear story - Annoying save system, requires ingame consumable. - Missable achievements, requiring new playthrough - Hardcore mode - personal dislike, can't skip because of achievements. - DLC achievements",False,1,0,0.4366679,0,False,english,1678295008,1678295008
76561198356026522,955050,294,21,96,0,96,1561954437,UE4NB，飞燕群岛NB。,True,0,0,0.0,0,True,schinese,1547285417,1562831624
76561198059408745,557340,0,14,764,0,437,1591685249,"loving it baby, how this game hasn't been made before i don't know!",True,0,0,0.48387098,0,False,english,1562198450,1562198450
76561198116368482,440,0,3,40511,0,25130,1685310072,"I logged 100s of hours back in the good old days, but this game has really gone downhill, now its super boring and the only people that still play are super toxic. I dont reccomend!",False,0,0,0.45454547,0,False,english,1515224518,1515224518
76561198996495590,730,4,3,11169,0,2810,1581632137,топ ,True,0,0,0.0,0,False,russian,1574494763,1574494763
76561198051864954,883710,285,5,2789,0,2196,1576372505,where's infected brad tho,True,0,0,0.0,0,False,english,1556579395,1556579395
76561199088892928,220200,0,2,6505,0,2214,1680563420,good game,True,0,0,0.0,0,False,english,1619468722,1619468722
76561198336177883,1626600,60,7,75,0,38,1624506164,作为小游戏可以,True,0,0,0.0,0,False,schinese,1622537269,1622537269
76561199074736867,1238840,0,2,18545,617,288,1698328834,好,True,1,0,0.5,0,False,schinese,1647943514,1649141824
76561198091875500,399730,108,7,0,0,0,0,"For the people that have played Super acrobatic rocket powered battle cars This is a must have, They should bring back more cars like the Marauder!",True,0,0,0.0,0,False,english,1454956292,1454956292
76561199020549478,444200,0,1,11268,0,7978,1616925520,все очень понравилось.Димка Ладынский оценил ,True,1,0,0.52380955,0,False,russian,1583657991,1583657991
76561198882504194,552990,0,3,209523,2322,114359,1698238705,很好玩,True,0,0,0.0,0,False,schinese,1627124047,1627124047
76561198372303204,730,13,2,20500,0,2987,1697360531,我起了  一枪秒了 有什么好说的 ,True,0,0,0.0,0,False,schinese,1586414212,1586414212
76561198403017062,526870,78,11,5231,0,2556,1640530664,Е Б А Т Ь,True,0,0,0.0,0,True,russian,1628300980,1628301512
76561198254580551,4000,85,13,4803,0,4188,1629817215,yh coz good,True,0,0,0.0,0,False,english,1585855518,1585855518
76561198132964656,313120,0,4,799,0,697,1589918924,great game,True,0,0,0.0,0,True,english,1587965879,1587965879
76561198227862180,813780,0,6,4137,0,2248,1654089724,砸渣,True,0,0,0.0,0,False,tchinese,1650685411,1650685411
76561198093322498,635260,0,4,8766,0,5725,1619801622,не смотря на кучу донатных карт...игра отличная)),True,0,0,0.52380955,0,False,russian,1573237926,1576325011
76561198189009455,730,0,1,19533,0,12138,1455963977,"CS : GO | Все о CS | Магазин Скинов Магазин скинов CS:GO. Огромный выбор товаров  и многое Другое. Множество паков и акций. Различные мемы и новости, которые развеселят вас! Только у нас действуют СКИДКИ КАЖДЫЙ МЕСЯЦ. http://vk.com/csskinshop, ЗАХОДИТЕ, ПОКУПАЙТЕ И ВЫИГРЫВАЙТЕ!!!!! ",True,0,0,0.0,0,False,russian,1447005792,1447005792
76561198208589152,261510,832,78,202,0,103,1536339024,"Este juego tiene mejor actuación que la Rosa de Guadalupe.  Tenemos a Tex Murphy un detective que despierta después de algunos años con un golpe en la cabeza y una marca en su brazo como si hubiera sido inyectado y ser la razón de dejarlo en ese estado, por lo que no sabe qué fue lo que pasó y no recuerda nada en los últimos 7 años. Te encontrarás en su localidad tratando de resolver lo sucedidó en todo ese tiempo y quien o quienes fueron las personas responsables de ello.  Buen juego en donde interactúas con personas reales y que eres el responsable de sus decisiones.  En lo personal nunca había jugado este tipo de juego, por lo que debo decir que vale mucho la pena adquirirlo si nunca has experimentado jugar este estilo de juegos.",True,0,0,0.0,0,False,spanish,1512572228,1512572747
76561198374486955,242760,91,4,678,0,617,1674967287,If you have the urge to kill and eat humans this is the game for you.,True,0,0,0.0,0,False,english,1673328630,1673328630
76561199468203489,550,0,1,4976,31,938,1698243656,玩不腻啊哥们,True,0,0,0.0,0,False,schinese,1686576664,1686576664
76561198051365701,1593500,0,39,2672,0,2560,1680868281,라그나로크 플리즈,True,0,0,0.0,0,False,koreana,1643030081,1643030081
76561198091212723,1245620,351,72,12954,722,5700,1698115619,"I was sleep deprived with the Wiki ready at hand most of the time. I have no clue how I have 90+ hours in this game. Every time I thought I was close with beating this game, it added 2-3 new locations. I was shocked when the final boss was the actual final boss. I killed Malenia in 5 tries tho  10/10",True,2,0,0.5389682,0,False,english,1649342774,1649343022
76561198320619992,730,0,1,1633,0,1377,1697667227,Buen juego competitivo :D ,True,0,0,0.0,0,False,spanish,1645039447,1645039447
76561198824355278,730,38,6,2734,0,463,1696073608,nice shooter ,True,0,0,0.0,0,False,german,1578244108,1578244108
76561198426393881,1177130,413,191,198,0,198,1609182191,"It's pretty chill and relaxing, and maintains a similar difficulty throughout the game while introducing a few mechanics.",True,1,0,0.5180723,0,False,english,1609182277,1609182277
76561199213120677,1938090,0,1,1328,30,846,1698519587,nao ,True,0,0,0.0,0,False,brazilian,1689887367,1689887367
76561197962815399,230410,0,8,55092,0,41656,1644190668,Huge depth to the game in terms of weapon and ability types. Tons of fun blasting and always something new to pursue.,True,0,0,0.0,0,False,english,1582069884,1582069884
76561198051196862,1326470,303,11,1806,0,301,1689721862,"FANTASTIC! One of the best sequel games I have played in a long time! Of course there is a few bugs as there are in any early access game, but 100% worth the money",True,1,0,0.52380955,0,True,english,1677209614,1677209614
76561199167361746,1418630,3,1,7198,0,561,1688993422,去,True,1,0,0.0,0,True,schinese,1642752183,1642752183
76561198204599084,57300,313,66,181,0,171,1581954958,Very Nice :D,True,0,0,0.0,0,False,german,1579808804,1579808804
76561198063609676,21980,320,197,343,0,184,1669540120,This game is the best game EVER! I have wet dreams about this game....,True,2,0,0.5375375,0,False,english,1634982518,1634982518
76561198148485933,1283190,0,22,337,0,208,1678778249,Remastered,True,0,0,0.0,0,False,thai,1603516537,1603516537
76561198231449708,782330,0,20,3014,0,2388,1624160898,battlemode demons op,True,0,0,0.0,0,False,english,1593106576,1593106576
76561199221688105,239030,54,43,40,0,40,1675671049,güzel de sıkıyo,True,0,0,0.0,0,False,turkish,1677854468,1677854468
76561198101968763,1145360,0,6,2641,0,1344,1642626757,pure dopamine,True,0,0,0.0,0,False,english,1642146933,1642146933
76561198441882509,1330470,45,4,1182,0,1015,1649336223,优秀的画面、设定以及剧情，诡异的连招手感，尤其是铁拳，建议学习暴雪铁拳。;),True,0,0,0.0,0,False,schinese,1634542041,1634542041
76561198796314965,610180,0,119,364,0,363,1659790659,epic,True,0,0,0.0,0,False,english,1654596916,1654596916
76561198434969990,1203220,24,1,198,0,165,1655810225,垃圾客服,False,0,0,0.0,0,False,schinese,1639795971,1639795971
76561198028154319,220240,0,47,2357,0,2163,1389881920,"solid shooter, great graphics, unique hallucinations scenes",True,0,0,0.47619048,0,False,english,1389907725,1389907725
76561199422480445,1172470,0,1,8450,0,3540,1695918581,good,True,0,0,0.0,0,False,schinese,1681374256,1681374256
76561198069634424,10,18,1,560313,6428,119929,1698348666,➡ Official IP of server: 31.28.170.104:27026 🔰 Лучшие остаются с нами! ✌😱,True,2,0,0.5268817,0,False,russian,1530494904,1530494904
76561198351433609,588430,0,14,5518,0,2895,1674708059,"Fun, I wish there was an auto harvest after the resources were done with production. Having to monitor it after my dwellers are armed and loaded for bear is tedious, but other than that, it captures the essence of vault life well. Great ant-farm.",True,1,0,0.50980395,0,False,english,1671643999,1671643999
76561198143327406,502370,1020,45,4310,0,815,1598103717,如果按照棋子规则来衡量这款游戏，那么这款游戏无疑还是有些遗憾的。  先说缺点： 1. 无法定制小队人数。 2. 无法定制小队武器。 3. 只能从三个相对固定的军表中选择队伍，无法自建军表。 4. 很多战棋中的核心技能缺失，如太空野狼的招牌技能反击和近战速攻部队，如空爪小队神TM没有愤怒之锤技能。 5. 最不能忍的是激光加农炮的动画效果，怎么也应该是一条粗♂壮的激光啊，你打出两发光弹是几个意思？搞得霸气全无有木有！ 6. 没有各种部队位的限制，这就导致你只要有分就能带一大堆的精英位跟领导位单位，普通部队几乎沦为鸡肋。[spoiler]（不过这条在某种意义上也是个优点。。。你可以感受下使用终结者、骑士泰坦、老狼罗根和两辆猎食者坦克组成的连队碾压把一大堆分浪费在了大量ork boyz的弱智电脑的快感）[/spoiler] 。。。  优点： 1. 游戏性很不错 2. 重玩度高 3. 单位射击时的感觉还不错，说实话比他们宣传视频中的强很多。 4. 棋子感模拟的不错。 5. 自定义游戏能让你[strike]便宜[/strike]轻松的体验到启示录级别的战场。 6. 战术感虽说不是最好的，但还中规中矩，总之你如果一味硬肛十有八九是个死。  总体来说这是一款面向战锤40K粉丝的，期望在PC上一定程度的复现棋子感觉的游戏。尽管能挑出如此多的缺点，但是这款游戏仍然是目前为止最好的战锤40K背景的策略类游戏。  为了帝皇,True,10,2,0.6316857,0,False,schinese,1502697453,1502697453
76561199082965610,381210,0,1,70571,889,61209,1698630479,别玩,False,3,0,0.52457696,0,False,schinese,1680039248,1680039248
76561198028794153,228360,1068,60,231,0,231,1604205452,"Pretty good for the original time of release. Come for the history, stay for the wacky sci-fi western biker atmosphere.",True,1,0,0.52380955,0,False,english,1512989673,1512989673
76561199059250030,24010,0,3,7121,0,182,1659445788,I like but the controls are sometimes a bit hard it has very good interior detail in the trains aswell,True,0,0,0.0,0,False,english,1594975712,1594975712
76561198015573831,10190,0,3,256068,0,256058,1649825493,"I came back to this game after about 1 year, the last 10 times trying to play this game, it has been severely Hacked by people with no morals, I believe I paid about $60 for this game. And now I will uninstall it, because it is unplayable. Therefore I do not recommend this game to anyone. ",False,0,0,0.0,0,False,english,1642212045,1642212045
76561198282222040,1369630,59,3,2016,0,363,1624932651,音乐和美术风格强无敌，世界观设定也非常合我胃口，柔弱主角和一众守护灵的设定更是直戳我G点。虽然看其他评论说操作手感不好，但可能是因为我是第一次玩这类游戏的缘故，并没有感觉到不舒服。整体流程体验非常棒！  唯一比较遗憾的是战斗难度有点的低，技能的选择使用上也比较万金油，光靠初始的骑士平A就能打过所有敌人，技能只是锦上添花而已，如果技能的针对性更强一点就好了。  另外虽然是抢先体验，但那些去不到的地方能不能删了，收集强迫症有点难受。,True,0,0,0.0,3,True,schinese,1611582861,1611582861
76561198053053340,1549970,189,1,14853,0,1870,1693113482,Fun. Nice addition to a great franchise.,True,0,0,0.0,0,False,english,1631205235,1631205235
76561198273627747,939400,341,48,138,0,48,1649776025,给你的选项都是送命的，恋爱是观察思考的，不是按选项就完事啦，互相包容，互相了解，慢慢走下去。毕竟两个人相互依靠比一个人迁就好的多，爱其所爱，听其所述，没有完美，只有相互扶持，最后的狗粮，吃了。 2019.7.1 游戏又更新了，故事虽短 ，但也很现实，我真想点他们的共同爱好，让他们可以像童话故事里面在一起，忽然发现，原来第一个故事也算是不可多得的美满。我们总要长大，不可避免的牺牲一些对自己来说很重要的东西，我想你陪我，我也想你过的比我好，两人在一起，是羁绊，也是锁链，是放了她让她展翅飞翔，天各一方，还是她愿意为你折翼天使，同床异梦。人 难啊！！？ 2020.3.15 第三个故事，感触良多 狗粮好吃，加入催更大军,True,1,0,0.5217391,0,True,schinese,1538458098,1584250123
76561199054371134,359550,14,3,74537,268,18558,1698518650,i  hate but love this game,True,1,0,0.52380955,0,False,english,1614695692,1614695692
76561198199851131,238960,0,3,10538,0,9655,1593274211,Super gierka !,True,0,2,0.0,0,False,polish,1572706917,1572706917
76561198376372591,208650,94,27,943,0,737,1678139770,:),True,0,0,0.0,0,False,english,1645837023,1645837023
76561198847577435,1604030,97,10,757,0,757,1667312812,免费试玩和朋友玩了几天，因为我们只是玩的pve，就只谈一下pve相关。可能pvp就是完全不一样的体验。 1，目标涣散，驱动力弱。与同类生存游戏进行比较。7日杀有着血月压迫，raft有着主线推进。而夜族崛起唯一让我感兴趣的就是看看下个boss给什么技能。在基地的时候我连整理箱子东西的欲望都没有，就那么乱七八糟的摆着，而我在玩7日杀，饥荒，raft都是第一线做着团队资源整理分类工作。 2，战斗方面，我蛮喜欢这个战斗方式。武器的技能是共享cd，这个让我战斗感觉不痛快。技能虽然是有一些，但是战斗的时候我只能带几个，完全不够用啊。要是可以事前设置技能对应武器，切换武器连携切换技能就快乐了。远程弩特别难用，怎么没有法杖让我放法球啊。 3，材料制作好慢，制造装备那么快，制造一些基本的木制品和石制品却花费那么久时间，偏偏用量还特别大。 4，地图好难用，只能标一个点。不能画路线，跑一会要打开地图看一下，因为这游戏不能走直线，要走悬崖桥。,False,0,0,0.0,0,True,schinese,1669201868,1669201868
76561198336592713,1850740,424,169,16,0,16,1671893809,Dogshit phasmophobia ripoff dont waste your money on this cashgrab,False,0,0,0.4427083,0,True,english,1671893857,1671893857
76561199095778224,1161770,0,1,3106,0,2004,1691483764,"It's not bad just wish there were more things to do I finished my task already now there's nothing really to do, the game could be better give us more options and variety of sub-species I would really like it if more places to explore like cities in the sky and ocean maybe even add a outer-world category",True,0,0,0.0,0,True,english,1607827276,1607827276
76561198099361256,739630,0,2,13362,0,1909,1697315496,A nice game with still a lot of potential. Somewhat unique base concept for a game,True,1,0,0.52380955,0,True,english,1601581721,1601581721
76561197995203017,1313860,0,2,8601,0,48,1631786713,"Being able to build an ultimate team by doing AI cups is just absent, lame.  EDIT - After coming back and playing alot more of the game, I'll say there feels like there is 0 sense of progression in ultimate team that the other games had, now, it feels like your against God like teams even when starting out, instead of slowly working your way up, feeling more and more stronger with each player purchase / squad change (talking about ultimate team), instead, now all it feels like as a new player is a series of stat checks, where you'll just get bullied out of every engagement because someones outrageously highly rated card can out do everything your cards can do, which is quite frankly a really annoying aspect to the gameplay, it feels like there are far too many unique card variants its hard to keep track and it makes alot of players redundant to even get, why spend 30-40k for a rare gold aguero when I can spend the exact same or even less for a player objectively better in every stat and also has a cool fancy border, its just nonsense",False,1,0,0.0,0,False,english,1606612495,1627763250
76561197967550221,1149940,371,5,846,0,578,1679732201,"Great game, great system.",True,0,0,0.0,0,True,german,1615580894,1615580894
76561198029027949,412020,0,17,4405,0,1770,1660058639,"Игру прошел на одном дыхании, очень крутая и динамичная игра.  Графон шикарен. Сюжетная линия  очень интересная, диалогов очень много.  Ставлю 10 из 10",True,0,0,0.0,0,False,russian,1606833283,1606833283
76561198045359549,575480,108,29,106,0,105,1607845749,한글패치가 없어서 힘듬 ㅠ.. 있다곤하는데 방법이어려워서 접근할수가없음... ㅠ... 이쪽분야사람들은 자기들끼리끼리 하는 사람이 많은듯 ㅠ... 컴맹도 쉽게패치할수있게 해주면 좋겠네 ㅠ...,True,12,0,0.6503246,0,False,koreana,1552370072,1552370072
76561199171782674,1172470,0,1,12528,132,2934,1698524706,balls ,True,0,0,0.0,0,False,english,1647549876,1647549876
76561199138596855,1118200,0,7,768,0,394,1690472372,i be shootin,True,0,0,0.0,0,False,english,1659449933,1659449933
76561197988917946,1777620,0,22,1823,459,1010,1698711601,"I really wanted to like this game -- but overall I just find it a bit boring -- maybe the issue is that I'm holding it to the standard of other Atlas games which I've liked a lot more (P2, P3, P4, P5, SMT III, SMT V), but I didn't have fun with it, and that's enough for me to not recommend.    First, the good: The art is appealing. The character design and voice acting is great -- I like how Ringo is an actual character instead of a silent protagonist.  The music has some high points.  There's a lot of ways to set up your team (demons, affinities and equipment can be swapped) and the sabbath system is emphasizes different tactics than the press-turn/one-more systems.    So, where did it go wrong?  In no particular order: A) The city -- there's just nothing going on.  Compare to e.g., persona 5, where you can go to the batting cages, play darts, fish, etc.  Or compare to persona 3 where you get to watch everything change as more of the lost show up.   B) The dungeons -- they are super linear, especially the soul matrix.  Just run around until you go to every possible spot and you're done.  I think the SMT games have better puzzles and the Persona games have better style.   Also, I don't like how Ringo's character model takes up ~30% of the screen when you're running around (compare again to other SMT games where the character models are much smaller and therefore it's easier to see what's going on). C) The combat -- I played on hard mode and still didn't find much of a challenge here.  Compare to SMT III remaster where you're regularly going to have some really tough fights.  The fact that you can warp out at any time to refresh hp/mp means you don't need to do resource management like in the persona games where you want to finish everything in one day.  And there's some just plain annoying things like that mothman who drains your MP when you run into him (and again, you can just warp out to refresh, so this is more of an inconvenience than a difficulty spike). D) The main story -- I don't want to add any spoilers here, but I just found it uninspired.  The individual character arcs are more interesting, but the soul matrix is so boring it's almost not worth grinding through it to get there.  E) DLC story -- I also didn't find the lost numbers story interesting.  But, if you want to fight the superboss, you're going to have to get through it.   For way less $$ you can get P3 portable or SMT III.  I'd say go for those instead.",False,26,1,0.6263984,0,False,english,1690143231,1690143231
76561198301620929,12210,228,10,4418,0,1564,1692559511,pretty sicc,True,0,0,0.0,0,False,english,1480549379,1614809679
76561198008072133,219990,373,57,16848,0,15127,1624472329,great game!,True,0,0,0.46882245,0,False,german,1509302921,1509302921
76561198882304730,1474700,0,38,283,0,25,1675457524,"Se Monopoly normal é bem divertido, cassino então é melhor ainda!",True,0,0,0.0,0,False,brazilian,1668306973,1668306973
76561198150669121,304930,0,27,505,0,471,1445183079,https://www.youtube.com/watch?v=zPmg0loNBvc  İNCELEME İZLEYEBILIRSINIZ,True,0,0,0.0,0,True,turkish,1443252603,1443252603
76561199095301124,585690,128,77,198,0,198,1688137419,Kart düşürmelik bir oyun profilim de daha çok var bu tarz oyunlar bakabilirsiniz,True,0,0,0.0,0,False,turkish,1688136454,1688136454
76561198258054015,359550,0,8,59,0,31,1617813919,its bad,False,0,0,0.0,0,False,english,1615087913,1615087913
76561198137419835,730,0,3,79457,0,1559,1684785610,Nice,True,0,0,0.0,0,False,english,1562019615,1562019615
76561198128111310,438640,108,73,2649,0,919,1526734368,oto kolejna super częśc star warsow[gwiezdnych wojen] to pierwsza gra lego z polskim dubbingiem i mi ta gra się bardzo podoba polecam,True,0,0,0.46089384,0,False,polish,1467283609,1467283609
76561197997748785,350080,0,16,592,0,592,1432233196,"Another great Wolfenstein from MachineGames, again only a single player like the The New Order. This is a prequel to The New Order and has more of the great gameplay from it. If you enjoyed The New Order, you'll enjoy The Old Blood. If you've played Return to Castle Wolfenstein 2001 then you may get dejavu in some of the later levels but in a great way.   Great game, recommend it!",True,0,1,0.49751243,0,False,english,1432233951,1432233951
76561198055013939,402570,0,4,54878,0,53898,1691310131,C'était le jeu de stratégie pvp au tour par tour auquel j'ai consacré le plus de temps ! Un Bon Jeu !!! RIP ...,True,2,0,0.5294118,0,False,french,1555519669,1555519669
76561198079656500,9219,0,2,2590,0,1712,1694860329,I would play this game every day.,True,0,0,0.0,0,False,english,1662469006,1662469006
76561199386114395,730,0,1,696,0,204,1675215407,hi ,True,0,0,0.0,0,False,brazilian,1673790556,1673790556
76561199052638395,945360,27,14,1159,0,726,1632574979,KANKER WAT EEN LEUK SPEL,True,0,0,0.0,0,False,dutch,1602789009,1602789009
76561198284458399,688470,220,3,78,0,36,1543122968,如果你是情怀党，那你得看看自己的情怀有多少了，如果你是看了宣传后来的那我的意见是不推荐！！！ 怎么说呢，满怀期待的在某宝上买了59的key、满怀期待的从六号等到七号八点，又满怀期待的打开游戏，看到加载的那一刻我慌了，再进入到菜单的时候我最担心的事情出现在我眼前，这个所谓的独立游戏连界面都没改，再进到游戏一看市场，哇这简陋的装备图标比mod还mod心里顿时感觉跟吃了一口X一样，这个独立游戏感觉不到一点诚意甚至比mod更加的简陋。,False,1,0,0.0,0,False,schinese,1512706132,1512706132
76561198018685441,916440,0,3,2787,0,715,1691979720,"I had to spend over a dozen hours figuring out why this game wouldn't save, but once I finally figured it out (permissions within the anno executable itself kept being turned off), the game is fantastic. A little repetitive for sure after awhile, but that's like all city builders. There's a huge world here to explore and always more production chains to setup and optimize. It borders on overwhelming, but the campaign creates a nice pace.",True,0,0,0.0,0,False,english,1689440507,1690077719
76561198084059021,394690,403,17,21012,90,3604,1699010985,Sad that you missed out on GMod Tower? Don't be.  This is even better.,True,8,0,0.5995213,0,True,english,1618360765,1618360837
76561198202967928,299740,0,2,52857,0,12180,1692666564,This is an awesome game.,True,0,0,0.49691358,0,True,english,1481246960,1481246960
76561198240879602,268050,0,180,55,0,55,1546648447,that guy who looks like markiplier ruined this game for me,True,0,0,0.0,0,False,english,1590713515,1590713515
76561198837145855,242760,0,20,355,0,218,1658115256,very enjoyable!,True,0,0,0.0,0,False,english,1584675693,1584675693
76561198130030060,233860,160,1,6752,0,2257,1678862471,its pretty cool,True,0,0,0.0,0,False,english,1561932715,1561932715
76561198886570458,813780,0,13,5519,0,3444,1692795948,Güzel,True,0,0,0.0,0,False,turkish,1663105026,1663105026
76561198235124136,972660,0,5,2628,0,558,1690335484,A wonderful resource management game that had me crying way too hard and I'm not ashamed to admit that.,True,0,0,0.0,0,False,english,1609094762,1609094762
76561198246652002,8850,0,21,1023,0,247,1658786775,"it is the best bioshock, but play it on console it will crash less.",True,0,0,0.0,0,False,english,1657217287,1657842955
76561198982352540,1295510,389,7,1020,0,1020,1632205112,这种经典的JRPG真的太戳我了，DQ11S YYDS！,True,0,0,0.0,0,False,schinese,1637852909,1637852909
76561199188469974,730,4,1,43621,0,13988,1693942197,yees,True,1,0,0.52380955,0,False,finnish,1642879160,1642879160
76561198066786238,1426210,0,2,743,0,743,1618088456,"Der absolute Wahnsinn, eine begeisternde Aktion nach der anderen. Sind auch sehr viele süße Anspielungen auf andere Spiele und Filme. Es gibt so viele Nebenaktionen. Die Tatsache ein Koop Spiel zu entwickeln ist klasse. Aber selten ein so hübsches Spiel, mit so viel Innovation und einer ausgefeilten Technik erlebt. Nicht einen Bug entdeckt. Und für 39€ + Option einen Spieler das frei mitspielen zu lassen... Game of the Year, incoming!",True,3,0,0.5652174,0,False,german,1618088882,1618088882
76561198189908239,1449850,0,1,1467,0,1020,1650662951,fun,True,0,0,0.0,0,False,english,1643146418,1643146418
76561198411474564,393380,0,2,34088,0,5016,1670361634,goodness :),True,0,0,0.0,0,False,english,1602101501,1602101501
76561198865548274,730,14,2,16768,0,2907,1697385104,"Je to dobrá hra , ale propracovat více ten anticheat :)",True,0,0,0.0,0,False,czech,1584115810,1584115810
76561198045170300,244850,0,1,4153,0,3469,1512945151,"Sehr Gutes spiel, Weiter empfehlen",True,0,0,0.0,0,True,german,1490547183,1490547183
76561198431871792,291550,0,1,425,0,425,1695016531,"caused my brother to go clincally insane, please send help(real) ",False,0,0,0.0,0,False,english,1657936387,1657936387
76561198141554458,1293830,404,11,9685,0,2759,1625910740,厂商对待steam版的上架，完全是圈钱的态度，没有进行任何用心的优化，上架到现在出现的游戏闪退、过场掉帧，乐高和财富岛大地图掉帧的问题至今没有解决，完全不值得购买。   鉴于游戏更新修复，更改评价，是好游戏，毕竟我win商店的终极版买了很久了，包括3也是终极版，希望5赶紧出把，要是地平线5套用微软模拟飞行2020的地图该多好呀！！！！！,True,1,1,0.5180723,0,False,schinese,1617516069,1618714903
76561199029936660,1172470,24,19,34342,218,49,1698726986,NICE,True,0,0,0.0,0,False,schinese,1674352643,1674352643
76561198287448466,238320,344,25,382,2,146,1697982088,กรี้ดดดดดดดดดดดดดดดดดดดดดดดดดดดดดดดดดดดดดดดดดดดดดดดดดดดดดดดดดดดดดดดดดดดดดดดดดดดดดดดดดดดดดดดดด,True,0,0,0.0,0,False,thai,1506251157,1506251157
76561198876928890,996580,13,1,3844,0,435,1641335902,è un gioco che ti fà fare un tuffo nel passato quando ci giocavi alla ps1. merita davvero nessun rimprovero alla activision,True,0,0,0.0,0,False,italian,1578350796,1578350796
76561199208771848,1118200,3,1,480,0,209,1693701149,El juego es muy entretenido y lo único que te puede obstaculizar es tu imaginación,True,0,0,0.0,0,False,spanish,1688428721,1688428721
76561199024776812,730,2,1,4626,0,274,1586863087,"nice, but paradise of hackers.",True,0,1,0.0,0,False,romanian,1582380236,1582380236
76561198407900717,105600,0,1,31536,0,20062,1696666528,"Лучшая песочница ВЫШЕ майна. Много гринда и фарма, но истинных любителей БОЛИ это не остановит.",True,1,0,0.52380955,0,False,russian,1641374529,1641374529
76561199060514772,227300,35,7,5444,0,499,1694118513,very good ,True,0,0,0.0,0,False,english,1607668739,1607668739
76561198043137993,381210,33,12,48423,0,20165,1695600067,deixar o killer puto de loop / ficar puto de killer por que foi loopado,True,1,0,0.52380955,0,False,brazilian,1638306820,1638306820
76561198285740058,830370,0,1,216,0,191,1635603103,great game!,True,0,0,0.0,0,False,english,1635585599,1635585599
76561198129502689,748490,0,3,6802,0,269,1564850735,"Still bad translation...Well, Indeed I do agree that translation from Japanese to Chinese would be easier than to English...However, at least I see this time they are making progress, since I could read without confusions.",True,0,0,0.41622466,0,False,english,1545755427,1545755427
76561198066598858,581320,132,13,9046,112,1207,1698076589,Much smoother than launch,True,0,0,0.47619048,0,False,english,1561116993,1574878970
76561198870129557,1328660,231,15,265,0,265,1670167717,车手感跟屎一样,False,1,0,0.4923758,0,False,schinese,1670167767,1670167767
76561198220532600,1794960,1378,292,1098,0,1098,1688115410,[code]欢迎关注我们的鉴赏家【[url=https://store.steampowered.com/curator/10566883]中国玩家鉴赏组[/url]】  加入我们的小组吧【[url=https://steamcommunity.com/groups/875486]点这里[/url]】[/code]  在今天这个3D游戏层出不穷的时代，2D平台竞速游戏似乎像是一种回归，而《索尼克起源》恰好承载了这样的期望。作为索尼克系列原点，本作将经典的《刺猬索尼克》、《索尼克CD》、《刺猬索尼克2》以及《刺猬索尼克3与纳克鲁斯》进行了适配和改编，保留了怀旧的点阵画面，却带来了更出色的画面表现和更流畅的游戏体验。  《索尼克起源》对于怀旧玩家来说，可能是一次又一次的重温记忆之旅。经典的关卡设计、独特的敌人类型、拾取金环、奔跑过程中的快感，这一切都再次呈现在玩家的面前。制作方通过精心调整的平衡性，让每一个关卡都能够同时满足挑战性和娱乐性，并且增加了一些新的元素来增加游戏体验的多样性。同时，游戏音效和背景音乐的再现也让人不禁感叹，这是一个真正重拾童年的机会。  尽管游戏采用了怀旧的点阵画面，但通过精心的设计和优化，游戏的每一个场景都呈现出了细腻的画面细节和丰富的色彩。特别是快速奔跑时，伴随着风景不断迅速掠过的瞬间，给人一种眩目的视觉冲击力。这种对细节的注重，使得玩家在游戏中能够更好地沉浸其中，感受到快速奔跑带来的刺激感。  除了画面表现的突出之外，《索尼克起源》在游戏操作上也做出了一些改进，使得玩家可以更流畅地控制角色。通过对游戏控制的灵活调整，使得角色的移动和跳跃动作更加符合玩家的思维，减少了操作的难度。这样的改进不仅使得新手玩家更容易入门，同时也给老玩家提供了更多的挑战，可以尽情展示自己的操作技巧。  作为一款高速动作游戏，《索尼克起源》在保持原汁原味的基础上，通过增加了一些新的元素，使得游戏更加具有挑战性。新关卡的设计和敌人类型的扩展，使得玩家在每一次闯关中都能够体验到不同的乐趣，并且通过收集隐藏道具和解开谜题，还能够探索到更多隐藏的内容。这样的设计让游戏更富有趣味性和可玩性，同时也延长了游戏的寿命。  总而言之，《索尼克起源》是一款唤醒怀旧记忆的高速动作游戏。游戏不仅在画面表现和适配最新硬件平台方面做出了很大的努力，同时也保留了经典的关卡设计和游戏机制，给玩家带来了高品质的游戏体验。对于喜欢索尼克系列的玩家和喜欢2D平台竞速游戏的玩家来说，《索尼克起源》绝对值得一试。无论是怀旧还是寻找新鲜感，都能够在游戏中找到属于自己的乐趣。,True,1,0,0.52380955,0,False,schinese,1688791086,1688791096
76561197986019808,311260,888,20,1366,0,222,1677628448,"""EA für 30 Euro, """"Erwartet Bugs und unfertige Bereiche"""" genau das stimmt und genau das wird sicher bis zum richtigen Release behoben :) """,True,0,0,0.49555272,0,True,german,1506452881,1506452881
76561198125333631,1142710,120,3,3655,0,5,1685261042,真是拿预购玩家当傻子！,False,0,0,0.0,0,False,schinese,1645089803,1645089803
76561198111965613,1227890,778,108,671,0,26,1631280076,"游戏不错 DLC,DLC,DLC,DLC,DLC你快来，DLC,DLC,DLC",True,1,0,0.5116279,0,False,schinese,1606487150,1606487150
76561197973092223,1404210,619,8,1012,0,1012,1614382451,"don't buy it at steam, its worst platform for buying games today.",False,0,1,0.3569602,0,False,english,1640259193,1640259193
76561198810924605,252490,22,3,30806,0,13210,1693617276,"Spawn -> Get killed -> Spawn -> Get killed -> Spawn -> Hit a tree -> Make a spear -> Get headshotted by bow -> Spawn -> Hit nakeds with rock -> Get killed -> Spawn -> Hit tree -> Find stone node -> Make hatchet -> Kill your first player with hatchet -> All he got was a rock and torch ;_; -> Farm trees -> Make spear -> Get killed -> Take a break -> Spawn -> Hit tree -> Hit stone node -> Find hemp -> Make bow -> Get killed -> Spawn -> Hit tree -> Make building plan -> Make hammer -> Build base -> Get killed -> Don't play the game for 1 month -> Fire it up again -> Spawn -> Hit tree -> Hit stone node -> Stone hatchet and pickaxe -> Hide from that one geared guy you saw running in the distance -> Find cave -> Get lost in cave cuz ur torch is over and out -> Find your way out magically -> Make a 1x1 base -> Make sleeping bag -> Farm -> Get killed -> Spawn in base -> Get doorcamped -> Get killed -> Spawn -> *Do a ton of shit without dying* -> Raid that harbor place for the first time -> Find a revolver -> Rush your way back home -> Get killed on the way -> Rage -> *Do a ton of shit without dying* -> Ever climbed the ligthouse? -> Find waterpipe shotgun -> Bring it home -> Desperately farm scrap -> Get killed -> Desperately farm scrap again -> Build workbench level 1 -> Build research table -> Research that mother**** waterpipe -> Cheer -> Go kill nakeds as a celebration -> Die in peace ;)  This game is falling down and standing back up. You will rage a lot. But man oh man, when you get that very first blueprint of a gun, you feel like you have accomplished something finally. And at that moment you will want to explore more, get more guns, build a huge base with a friend or two. You just need to stay calm and survive.",True,3,5,0.5316159,1,False,english,1518262197,1529252888
76561199073344858,1525190,0,2,81,0,9,1670225124,The game is simple yet fun. The game itself is very new instead of the usual RPG style. Having a lot of choices to build and improve your set is challenging by itself so the game is challenging and not boring. I can see a lot of room for improvement and cant wait for expansions or new patches. 100% would recommend,True,1,0,0.0,0,False,english,1665059427,1665059427
76561198165496200,363970,200,2,185,0,185,1468007460,"Very addictive, 10/10 would get addicted again",True,1,0,0.5,0,False,english,1468007271,1468007271
76561198248349578,1170880,305,7,189,0,189,1586560611,"Wholesome-ass game. Pretty to look at. Simple, yet entertaining, and deceptively charming, in a way that reminded me of Undertale. Made for a good 2-3 hours of great fun.",True,0,0,0.0,0,False,english,1586561000,1586561000
76561198046500687,529340,238,11,4069,0,2595,1688448293,"Military/warfare system is fundamentally flawed. Generals will travel from Europe to Asia (which takes ~64 or so days), finish pushing a 'front,' then decide they are needed back home and promptly return to Europe. Once they have left their assigned front, it will take them ~64 days to return - but to reassign them to a neighbouring front, still in Asia (where the general should theoretically be, considering he has to travel home), it will take ANOTHER ~64 days, as if they were both in Europe, and in Asia.   Economy becomes a tedious micromanage in late game, and the AI is so economically incompetent it is child's play to eclipse all great powers by several magnitudes. Oil and lead become incredibly scarce late game because the major players are still agrarian peasant societies with mass unemployment, turmoil, and subsistence farmers - but very few developed factories.   Civil wars/revolts destroy a countries economy; revolting factions claim the industry of the states they rise up in (which can be 3/4ths of the nation: a bit extreme considering 80% of most countries are politically inactive and likely wouldn't hand over their livelihoods to revolutionaries), completely gutting the loyalist government's ability to defend themselves. Maybe if the revolt frequency was lower, and civil war was the result of mismanagement or internal disorder rather than a scuffed economy system, this would be an interesting event to give flavour and variety to European politics, but as it is, revolts just destroy the major powers, and with them the global supply chain.",False,3,0,0.52095807,0,False,english,1668080294,1688125775
76561198204545735,4000,75,17,4486,0,3431,1644002022,Wery good,True,0,0,0.0,0,False,turkish,1562492678,1562492678
76561198957703046,518790,0,7,10955,0,181,1676650907,relaxing,True,0,0,0.0,0,False,english,1612515091,1612515091
76561198067298664,233860,0,4,20518,0,7014,1659566733,Jogo muito bom traduzido e liberdade ampla.,True,0,0,0.0,0,False,brazilian,1542855125,1593904758
76561197985339370,460930,220,27,2561,0,2518,1593202727,Covid-19!,True,1,0,0.500813,0,False,english,1584775647,1584775647
76561198058126042,529110,200,31,49,0,49,1477929702,Wow. This game is so deep and hit home on so many levels. It is defintely worth the play.,True,0,0,0.0,0,False,english,1477929776,1477929776
76561198820497464,578080,0,2,5256,0,4983,1675422645,pedar saga mishe pole maro pas bedin ?,False,1,1,0.52380955,0,False,english,1641998679,1641998679
76561198877843158,242760,25,1,2755,0,2619,1567880305,"very very good content, and very fun but difficult at the same time.",True,2,0,0.54545456,0,False,english,1562034792,1562034792
76561198351701733,595520,0,17,9439,0,9311,1544562604,"Grandisimo, espectacular, y precioso. Sin llegar la historia ni el carisma de sus personajes al nivel de FFX, es una adaptación maravillosa del juego de ps2. Si te van los FF, in prescindible.",True,0,0,0.0,0,False,spanish,1550855349,1550855349
76561198269159681,289070,0,4,3682,0,2271,1652778347,Buggy and crashes every hour or so. What's the point in playing a strategy game if it crashes and all the progress I've made is gone forever? Glad I bought this piece of shit for 80% cheaper than it actually is. Back to Paradox I go I guess.,False,0,0,0.0,0,False,english,1638062836,1638062836
76561199073028516,313120,24,2,399,0,218,1606981063,aas,True,0,0,0.0,0,True,turkish,1603819308,1603819308
76561198962014689,749890,154,32,145,0,145,1676319635,"As much as i wanted to finish this game i just couldn't. This entry is well made but the main story is just... boring. Other entries had something going for them and this one is no exception but i cannot force myself to sit through so much dialogue amidst other things, especially weird achievements requirements (which had given me more will to replay the game in previous instalments) and interactions, like why in the hell would we even cut open dolls when there was nothing inside of them; that's literally gameplay filler.",False,0,0,0.0,0,False,english,1676322520,1676322520
76561198314552777,292030,0,1,4819,0,1526,1692522576,perfect game,True,0,0,0.0,0,False,english,1668352814,1668352814
76561198220721224,1174180,232,62,1343,0,9,1695545672,唉，因为这样那样的原因一共买了三份。第一次买的ps4上的碟，但是因为在外面读书而没有机会游玩。第二次在epic上购买，本意是买来跟同学一起玩，后来自己一个人自顾自玩了将近200h，第三次则是在steam上，这回就主要是为了情怀而买了。        其实主想谈论的还是剧本。一开始我就被人剧透了主角的结局，然而尽使是在揭开了剧情神秘面纱的情况下游玩，它的剧本依然令我为之动容，为里面每个人物浮沉的命运叹惋，“The action's we lived，and the heart follows”，亚瑟并非是个什么正派人物，实际上他不过是西部牛仔末路时代的一个亡命徒，一个“Outlaws”，但他却随着故事的进行，逐渐闪烁出人性的光辉来——从一开始他讨债将那个患有肺病的人逼死，到后来遇见那个和印第安人结婚的小伙子，印第安妻子怀着身孕走了出来，亚瑟对债务第一次说出了“damn the debt”，到后来救出肺病一家的家人，取消另一个“亚瑟”的债务......这款游戏对亚瑟的塑造就巧妙在这里 ，它并非在讲一个天生的好人的故事，它讲的是一个本性质朴的人在生命的末尾认识到人生的价值后挑选了另一种生活态度的诗篇，他最后就仿佛就像是一个侠客，又像是一个骑士，怀抱着他的信条孤独的离去，他在最后愈发耀眼起来，以致于让人的眼泪在眼眶里不住地滴溜溜打转。这也是为什么许多通关的人都对这款游戏怀着这么多的爱，因为只有触动才能换起深情。,True,2,1,0.5202409,0,False,schinese,1670645233,1670647061
76561198169561729,1048540,231,30,175,0,28,1609022908,"¿CANSADO DE LOS SHOOTERS? Este juego es una buena opción, realmente es una historia sencilla y una aventura entretenida, para los amantes de lo viejo. Es excelente este juego cuando quieres liberarte de la monotonía de los juegos genéricos.  Este juego lo jugué en mi infancia, no recordaba el nombre, hasta que lo vi en steam y no dude en comprarlo, realmente recomiendo este juego, cuando quieres pasar un buen rato. _Súper recomendado_",True,1,0,0.52380955,0,False,latam,1562732192,1574827533
76561199025680379,440,0,1,28788,130,5717,1698864509,rai,True,0,0,0.0,1,False,brazilian,1595597306,1595597306
76561197961850442,228200,0,3,3752,0,3297,1640489230,One of the best RTS!,True,0,0,0.0,0,False,english,1592341226,1592341226
76561198353817150,221100,329,98,11090,0,540,1697013033,I can blast fart noises via a radio station in the biggest city ingame. 10/10,True,1,0,0.52586204,0,False,english,1586985368,1696662593
76561198807693433,550,0,5,16770,0,15937,1687556412,Buenos momichis 50/10 god una carta al amor al cine y al ambiente apocalíptico. Lo unico que le falla son los bugs 💀,True,3,1,0.5182482,0,False,latam,1669743641,1669743899
76561199072828640,1407200,0,3,16709,0,2629,1694982766,"нром ,хороша, пойдет",True,0,0,0.0,1,False,russian,1637523606,1637523606
76561198075477980,1623660,36,1,996070,19077,802449,1698790794,toma um pouco do seu tempo mas é legal,True,0,0,0.0,0,False,brazilian,1685889838,1685889838
76561198112318240,424840,54,10,255,0,255,1625864978,"Понравилась игра, обязательно пройду вторую часть!",True,0,0,0.0,0,False,russian,1625865047,1625865047
76561198116210642,105600,17,5,55530,0,8126,1695316578,hell yes,True,0,0,0.0,0,False,english,1590496158,1590496158
76561198240449484,322170,256,31,33726,79,165,1697964192,Захотелось хардкора под крутой саунтрек?  Добро пожаловать в Geometry Dash!,True,3,0,0.4726188,0,False,russian,1502463838,1502463838
76561198122221600,223750,0,13,113,0,113,1440280587,Simulador de vuelo de combate muy realista recomendado,True,2,0,0.52380955,0,False,spanish,1439935953,1439935953
76561199263079033,1297300,0,1,247,0,84,1655166848,"Just started playing this game, and I've got to say, I have read every single story in the Cthulhu Mythos, and other related works, and this game brings them all to life in such an amazing way. I have been dying for a game like this for so long, and to actually have it and be able to witness the sheer Lovecraftian terror is amazing. I'm in love with the artwork, music, and the story. I wish the game could be free roam, and I could just walk around messing with all of the weirdness for hours. I'm not huge into fighting games, and thankfully there isn't a high level of combat, I can just immerse myself in the story and feel like I'm living in a Lovecraft novel. It's a dream come true. If you are a big Lovecraft nerd, this is seriously the game for you! It has the whole package! Edit: Just finished the game! OMG for the real Lovecraft fan, you will love the ending! There is absolutely nothing more pleasantly surprising and poetic than the ending that was given! Such an amazing game. I will keep coming back to play it, and probably will never ever stop playing it.",True,0,0,0.0,0,False,english,1649717772,1649730507
76561198854188644,1097150,159,47,1788,0,223,1682927522,垃圾服务器，一晚上两小时就玩了一把，等能稳定登录了再改评测  ———————————— 现服务器已比较稳定，改评测,True,0,1,0.0,0,False,schinese,1596810845,1597945960
76561198138774833,292730,73,17,9721,0,4007,1549729028,sure,True,1,1,0.46486777,0,False,english,1488276429,1488276429
76561198377114913,105600,83,4,2569,0,1890,1686430445,terraria - это когда ты умираешь 1001 раз за первые пять минут игры,True,0,0,0.0,0,False,russian,1638175095,1638175095
76561198018750975,32470,0,1,9834,0,8800,1686340018,Oldie but a goldie. Great mods.,True,0,0,0.0,0,False,english,1612155465,1612155465
76561198053553178,433340,229,4,1878,0,1358,1606663161,gra bardzo fajna słodka i nie nudzi bardzo fajne,True,0,0,0.0,0,False,polish,1605693844,1605693844
76561198088882844,730,55,1,37309,0,12357,1689517924,good,True,0,0,0.0,0,False,english,1466710379,1466710379
76561198217318681,560260,0,941,30,0,30,1588780748,A very good Jump & run game. I recomment this game for everyone. It´s free which is very good. the control is good. music is alright. all achievements work.,True,2,0,0.52380955,0,False,german,1588851860,1588851860
76561198863748996,730,62,3,35062,0,17998,1680701793,найс,True,0,0,0.0,0,False,russian,1573576533,1573576533
76561198119796236,739630,114,25,7016,89,475,1698719979,spooky,True,0,0,0.0,0,True,english,1603017153,1603017153
76561198216929556,269210,603,403,5198,0,1216,1622607682,Al comienzo el juego lo veia como algo feo y cutre pero lo compre en oferta y resulto ser mejor de lo que pense hay que farmear muchisimo pero es entretenido lo mejor tiene compatibilidad con mandos de xbox le doy un 7/10 bastante bueno para su modico precio,True,0,0,0.0,1,False,latam,1479751339,1479751339
76561198028274534,218620,0,10,26701,0,22076,1635773914,I'm pretty sure that I myself am responsible for the deaths of at least 13 states worth of police.   10/10,True,0,1,0.0,0,False,english,1511379876,1511379876
76561198035684265,314160,93,12,161144,0,103917,1633660386,I cannot start flight Sam it says?,True,0,0,0.0,0,False,english,1532699260,1532699260
76561198846842038,1097150,0,2,2302,0,922,1617802955,我想知道怎么举报！5641  3213！,True,0,0,0.0,0,False,schinese,1597566614,1597566614
76561198006221138,632360,0,1,2657,0,1131,1690568873,처음할때는 화가 나지만 점점 하다보니 이건 정말 더 화가납니다 하지만 그 화로인해 더 찾게됩니다 그리고 추가적으로 레이더스캐너 장비 꼭 사용하세요,True,0,0,0.0,0,False,koreana,1668599438,1668599438
76561198341943364,218620,159,2,881,0,308,1684182782,ta re piola ñeriiiii pode roba banco wacho,True,0,0,0.0,0,False,latam,1538438821,1538438821
76561198214868757,1832640,161,14,79,0,79,1643035811,没人能够拒绝绿毛眼睛项圈包臀裙黑丝高跟御姐。 什么魅魔？那是恶魔！老子抬手就是两枪,True,2,0,0.5281782,0,True,schinese,1642784376,1642784376
76561198238622326,379310,155,26,0,0,0,0,"this one for me was a lot harder to get through, emotionally. which is a good thing i think, and what was being aimed for. its harder, its shorter, and its worth it. itll tear you to shreds and leave you bawling your eyes out.",True,1,0,0.0,0,False,english,1609948848,1609948848
76561199020406992,1081510,21,13,270,0,248,1695374066,рекомендую данный интерактивчик,True,1,0,0.52380955,0,False,russian,1677251554,1677251554
76561198128793326,1811260,0,1,4712,0,4712,1668794095,...,False,0,0,0.0,0,False,spanish,1668794254,1668794254
76561199030861948,255520,222,4,31,0,22,1584756048,还不错，记得调一下色差，不然红的你眼疼,True,0,0,0.0,0,False,schinese,1584577774,1584577774
76561199013519587,348200,0,27,2121,0,225,1681552916,"A splendid writing program, I feel fancy using this digital program. ",True,0,0,0.0,0,False,english,1671964875,1671964875
76561198416155569,252490,38,9,12864,0,2232,1691806706,they really made this into a game didn’t they,True,0,0,0.0,0,False,english,1672896852,1672896852
76561199036341144,1072040,0,19,2096,0,2022,1687079834,Ben fatto. Unica pecca: la grafica relativa alle caselle delle città.. fa pena,True,0,0,0.0,0,False,italian,1647869717,1678840924
76561198038393793,72850,408,6,9519,0,3178,1514174671,"One of the best RPG games you can play. Beyond the long, yet engaging storyline, there are a ton of side-quests and fun combat mechanics. Whether you're using a sword, or a bow on a horse, there's something for everyone.  WIth all of the skills available such as lockpicking, blacksmith, and combat-related skills, there's countless hours of gameplay, even beyond the storyline.  I recommend anyone that hasn't yet played this game to give it a try. You won't regret it!",True,0,0,0.0,0,False,english,1414352532,1414352532
76561197998335387,323190,323,4,336,0,389,1642615160,One of the moost hard games to survive bud amazing.,True,0,0,0.0,0,False,english,1628356777,1628356777
76561198158890266,489830,0,2,16840,0,15320,1690934290,Mods make this game look gnarly,True,0,0,0.0,0,False,english,1607981425,1607981425
76561198043343820,218620,181,5,80,0,80,1524765143,Não possuo o jogo e está aparecendo para avalia-lo na página dele da loja?  Não entendi...  Escrever uma análise de PAYDAY 2 Descreva o que gostou e o que não gostou neste jogo e se você o recomenda a outros. Não se esqueça de ser bem-educado e seguir as regras e diretrizes.,False,1,0,0.43636364,0,False,brazilian,1605151989,1605151989
76561199015846052,812140,47,15,6105,0,685,1670800333,great,True,0,0,0.0,0,False,english,1607191208,1607191208
76561198071095194,220,0,1,608,0,279,1687571695,awesome story and gameplay,True,0,0,0.0,0,False,english,1686615429,1686615429
76561198109993677,1174180,0,1,5896,0,1928,1591620792,跨时代游戏 五星推荐！,True,0,0,0.0,0,False,schinese,1576136953,1576136953
76561199143119752,457140,0,2,22191,0,3418,1689403977,好玩,True,0,0,0.0,0,False,schinese,1626562418,1626562418
76561199262535872,252490,18,2,8529,0,6330,1697379648,"зарейдил биг клан за 10 минут, а самого в 3 часа ночи рейдили 3 часа класс",True,0,0,0.0,0,False,russian,1690545899,1690545899
76561198382976529,271590,5,1,5028,0,4379,1622974446,垃圾,False,1,0,0.5,0,False,schinese,1607007142,1607007142
76561198328545447,866800,216,152,795,0,524,1553674233,"we will miss you telltale. thank you for this wonderful series you gave us.   the walking dead telltale games have all been smash hits (a small drop with new frontier, but still very good). the final season is a good edition to this series and i am looking foreward to the conclusion. its been fun being part of the players who have experianced these games. remember your actions have consequences, some might be small but they can very easily be big. happy choice making.  edit: holy sh*t! that ending of ep1. wow, one of the most intense so far.  note: mouse sensitivity is an issue. on 0 (standard sensitivity if you run and move your mouse it'll spin like a beyblade (anyone remember those?) so i recommend turning it down. i have it on -2 but i might put it to -3. if you are just walking itsall good. this is my only real issue with the game rn.  edit: i turned it to -5. they do need to tweak the sensitivity.",True,0,0,0.0,0,False,english,1534306498,1542326972
76561198328696197,1172470,0,3,555,0,216,1653315527,es macht viel Spaß es zu spielen dafür das ich nur verliere.,True,0,0,0.0,0,False,german,1652188548,1652188548
76561198928602456,730,0,1,46029,0,45963,1589723791,говно,False,1,0,0.52380955,0,False,russian,1589719839,1589719839
76561198031356143,264710,0,9,2207,0,1085,1516578705,YES YES YES  only one problem with this game  its so good it consums you  i feel i play this game more than i live my life now and i still want more of it    AMAZING,True,1,0,0.0,0,True,english,1508248863,1508248863
76561198327142482,976730,0,31,22299,0,1062,1691481695,it's like getting drinks with an old friend that you havent seen in years,True,0,0,0.0,0,False,english,1575598707,1575598707
76561199220568823,1366540,0,2,3106,0,1367,1689112536,fantastic game totally recommend,True,0,0,0.0,0,True,english,1640623720,1640623720
76561198257386636,552520,100,2,6555,0,3578,1597983091,This game is a great game and I love playing it everytime. Whenever I get bored of the game it always has a way to bring me back to it durring the story line. The ending is quite meh do to the random thing but overall okay.,True,0,0,0.0,0,False,english,1561847739,1561847739
76561198051001838,550,89,1,5686,0,3443,1461438201,"One of the best Valve games I have ever played, but still all Valve games are pretty awesome",True,0,0,0.0,0,False,english,1343921673,1343921673
76561198028914422,2270,0,11,332,0,259,1432521583,"man, this is a confusing maze...",True,0,0,0.0,1,False,english,1388020992,1388020992
76561198844246648,440,0,8,12506,250,10861,1698797372,"Bem o jogo mesmo antigo continua muito bom, não ha nada a reclamar, o jogo não é pay to win podes jogar sem comprar nenhuma arma que não faz você ficar pior. Eu recomendo mesmo, mesmo hoje em dia estar cheio de bots para estragar as partidas mas ai os players tem bom censo e dão kick nos bots.",True,0,0,0.0,0,False,portuguese,1574624730,1676135426
76561198809054114,230410,21,2,28132,0,566,1693665865,芜湖,True,0,0,0.0,0,False,schinese,1611667471,1611667471
76561197985917518,440,278,54,36971,0,33237,1565891452,A great multiplayer game that will having you coming back for more.,True,0,0,0.0,0,False,english,1325090451,1325090451
76561198397587236,885940,0,15,1268,0,422,1541233178,第二任务bug闪退？？？？？什么鬼,False,41,4,0.69223344,0,False,schinese,1538040207,1538040207
76561198279459382,377160,160,24,27945,0,12836,1695006976,It just works,True,0,0,0.0,0,False,english,1577859473,1577859473
76561198350975820,1289310,0,1,154,0,154,1592189846,Demon girl harem.  What more could you want?,True,0,0,0.0,0,False,english,1592192078,1592192154
76561199037639151,357190,0,9,1425,0,1425,1606517584,"Este juego recibe mucho bardeo, pero me resulto divertido e intuitivo. La customizacion de tu equipo con cartas desencadena estilos de juego muy bizarros que vale la pena intentar",True,0,0,0.0,0,False,spanish,1646316015,1646316015
76561199054205365,8870,0,4,642,0,440,1596068369,"Al igual que el primer juego, estética impresionante, gameplay de primera y una historia envolvemente, sin duda alguna, otro juegazo.",True,0,0,0.0,0,False,spanish,1595976137,1595976137
76561198343478559,730,25,2,45630,361,5193,1698373528,Muito Foda Cara Melhor Jogo De Tiro Pago ,True,0,0,0.0,0,False,brazilian,1491244239,1491244239
76561198111196386,552520,21,3,2834,0,1012,1673209543,топ,True,0,0,0.0,0,False,russian,1580010318,1580010318
76561198236114558,1065100,0,9,1194,0,917,1688112853,Quite a twist for the usual CYOA games. Definitely worth it if you love your CYOA games,True,1,0,0.0,0,False,english,1561732033,1561732033
76561198817826851,1145360,0,1,223,0,197,1614708579,too boring,False,0,1,0.3854863,0,False,english,1614708473,1614708473
76561198098143734,409660,800,36,90,0,90,1582001529,"Love AVGN.  This game didn't occupy me for too long.  The graphics are good.  Some of the gameplay is good.  But not enough variety.  And spent 20 minutes at the same spot on 'God Kelp Me' (the sewer level that replicates the first Teenage Mutant Ninja Turtles game from Nintendo), before realizing I really just don't care anymore.  The writing is very very repetitive too: it is just James screaming 'WOW THIS IS SUCH A SH*TTY LEVEL! F*CK WHOEVER MADE IT!'.  The writer for the game is someone who still thinks swearing by itself is funny.  It's just lazy.",False,1,0,0.48381418,0,False,english,1582001847,1582001847
76561198452097290,307690,0,1,106,0,106,1541254907,хорошая игра,True,0,0,0.0,0,False,russian,1629895999,1629895999
76561198838521487,1506830,35,6,27600,0,521,1664701972,its a good game,True,1,0,0.5229202,0,False,danish,1633095372,1633095372
76561198244718832,429790,0,1,16212,29,10023,1697997493,"Esse jogo é muito bom, além disso possuí uma comunidade super interativa, não precisa de um PC top para se divertir, você vai aprender muito e fazer muitos amigos, o jogo é somente em inglês mas com o tempo você se acostuma, com o básico já da pra jogar tranquilo, e se você gosta de cosmético, esse jogo tem tudo, principalmente cosméticos.",True,0,0,0.0,0,True,brazilian,1643667174,1643667174
76561198012281351,377530,0,16,6555,0,6525,1525957160,육성파트가 기간이 길다보니 조금 늘어지는 감이 있습니다. 그래도 기본적으로 재미는 있고 무협을 좋아하는 사람이면 돈값은 무조건 할 것 같네요.,True,0,0,0.0,0,False,koreana,1526380537,1526380537
76561199056060426,34030,0,9,632,0,266,1663096198,bom mas esperava mais,True,0,0,0.0,0,False,brazilian,1601161022,1601161022
76561198132700564,238460,91,7,1253,0,1144,1532989988,gimme the badge,True,1,0,0.50499165,0,False,english,1511606038,1511606038
76561199052729634,578080,6,1,67527,0,60386,1656597723,666,True,0,0,0.0,0,False,schinese,1630575751,1630575751
76561198158887142,578080,0,1,39885,0,4174,1536061594,中国人没外挂玩不了游戏？ 玩个游戏全是神仙？,False,0,0,0.0,0,True,schinese,1508257797,1508257797
76561198330974193,1135690,0,7,485,0,355,1661767750,"Very chill game, it's fun and relaxing. If you're having a bad day and just wanna take your mind off things, this is the game for you. Although I must admit that it's a very short game, and it's pretty expensive for what you get in return. Regardless, it's a good game. I use it for de-stressing^^",True,0,0,0.0,0,False,english,1654253271,1654253271
76561199068083947,381210,20,4,1131,0,909,1680915352,. ,True,0,0,0.0,0,False,russian,1645911319,1645911319
76561198007357623,848450,0,6,8631,0,2450,1691272583,"Good game, more thought out than the original sub nautica, but then the dev team have had practice and put the skills to good use.",True,0,0,0.0,0,True,english,1618249974,1618249974
76561197990647812,1785250,0,52,0,0,0,0,"An utter waste of money at $40. I had faith in the developers that they would be improving the game, so I took a chance on this. To be honest, it's my own fault after seeing the state of the base game at launch, but still believing in them. This is an embarrassingly low amount of content for the price. A 2-3 hours campaign that can easily be finished in 1 if you skip cutscenes and don't push apocalypse tiers. A single end game activity that has less variety than any single expedition map in the base game. No new abilities on any classes. Some very basic additions to the skill trees and a basic paragon system from D3. I've seen everything this game has to offer prior to the actual release of the content.   There's no reason to push content, there isn't any variety in the end game. There are no random maps or tile sets, there is barely any new enemy variety. This is baffling because there are beautiful new areas in the campaign that you see for literally 5 minutes a piece and will never interact with again. Abilities still don't work properly or at all like everything the trickster does with dashes. There is still no item lock, still no randomization on legendary base stats, still laggy online play (though improved, but not acceptable). The content shouldn't cost more than $10 and a developer that isn't greedy would have pushed most if not all the content here for free to be honest.",False,10,0,0.5843375,0,False,english,1656625231,1656625231
76561198396078561,1149620,0,66,552,0,185,1632003650,"Это мега-залипательная игра. В ней можно делать все, красить стены на заправке, убирать мусор, заправлять машины, стоять на кассе, управлять бульдозером и много чего еще. В игре есть своя атмосфера, отлично передающая заправку посреди пустыни. Однозначно рекомендую тем, кто любит потыкать на кнопки в спокойной обстановке.",True,0,0,0.0,0,False,russian,1631836035,1631836035
76561198308257920,552500,44,1,47455,0,40955,1619244299,这游戏体制不错，但是每次玩这个游戏经常会出现STEAM断开链接等诸多网络问题（运行其他STEAM游戏比较正常），希望入坑玩家要有能忍耐掉线的觉悟。。。。,False,1,0,0.0,0,False,schinese,1534597148,1534597148
76561198120150652,231430,199,20,2368,0,816,1628408753,"Honestly, this paywall would make Activision proud.",False,1,0,0.43750995,0,False,english,1544466639,1544466639
76561198182454573,1286680,307,6,3261,0,1673,1676279005,虽然但是，她叫我宝宝欸!,True,0,1,0.0,0,False,schinese,1669273401,1669273401
76561198184022103,1160220,175,5,55,0,55,1630560384,[h1]“当爱的迷雾随风飘散，目光所及之处唯留真相。”                                                  ------Ms.爱真相[/h1]   《天堂岛杀手》在你刚开始游玩它时，会让你感到一丝混乱。被流放了300万天的女主角，解开了甲骨文监牢后从高中急速落体，随之而来的便是粉蓝相间的恶魔、可以撕裂空间的汽车、崇拜众神的轮回小岛，以及---一场血腥的谋杀。连它那日美杂糅的画风和纸片（物理）般的人物建模，都会令人迷惘不已，无法理解。   但随着剧情的一次次深入，和NPC们的一次次闲聊，在多如繁星般的隐藏要素间来回奔波后，一场持续了不知几万年的宏大阴谋在观众的眼前徐徐展开。这并不是一场普通的谋杀，而是崇拜着虚伪偶像的众人们撕开自己的伪装后，面具下的世间百态。想要逃离这枯燥命运，活出自己人生的恩爱二人[spoiler]却因阴差阳错成为了清洗议会的帮凶[/spoiler]；将侍奉众神视为自己一生所向的虔诚的信徒[spoiler]走上了毁灭之路，妄图通过恐惧操纵人们的信仰[/spoiler]；亦或是在千百年流转的时光中与下属迸发出爱情火花的暴脾气军官[spoiler]也因爱情违背了战士的誓言，最终只能落得个双双毁灭的下场[/spoiler]。最让我感兴趣的还是其实还是小恶魔信治：他所说的有关岛屿的每一句话，似乎都比永生者们对本质看的更加透彻。[spoiler]不禁让人猜想，比起本身就与外星众神同根同源的所谓恶魔们，是否盲目崇拜着虚伪偶像实际内心只为一己私欲的高位者们更让人憎恶？[/spoiler]无数的人生轨迹交织在一起，共同谱写了一曲杀手的葬歌。   游戏性上让我惊艳的一点是：初看箱庭世界探案的玩法，似乎会让人感到不知所措。毕竟比起更为有名的《逆转裁判》系列的固定2D下场景寻找可用的线索，3D化的现场所有的要素更为分散和难以找寻。但《天堂岛杀手》却走出了一种更为鲜明的风格：以无数的线索堆叠，加上一点点的空间逻辑想象力，会让你的探案流程有种柳暗花明又一村之感。根据不同的调查路线，在收集到线索前与收集线索后与人物的对话也不尽相同，能让人感受到一点点积累所带来的质变。这种掌握感与自由感是其他固定流程的解密游戏所不能做到的。当你卡关时，只需要发挥自己的联想，将调查出的蛛丝马迹穿针引线，最终不需要其他的帮助也能到达真相的彼岸，所带来的成就感同样无与伦比。   而它给玩家提供的游戏模式同样带来了更多探索感与自由感。在这广阔的小岛中，冥想后[spoiler]冥想功能花费五血晶在发电厂附近的洗脚池获取[/spoiler]的星星点点都是值得一探的有用道具，而就算没有获得二段跳[spoiler]在辉煌神殿前的洗脚池花五血晶获取[/spoiler]，也可以利用各种垫脚物配合加速跳去到各种地方。制作组显然也鼓励这种行为，不会充满玩心的你空走一趟。   多结局的设置更是回味无穷，正应了审判开始时的那句话：[i]你所诉说的真相会成为事实。[/i]固然，真相是冰冷的；是选择全盘托出残酷的真相，还是选择自己内心所相信的事实？作为“爱真相”的你，到底是要成为一名寻真的刽子手，还是为这个无情的世界带去一丝尚存的人性？而制作组也很贴心的为你准备了马后炮，让你无论何时都能按照自己的意愿去改变天堂岛。   坐上轰鸣的“燃烧国会”，打开星光，看着岛屿上在300万天来所经历的暗潮涌动，悲欢离合，喜怒哀乐。在支离破碎的人性面前，25号岛会是哪个想象中的天堂吗？用无数的鲜血与阴谋所浇灌的希望之花，真能如人所愿绽放出美丽的骨朵吗？不过，这些已经不是爱真相所需要考虑的事情了。撕裂空间，闭合裂口，天堂岛杀手的真相随着虚拟现实缓缓消散，隐约传来着哀嚎与不甘。不管是你和我，亦或是爱真相小姐，能做的单单只有相信自己的心，倾其所有去改变这个世界罢了。   直到这个世界，真能有一天宛如天堂。,True,6,0,0.59747976,0,False,schinese,1630999493,1630999493
76561198869417612,714010,63,6,113,74,31,1698011541,neploxo,True,0,0,0.0,0,True,russian,1637779750,1637779750
76561198024971979,1850570,0,24,3379,0,3379,1688046550,9/10. Phenomenal. I would have paid price of admission just to watch Mads act his ass off for 40 hours.,True,2,0,0.5217391,0,False,english,1688046583,1688046583
76561198168781999,440900,0,17,142,0,113,1489384622,既然你封我，那就差评走起,False,4,0,0.5081967,0,True,schinese,1503022569,1503022569
76561198003304195,204880,405,13,16950,0,16950,1586686997,"Its an older game sir, but it checks out.  Lots of community mod support keep this game going.",True,0,1,0.0,0,False,english,1654136191,1654136191
76561198410227101,730,0,1,23285,0,19392,1566081259,bel gioco,True,1,0,0.52380955,0,False,italian,1516024860,1516024860
76561198120399039,224260,238,21,3424,0,77,1618306937,They're coming to get you.. Barbara..,True,1,0,0.5161291,0,False,english,1415689119,1587183854
76561199207455553,730,0,8,4077,0,4077,1696767254,好，cs2的画质太好了，再也不用csgo的辣鸡画质了 移动准星让我找回来自信，手感超好,True,0,0,0.0,0,False,schinese,1670138474,1696596341
76561198975416802,49520,0,3,203758,0,5389,1624011838,THE best game EVER,True,4,0,0.57928807,0,False,english,1568610841,1568610841
76561199125290446,35140,0,5,1256,0,681,1688955229,es batman like bruhh best game todos y cada uno de los batman son 11/10 ,True,0,0,0.0,0,False,spanish,1636523577,1636523577
76561198014758463,431960,178,40,2563,16,144,1698494954,非常棒！！ 希望添加一个暂停功能，按键让画面暂停，可以自由播放暂停。,True,0,0,0.0,0,True,schinese,1490800659,1490800659
76561198136154084,1097430,287,59,18887,0,322,1677407906,快一個月沒更新了 果然沒讓我失望哈哈,False,0,0,0.47826087,0,True,tchinese,1663092680,1676227495
76561198383357988,601150,51,6,273,0,253,1608292228,крутое месилово!,True,0,0,0.0,0,False,russian,1577047947,1577047947
76561198314945266,220200,0,3,57292,0,3251,1667765204,very nice,True,0,0,0.0,0,False,dutch,1594913383,1594913383
76561199047192542,1969870,49,16,1153,0,183,1690607692,6 ,True,0,0,0.0,0,False,schinese,1661872175,1661872175
76561198335564302,858820,0,6,645,0,223,1632102396,"ta weno, compralo",True,0,0,0.0,0,False,spanish,1631846286,1631846286
76561199416445931,271590,18,1,10663,0,534,1693906240,真该死啊steam 买完就打折 真该死,True,0,0,0.0,0,False,schinese,1666832830,1666832830
76561198080200426,4000,177,16,51812,4,832,1697979143,класс,True,0,1,0.0,0,False,russian,1394691684,1394691684
76561198316915008,424280,0,3,31,0,22,1486146096,"сначало я думал что игра слишком жестокая, а оказывается нормальная",True,0,0,0.0,0,False,russian,1472923205,1472923205
76561198019421554,1656780,124,1,490,0,223,1666069909,Great game with lot's of replayability. Not very much instruction so one thing I'm seeing a lot of is difficulty complaints. You need to upgrade your town every day to keep up economically.,True,0,0,0.0,0,False,english,1646548018,1646548018
76561198361136651,291860,0,7,2590,0,411,1596149876,Todos los malditos juegos de The behemoth son una maldita eeeeeeeeee eeeeee al punto son rre piolas loco,True,1,1,0.47619048,0,True,spanish,1519959888,1519959888
76561198186054862,221100,0,1,3853,0,2185,1492220225,This waas my very first game i bought on steam and its great! hopefuly in the coming moths they fix somw of the bugs and add some new content for the players ,True,0,0,0.0,0,True,english,1429478993,1429478993
76561198080560664,1874880,0,5,30539,1047,135,1698904354,"""No EDEN editor.  the developers included a function to automatically DDoS servers that don't have the Ukrainian flag and the message """"Stand with Ukraine"""" enabled in the server info panel by default. I guess this was their simple Czech way of """"getting at"""" their massive Russian playerbase that they are butthurt about having now. The flag and banner message are NOT enabled by default and there is no option to enable them either without going into the actual modding tools. tl;dr : butthurt-belter adjacent NATO incompetence leads to nobody being able to enjoy the game because they just HAD to include their silly little political message.  Mission Editor is in the SDK and is incomprehensible. It needs EDEN editor to function properly. And a Debug Console. BTR has no damage model. Very lazy game.""",False,14,10,0.23960231,3,True,english,1652910302,1652910302
76561199053707716,662960,79,11,1428,0,8,1639456899,不好玩，但是好看,True,0,0,0.0,0,False,schinese,1611162930,1611162930
76561199085442163,252490,0,1,194759,0,42440,1673310893,good game,True,1,0,0.5,0,False,english,1628095151,1628095151
76561198254467356,351920,0,1,884,0,198,1629649483,"Das spiel macht sehr viel Spaß. Die Grafik ist sehr schön anzuschauen. Das Spiel hat einen guten Schwierigkeitsgrad, welcher sich immer weiter steigert, trotzdem sind die Level machbar, natürlich muss man hier und da mal etwas länger nachdenken, doch wenn man so ein Level dann geschaft hat ist die freude groß und man will sofort das nächste Level spielen. Sehr empfehlenswert.  ",True,0,0,0.0,0,False,german,1532954516,1532954516
76561198283478423,360430,269,30,1736,0,659,1637531970,культовое продолжение игры!,True,0,0,0.4734411,0,False,russian,1575157607,1575157607
76561198868499113,1314563,0,8,0,0,0,0,The good: - Good campaign (the cutscenes were very high quality too) - Very cool new location (Europa) - Bonus remade location (Cosmodrome) - New exotics  - New raid - New darkness powers (haha stasis go brrr) - New secrets - Lots of new and interesting lore The bad: - No world weapon refresh - No new PVP maps ,True,1,1,0.51060176,0,False,english,1605125130,1605125130
76561198249275466,588650,138,8,2494,0,2447,1682089630,找不到比这更好玩的游戏了，辅助模式能很好地照顾手残党，让大家都能体验完整流程 十分推荐打折的时候一次性买全套DLC包！真的超好玩！其实原价买都不亏的！,True,0,0,0.0,0,False,schinese,1682007824,1682007824
76561198271378092,730,236,6,15875,0,13625,1659775532,i get 1 tapped for a living,True,0,0,0.0,0,False,english,1562298858,1562298858
76561199103374003,236390,0,2,313,0,199,1687991543,e,True,0,0,0.0,0,False,english,1665341873,1665341873
76561198971736943,518790,72,2,580,0,339,1663433675,还可以,True,0,0,0.0,0,False,schinese,1605688794,1605688794
76561198038628307,1258320,0,4,329877,0,201076,1632756987,Drecksgame entweder man is RNG carried oder nicht. Wer gerne sein Gear sprengt und tilt geht ist hier genau richtig.,True,0,0,0.0,0,False,german,1581087488,1586431153
76561198409861799,2280,140,4,301,0,210,1660253322,<3,True,0,0,0.0,0,False,polish,1620886507,1620886507
76561199165927955,1281930,0,17,10023,1679,409,1698288895,Super duper fun if you find the right mods! Definitely worth buying the base Terraria for this!,True,0,0,0.0,0,False,english,1633568369,1633568369
76561198854892228,730,36,8,119557,606,38402,1698921970,"Игра для нелюдей со стальными нервами Читеры мр*зи, мать их шл*ха При заходе в игру принимайте 2-6 таблеток успокоительного Но лучше поставить гобена раком и начать *бать его в 2 прохода Обновы конечно интересные но зочем дигл было трогать, теперь он х*йня Короче говоря сама игра хорошая, но в комплект нужно брать успокоительные и скачивать фейсит  Все кто играет или хочет играть, удачи и крепкого здоровья",True,0,0,0.0,0,False,russian,1573579299,1634649189
76561198362828624,504370,45,12,214,0,84,1596123833,"Esse jogo conta com personagens imoirtais que não levam dano e se curam automaticamente sem possibilidade de revidar , por isso acho esse o pior jogo que ja vi !",False,0,0,0.0,0,False,brazilian,1562443407,1562443407
76561198893375796,668630,160,8,1531,0,735,1611364821,**男主，淦！！！,True,0,1,0.0,0,False,schinese,1597883327,1597883327
76561199161420442,1239020,0,2,59,0,59,1647946205,为什么游戏时间不到一小时不处理退款？都四天了 准备拖到两周不能退款吗？,True,3,0,0.5580379,0,True,schinese,1648170322,1648170322
76561198391689720,730,294,7,117225,36,14070,1698236732,为了提名徽章再吹一下CSGO：）牛批牛批,True,1,0,0.52380955,0,False,schinese,1542881264,1542881264
76561198053469511,1061090,0,17,1843,6,19,1698776809,"DLC已通关,前来补票,入正后花了半小时又通了一次DLC 感谢这游戏,让我懂得了很多道理",True,2,0,0.51265824,0,False,schinese,1568031078,1568033067
76561198836495164,221100,0,12,117035,0,8747,1695574116,"this game is amazing even with some server issue i seen. but i would recommend this game to anyone that love surviving and hunting and even roleplay. Try to stay alive because if not you cant, you will have to start all over.",True,1,0,0.52380955,0,False,english,1575003216,1575003216
76561198886825265,447530,0,2,1518,0,1518,1561801557,猫耳 +  罗马卷 = 正义  10 / 10,True,0,0,0.0,0,False,schinese,1561801779,1561801779
76561198819364979,730,13,8,5273,0,2387,1695129813,ZOOOOOOOOOOOOOOOORTTTTTTT,True,0,0,0.0,0,False,turkish,1680287965,1680287965
76561198438803788,585420,68,2,2476,0,1610,1668440789,"Рекомендую.Классная игра,купил себе и другу.",True,0,0,0.47826087,0,True,russian,1561781704,1561781704
76561199258141290,431960,8,4,4444,247,288,1698801369,rlly good for wallpaper,True,0,0,0.0,0,False,english,1680108702,1680108702
76561198371816790,280790,0,1,397,0,314,1506792226,"интересный геймплей, много возможностей, тот кто говорит что просто копия майнкрафт не правы, те просто не играли в обе игры достаточно много времени",True,5,0,0.55990857,0,False,russian,1533294381,1533294381
76561199016971529,108600,49,6,1343,0,1217,1690588468,si,True,0,0,0.0,0,True,spanish,1672816435,1672816435
76561198001414745,578080,0,1,17740,0,15458,1682448693,"Fun game, to be sure, but their release version is still riddled with bugs, sound equalization is horrible and either leaves you at a disadvantage or literally damaging your hearing, PlayerUnkown insists on adding trash cosmetic loot to every town which covers up real loot, chain link fences only allow bullets through in one direction, and oh man the list can go on.  It's a great concept and a fun game to play no doubt - but I can't 'recommend' it to a friend because it's just not a finished product in the 1.0 state.",False,1,0,0.5020747,0,False,english,1514107330,1514107330
76561198979791122,271590,6,2,13364,0,11967,1606489438,Игра топ,True,0,0,0.0,0,False,russian,1574849960,1574849960
76561198066751710,646570,0,18,25491,0,18366,1668755559,"It's good. Like, really good. Addictive and more polished with every single patch (weekly!).",True,0,0,0.0,0,True,english,1542916154,1542916154
76561198049791615,431960,0,4,45304,1,19524,1697886933,"I code. I wanted something to see on my screens that allows me a small mental break so my mind can relax. Made my own wallpaper for cryptocurrency and that worked well so yeah, I'd recommend this.",True,0,0,0.0,0,False,english,1642583533,1642583533
76561198069547728,429790,63,31,34,0,34,1477409379,Stay away from this.,False,0,1,0.45112783,0,True,english,1536909359,1536909359
76561198166918159,440,0,7,102691,8,19136,1698551949,"你說的沒錯,但Team Fortress 2是一款大型多人多視角全自動勸退經營理財交易塔防換裝跳躍跑酷競速娛樂虛擬現實炫舞動作冒險沙盒格鬥麥霸K歌體育競技策略戰爭角色扮演在線射擊遊戲( 0ω0)",True,3,1,0.54128444,3,False,tchinese,1507467135,1669190114
76561198156160237,335240,573,15,9378,0,8715,1576531451,great fun,True,0,0,0.0,0,False,english,1490679255,1490679255
76561198799352420,2212330,44,6,43,0,5,1681959043,"Horrible, couldn't even load the game up without it breaking my steam or crashing my discord.",False,0,0,0.0,0,False,english,1681701091,1681701091
76561198308723639,274170,0,80,157,0,156,1678531320,特别好玩，推荐,True,0,0,0.0,0,False,schinese,1613498101,1613498101
76561198088002354,1043500,126,24,7,0,7,1569513334,"Amanece y anochece, a mi me sirvió para un videoclip al menos.",True,5,1,0.53992397,0,False,spanish,1580814929,1580814929
76561198870827078,105600,34,1,5748,0,1516,1690338374,Because it is fun for people to play it,True,0,0,0.0,0,False,schinese,1596355915,1596355915
76561198844972757,218620,104,11,53485,0,5672,1694643510,this game is robbing me of my time over all 10/10,True,1,1,0.0,0,False,english,1539985112,1557680194
76561198211276353,1172470,66,4,1257,0,364,1621911504,dale,True,1,1,0.52380955,0,False,brazilian,1606386405,1606386405
76561198387550993,730,0,1,41635,0,40231,1540120497,"ruskie , dzieci , cheaterzy i vac za nic xDD",False,0,0,0.4854369,0,False,polish,1527430031,1527430031
76561198108181067,753640,0,14,1124,0,1014,1635463819,"I don't usually write reviews, but this game earned it. Fantastic work! Thank you for the experience!",True,0,0,0.0,0,False,english,1598292461,1598292461
76561199012560050,1118200,214,50,19983,122,19945,1698747285,"Господи это шедевр, разработчики, пожалуйста-обновляйте игру по чаще. Карта с реактором просто бомба.",True,1,0,0.52380955,0,False,russian,1614640582,1698302352
76561198936306023,264710,0,1,4602,0,3231,1678692717,갓겜,True,0,0,0.0,0,False,koreana,1664119082,1664119082
76561198116385179,365590,0,5,3305,0,3173,1521938115,"Топовая игра, ну по крайней мере теперь.",True,0,1,0.49751243,0,False,russian,1467354956,1482108648
76561198825890340,367520,0,2,9046,31,4788,1698547034,legau,True,0,0,0.0,0,False,brazilian,1612132487,1612132487
76561198200975927,948630,192,79,18,0,18,1623481553,wtf,True,0,0,0.0,0,False,english,1622594317,1697544653
76561198054851016,578080,0,3,106258,0,37996,1660670502,Addicting,True,0,0,0.0,0,False,english,1525441763,1525441763
76561199064936190,268910,0,1,3716,0,1218,1670011051,"Excelente juego!!! entretenido, difícil, 100% recomendado.",True,0,0,0.0,0,False,spanish,1610932662,1610932662
76561199024927484,552990,0,3,11097,0,5026,1677449637,i would like to know why the auto pilot is not working. when i turn on auto pilot the ship dose not turn when it reaches it it keeps going straight can you please fix this problem its very frustrating. everything else about the game is good but please fix this problem or if its me im not gonna even bother using it anymore.,True,0,0,0.0,0,False,english,1594322880,1595742744
76561198259649407,891040,0,8,1146,0,512,1674421378,Nice to fill some spare time while waiting for your friends or just to play smth while you talk to a friend,True,1,0,0.5217391,0,False,german,1606374847,1606374847
76561198038117709,304430,190,29,306,0,256,1479954170,"Inside is the spiritual successor to LIMBO.  If you have played LIMBO, this is a game that will be easy enough to pick up. It uses the same art style and gameplay.   While there is more color in this game, the majority of the backdrop is still binary in color. The aesthetics fit the setting and the story it wants to tell.  For those who are not familiar with this type of game, it is a puzzle title. Every level, there are certain tasks you must do-- pushing/pulling carts, activating machines, etc.. The puzzles are generally pretty self explanatory, as there is no proper tutorial of any kind. A non-completionist playthrough does not take very long (3-5 hours), and so do keep that in mind when considering a purchase.  The story and themes of this game were made to be open for interpretation, so some may find it satisfying and interesting, while some may not. The story is told through gameplay alone and without dialogue of any sort. There are moments of the gameplay that weave directly into the themes of the game, and deliver a direct impact on the player. Personally, INSIDE left me pondering the meaning of the game-- which is something I found enjoyable.  If you enjoyed LIMBO, you will probably enjoy this as well. If you like puzzle games, then consider giving this game a try. If you want a longer game, then this might not be the game for you. Definately check this game out if it is ever on sale.",True,2,0,0.52312165,0,False,english,1469598464,1469598464
76561198170403986,440,136,9,207898,0,33149,1696001788,good i only made this for the badge,True,2,0,0.5319149,0,False,english,1572720880,1575065680
76561198972021565,244430,0,16,581,0,581,1581463089,"I was a child when i first came into contact with Myst. This was the first game i played on a PC! Going back to the island of Myst was a great nostalgia...  For the current standards it is clear that the graphic leaves a little to be desired, but after all this is a puzzle game... and in this regard the game presents good challenges. Having multiple endings is also another positive point that makes people explore the game more.  Although understanding the dialogues and reading the books is not necessary to complete the game, i think it's nice to try to understand the context of the game.  Myst is worth playing!  ps: i recommend playing in classic mode to get the real experience of when the game was released.",True,0,0,0.0,0,False,english,1581644558,1609281461
76561198347762113,578080,204,16,29263,0,18543,1624034666,提名《神仙打架》奖,True,0,1,0.0,0,True,schinese,1511626284,1511626284
76561198343308511,271590,0,9,4841,0,63,1661271391,玩尼玛？加载半小时闪退！百度一切方法弄了一晚上也没成功，我就呵呵了。,False,0,0,0.0,0,False,schinese,1567104317,1567104317
76561199011575641,270880,0,1,892,0,764,1651449572,Great Game.,True,0,0,0.46736038,0,False,english,1638671743,1638671743
76561199059921808,730,0,1,7368,180,279,1698973471,poop hole,True,1,0,0.52380955,0,False,english,1657643396,1657643396
76561198182250646,220,58,11,1369,0,652,1669336393,"Made during the golden era of Valve, Half-Life 2 is a technical, visual and storytelling masterpiece. With gameplay both being exciting and fast paced yet chilling and dreary. Half-Life 2 is not a typical First-person shooter, There is also a very intuitive puzzle aspect with physics mechanics being a core aspect of gameplay. The environments are visually incredible and beautiful, With tons of effort poured into creating an immersive and expansive landscape. And this showcases the true power of the Source engine. And for 2004 this game was groundbreaking and is still impressive today.",True,0,0,0.0,0,False,english,1640543881,1640543881
76561198052006561,619500,0,1,3969,0,3178,1671319102,Es ist mehr als nur Minecraft VR. Es ist ein Wunderschönes Game.  Nachts ist der Himmel Atemberaubend. Tags sind die Sonnenstrahlen so als ob sie dich wirklich Blenden.  Dadurch man die Blöcke bein Craften selber zusammen setzt hat man so ein Gutes gefühl wenn man mal ein Haus fertig gebaut hat.  Dieses Spiel ist für mich nahezu wie die Realität. Ich kann abschalten und dorthin mich Flüchten.  Einfach ein muss - Game für Jeder der ein VR Headset hat.  Fazit: 100% Empfehlenswert,True,3,0,0.52380955,0,True,german,1667514956,1667515318
76561197967619186,205910,0,5,184,0,184,1387432479,"This game is crazy awesome. The physics engine is one of the best I've seen, and it's just super fun carving up the environment. Play it.",True,0,0,0.0,0,False,english,1387432823,1387432823
76561198205236639,346110,0,2,48142,0,21891,1690343851,GOOD ,True,0,0,0.0,0,False,english,1640507988,1640507988
76561198015709953,256290,0,7,578,0,578,1408997041,"A gorgeous little RPG. Combat is a kind of Final Fantasy active battle time variant, but it's the watercolor storybook world that makes this worth playing.",True,0,0,0.0,0,False,english,1408997916,1408997916
76561198115875406,803330,245,23,518,0,517,1596396549,pathetic colourblind humans D:<,True,0,1,0.0,0,False,english,1596052245,1596052245
76561198114414431,404410,56,2,3446,0,1941,1519683886,Free. Now with more alien dragons.,True,0,0,0.0,0,False,english,1448518842,1448518842
76561198864861369,359550,135,18,54785,42,2282,1698162332,"Bu oyunu almanız halinde diğer oynadığınız oyunlardan elinizi ayağınızı muhtemelen çekeceksiniz oyun tek kelime ile mükemmel. Asla kendini tekrar etmiyor ve sıkıcı olmaya başlamıyor bu iyi yanlarının yanında kötü yanları'da var mesela oyuncu kitlesi çok acımasız yeni başlayanlara karşı ne yazık'ki hiç saygıları yok bundan başka eşleştirme sistemi rütbesi  olmayan adamın karşısına altın 1, altın 2 adam getiriyor eşleştirme sistemi kötü ancak çok hızlı maç buluyor ancak oyunu almanız için gereken sebepler bunlarla da kalmıyor bir çok E-spor etkinlikleri düzenleniyor oyuna her sene bir çok operatör ve birçok yeni haritalar geliyor her zaman geliştirilmeye devam eden bir oyun ancak takım arkadaşınız yoksa sizi başlarda biraz zorlaya bilir ancak takımınız varsa son derece eğlenceli bir deneyim sizi bekleyecektir Kısacası bu oyunu alacaksanız pişman olmayacaksınız. Bu oyun diğer bildiğiniz FPS tarzı oyunlara hiç benzemez CS:GO-TF2- v.b oyunlar la alakası yoktur son derece taktik ve harita bilgisi isteyen bir oyundur aim'e ihtiyacınız olmamasıyla birlikte bazı hastalıklara sahip olanların oynaması doğru değildir (oyunun açılış kısmında yer almaktadır) Yani oyunu alın tavsiye ederim.(Oyunu oynamak için Uplay hesabına sahip olmanız gerekmektedir) ---DÜZENLEME--- ----------------------------- Oyundaki her operatörün biyografileri bulunmakta geçmişleri ve yaptıkları ile ilgili bilgiler var six (bu birinin adı sonra bahsedicem) her operatör ile sohbet ediyor ve bilgi topluyor. Rainbow ülkelerin ortak olarak terörle mücadele için yaptıkları bir silahlı örgüt oraya özel kuvvetlerin içerisinden özel ekipmanlar geliştiren veya üstün başarılar gösteren özel operatörleri seçiyorlar six ise bu örgüte ülkeler tarafından ortak karar ile yönetmesi için (yani rainbow un başkanı) seçilen bir kişi. hızlı maç-dereceli bunlar da gerçek silahlar kullanılmaz özel olarak seçilen operatörlerin eğitim sahası gibi düşüne bilirsiniz ancak T hunt da gerçek çatışmalar yaşanmaktadır. Mesela GIGN içerisinden özel olarak seçilen 'Rook' onun seçilim sebebi özel olarak geliştirdiği Çelik yelek ve akıllı olması gibi gibi güncellemeler yapacağım :) ---DÜZENLEME--- ---------------------------------- Artık Ubisoftun aldığı bir karar ile yılda 8 operatör yerine yılda 1-2 operatör getirecek (Söylentiden ibaret ama yüksek ihtimalle gerçek ola bilir:/ ) Ubisoft tembel bir firma bir oyuna çok uzun süre uğraşmak istemeye bilirler (çok fazla satan oyun olsada) ancak r6 nın ölmesine izin vereceklerini sanmıyorum bu kadar çok olumlu bir oyunu bitiremezler... UMARIM",True,4,0,0.53992397,1,False,turkish,1549735961,1591033415
76561198055720262,235460,155,13,460,0,460,1648424068,go bap bap bop,True,0,1,0.0,0,False,english,1648849653,1648849653
76561199365875609,1271700,14,15,400,4,355,1698501049,750 Mİ YA 40 A ALDIM BEN BUNU SEÇİMDEN 1 AY SONRA ULAN RTE  BOŞUNA DEMİYORUZ KURTARICI MUHARREM İNCE VE ÜMİT ÖZDAĞ ASETTO CORSA 190 6YA ALDIM CAR DRİFT RACİNG ONLİNE 25 LİRAYA ALDIM İADE ETTİM BEĞENMEDİM 2 HAFTA SONRA 220 BUNE YA SONRA ÇIKIP ERDOĞAN SANA NAPTI DE NAPTI BİLİYONMU  OYUN ALMAMA YEMEK YEMEME SU İÇMEME BİLE ENGEL OLDU TŞK RTE HA BİDE YUSUF TEKİN İSTİFA,True,0,0,0.0,0,False,turkish,1690485197,1697566505
76561198149030625,287980,165,22,3233,0,1156,1682112814,i hate this game i can't stop playing it,True,1,1,0.50248754,0,False,english,1487777969,1487777969
76561198037220937,489520,986,130,1002,0,888,1543437391,"basura, otro pay to win como clash royale, si pagas ganas, no lo jugueis, no deis dinero a este tipo de empresas que se jactan de hacernos pensar que ganamos o perdemos por la habilidad cuando es todo a base de $$$.",False,1,0,0.4102564,0,True,spanish,1536739401,1536739401
76561197962962127,1656780,0,3,21621,0,346,1696238469,"The game borrows much from heroes of might and magic, but with enough new twists to make it fresh to old players of that genre. The graphics are a bit rough IMO, I don't like the blending of different sizes of pixel art, however it's forgivable because the gameplay is good. I'd rate this game 7.5 / 10.",True,5,0,0.55625284,0,False,english,1646580198,1646580198
76561198982066441,550,10,1,561,184,232,1697900482,4.2血妈赚,True,0,0,0.0,0,False,schinese,1669275832,1669275832
76561198392080233,1346590,0,2,0,0,0,0,买买买！ 只要一直保持这样的质量，侠隐阁何愁不火！ ,True,0,0,0.0,0,False,schinese,1612460104,1612460104
76561198001465564,8500,0,2,381870,0,381870,1661165840,"""ONCE A BEACON NOW A HUSK OF ITS GLORY.  Ahh here it is, spent over 6k hrs on steam and many years pre steam. what a wild ride this game once was. I've been apart of it all, nullsec, lowsec, hisec, mining, missions, wars. ganking, blops, but strangely what took my heart the most was mining everything in a wormhole having a blueprint for my flashy t1 full shit fit thorax and sending them out on the main into any nullsec with a bubble and hassling null nerds. Never having to stain my hands with hi-sec and could fuel structures through industry in the wormhole mining ice in shattered systems when i could get my mitts on it.  That sense of self sufficiency with the corp members all the laughs, fights and general mischief you could have with cheap ships and a player driven economy.  CCP didn't like that though. The money from subs funneling into their oversized pockets wasnt enough. They had to get their grubby little paws into every little thing you did.  People don't need to buy plex? easy we take away their ability to mine eveything in the most dangerous space. We cuck our loyal players. Fold industry over so theres almost no choice but to get on your knees with your wallet out.  newbros and wanna catch up to your friends? fk em, bend over open your wallet and cop those skill injectors up ya.  This game is just a filthy money grab that has driven away its loyal player base. old dogs are still around but dying out, clinging onto that last hope that the devs will see our plight and give industry back and revert industry so we can have our fights back.  let the nullblocks strip mine belts. who cares? more fights and cheaper ships? thats the point. Thats the economy us players fought and strived for and CCP put their nose where it doesn't belong, deep into the """"player run economy"""".  o7 fly safe i've checked out and couldn't hold out till the devs actually cared again.""",False,226,5,0.87317276,9,False,english,1685729148,1685729148
76561198019144711,262060,194,19,18536,0,1395,1689823730,My Crusader can only relax at a brothel but he is not allowed to enter because he is too kinky. 10/10,True,0,0,0.0,0,False,english,1593749325,1593749325
76561198317024920,10,29,1,1471,0,1279,1609339446,...,True,0,0,0.0,0,False,english,1561814472,1561814472
76561198066912047,287980,0,4,207,0,207,1667158723,"mini metro, many fun",True,0,0,0.0,0,False,english,1672333957,1672333957
76561199001296411,228360,0,1,820,0,557,1679199486,Fun old school game from LucasArts. love all these type games.,True,0,0,0.0,0,False,english,1620007233,1620007233
76561199003276660,960090,0,3,584,0,501,1696174439,love game,True,0,0,0.0,0,False,english,1659582821,1659582821
76561198269607202,323190,0,6,10745,0,4030,1687135993,"Gioco che conquista subito per le sue atmosfere vittoriane in salsa steampunk. Per me un mix vincente, che esalta ancor di più la storia e le scelte, spesso tragiche quasi sempre molto difficili, che il giocatore deve compiere per garantire la sopravvivenza della sua città. Ho apprezzato molto il lavoro che 11bit ha continuato e continua a fare su questo titolo: i dlc e gli scenari usciti regalano ancor più profondità al mondo di gioco e alla sua storia. Aspetto con ansia anche la versione per PS. Consigliatissimo! City must survive",True,0,0,0.0,0,False,italian,1566050625,1566050625
76561198150000241,1966900,0,18,2219,0,1822,1686774298,"sympa, vivement la suite",True,0,0,0.0,0,True,french,1656542498,1656542498
76561198029840180,319630,1030,21,1406,0,1345,1495730184,"Der Spieleinstieg mit Episode 1 beginnt langsam und beschaulich, aber spätestens mit Episode 3 nimmt das Spiel mächtig an Fahrt auf. Interessante Spielmechanik, (einfache) Rätsel und der Fokus auf den Entscheidungen des Spielers machen das Spiel besonders. Außerdem ist die Atmosphäre sehr dicht und lebendig, auch der Einsatz der Musik im Spiel ist genial. Zur Story darf man nichts spoilern...die muss jeder selbst erleben. Wer auf mitreissende Geschichten steht (und dem Universitätsszenario auch nur ein bisschen etwas abgewinnen kann), ist hier genau richtig.  Fazit: Ein grandioses Spiel, dass an vielen Stellen zum Nachdenken anregt.",True,2,0,0.52755904,0,False,german,1495772010,1495772010
76561198029764289,15970,944,12,227,0,226,1483579205,"Just as a heads up, this and a lot of the old Luxor games have issues running on modern Operative Systems.  You should try the demo and check if you can run it first.  In any case, if you happen to have bought it anyway and can't launch it (like me) you can workaround this issue.  Try making a Windows XP virtual machine and install Steam in it, then install the game. It's a pain in the ass, but it worked for me.  The game is great if you can actually play it.",True,42,2,0.8225202,1,False,english,1420151598,1420152052
76561198113022577,423580,0,7,1374,0,428,1580369181,玩一下時間過很快XD,True,0,0,0.0,0,False,tchinese,1578009228,1578009228
76561198858032040,730,7,1,84920,0,47228,1696252274,良心游戏，不用充钱纯靠技术的       但你能忍自己的ak没有皮肤？,True,0,0,0.0,1,False,schinese,1631091481,1631091481
76561198298997921,378648,0,7,0,0,0,0,"i will call this is THE WITCHER 4,.......",True,3,1,0.50685614,1,False,english,1470880700,1470880700
76561198057202825,1245620,186,7,6485,0,6485,1650376222,Для ачивки,True,0,0,0.0,0,False,russian,1669178314,1669178314
76561198217770455,236430,348,21,8764,0,8199,1519973667,6/10,True,1,0,0.49967968,0,False,russian,1518526115,1518526115
76561198831027701,394360,0,11,3652,0,1720,1641118494,"erste Partie, 27 Std am Stück, kann nicht aufhören...ich hoffe meine Ehe übersteht den Krieg",True,30,23,0.76101476,0,False,german,1640775423,1640775423
76561199027982442,359550,0,1,1525,0,1191,1682275741,asd,True,0,0,0.0,0,False,english,1646588474,1646588474
76561198906738948,578080,49,8,4945,0,1955,1668299046,)))))))))))))))))))))))))))))))))))))))))),True,0,0,0.0,0,False,russian,1642500304,1642500304
76561199061133259,578080,0,1,373,0,330,1590942291,好,True,0,0,0.0,0,False,schinese,1590939669,1590939669
76561199075029039,778700,54,10,462,0,295,1694351863,Hot,True,0,0,0.0,0,False,english,1675499037,1675499037
76561199086107270,1172470,0,1,8040,0,5599,1655515668,sure its ok ig,True,0,0,0.0,0,False,english,1644637521,1644637521
76561199030398410,730,31,2,21140,573,659,1698505590,The game is fun and very nice to play,True,0,0,0.0,0,False,english,1616695743,1616695743
76561198802768248,1592110,1,1,4071,0,1266,1687235725,"Gostei em primeiro lugar do gráfico, depois a jogabilidade é muito boa, porém ainda acho que deveria haver algumas melhoras na construção,  e fabricação de alguns itens e no caso de objetos que as vezes não conseguimos mover, as ilhas também, quase não tem ogros e algumas não tem nada, mais isso são coisas básicas.",True,1,0,0.0,0,True,brazilian,1655493761,1655493761
76561199497443435,730,0,1,10440,67,1306,1698799868,nigga nigga nigga nigga nigga nigga blacky blacky blacky blacky,True,0,0,0.0,0,False,english,1683557652,1683557652
76561198309623244,730,90,3,16658,0,12526,1696057623,Oyun güzel ve başarılı,True,0,0,0.0,0,False,turkish,1562248792,1562248792
76561198063248003,4000,0,4,28061,0,6367,1683970364,"отличная игра, советую всем, можно поугарать, как одному, так и с другом!",True,0,0,0.0,0,False,russian,1387561964,1387561964
76561198032003681,294100,946,52,20634,57,1066,1697335125,">Startgame >3 colonists and one cat named Troll >Colonists are struggling from the get go because of traits and have no food >trying my hardest, I'm a noob >Girl comes and says raiders are chasing her and she wants safe haven >Welcome the girl and the attack commences >Girl dies and 2 colonists injured >how did I almost lose a 3v1 >injured colonists have to rest >nothing gets done >starvation sets in >Troll dies of starvation >Colonist has mental break at the death of his cat >goes insane and kills my other 2 colonists  yeah this game is pretty good",True,190,330,0.8927656,1,True,english,1526685838,1526685838
76561198976187114,291550,20,10,1626,0,1028,1667053676,Played on PS4 and got to platinum and then got to platinum on PC there is hard learning curve but its fun (until you get too competitive),True,0,0,0.0,0,False,english,1640988700,1640988700
76561198411066543,367520,87,10,2072,0,204,1579013080,居然有玩魂类游戏的感觉,True,0,0,0.0,0,False,schinese,1576942628,1576942628
76561198013409154,221100,0,5,3474,0,1683,1621276924,poop,False,8,0,0.52769655,2,True,english,1470944211,1470944211
76561198340325124,1938090,134,7,23700,267,802,1698944395,傻逼游戏 傻逼IW 1个小时崩溃你妈逼几万次 食不食油饼,False,1,0,0.50204986,0,False,schinese,1666973389,1669200716
76561198066154556,1551360,0,17,2812,0,1518,1682628714,Car go vroom.,True,0,0,0.0,0,False,english,1680671085,1681423641
76561198118040381,1245620,0,4,7436,0,3996,1696116611,very good good,True,0,0,0.0,0,False,english,1647046144,1647046144
76561199059011360,814380,0,1,12830,0,10113,1692516964,一周目跟着攻略拿全了所有道具，结局利用存档读取出了断绝不死、复归常人、龙之还乡3个结局，连战模式解锁天狗外观。二周目修罗结局，连战解锁修罗外观。三周目开苦难模式，重新认识了每个BOSS，最后的壮年剑圣一心打了整整一天才过，艰难但非常有成就感，可以说不开苦难，不算真正打通只狼。现在四周目，苦难加钟鬼双难模式，感觉上和三周目几乎没有难度提升，我想这应该是手法和意识更上一层楼的原因吧！~耐心去打这款游戏，别拿挂毁了你的乐趣，之前套路跳过的历练，后面都会加倍找回来的。最后必须得认可一心那句：犹豫就会败北！,True,0,0,0.0,0,False,schinese,1613563599,1613563599
76561198797631878,578080,0,1,130548,1213,92882,1698867253,nice blackpink skin,True,0,0,0.49107143,0,False,english,1629028824,1629028824
76561197960569693,804490,0,34,32,0,32,1606305044,"this game is damn fun.  it really reminds me of a more basic oldschool Punchout except in VR.  can't ask for more than that, imo.  the walking mechanic is hilariously goofy, but you'll get over that in a few moments and be breaking a sweat.  everything seems to work really well on the oculus quest 2, to be honest.  surprisingly well.  no regrets!",True,0,0,0.0,0,False,english,1606809597,1606809597
76561198024050280,1062520,0,19,715,0,345,1691032157,"finally some positive australian representation in video games, i no longer consider being australian a disease - cassowaries are complete fucking weaponised cunts and therefore lore accurate. Please consider adding the ability to throw beer bottles at cars off the overpass for a more accurate representation of Australian life. Thank you in advance for your very good game and please also include cloud saves at some point when you have some time :)  Cheers cunt  ",True,0,3,0.0,0,True,english,1659947546,1659947546
76561198822801865,477160,51,8,961,0,260,1626379085,Arkadaşlar ile çok güzel gidiyor. Eğleneceksiniz.,True,0,0,0.0,0,False,turkish,1584965159,1584965159
76561199062650911,230410,0,13,9295,0,4298,1690404891,Гринд ради гринда,True,0,0,0.0,0,False,russian,1646916426,1646916426
76561198222711732,444090,297,21,26497,0,4244,1669967065,Chicken Nuggets In Alfredo Sauce is what this game feels like,True,0,0,0.0,0,False,english,1578845199,1654135038
76561198164444401,440,0,8,60686,0,38014,1690457974,i love this hame i sped all of my time you should play this game,True,1,0,0.52380955,0,False,english,1454173358,1454173358
76561198992644909,1238810,0,3,4328,0,1854,1690919895,ดี,True,0,0,0.0,0,False,thai,1632018694,1632018694
76561198170442599,526870,0,2,5876,0,3736,1674416291,Классные быки,True,0,0,0.0,0,True,russian,1634261764,1634261764
76561198198254411,304050,0,1,2400,0,1813,1521340250,[kg45l ,True,0,0,0.0,0,False,english,1469349517,1469349517
76561198217044559,730,0,1,107501,0,43702,1503903850,Ножи...,True,2,0,0.51968503,0,False,russian,1476595982,1476595982
76561197996612351,304390,0,37,430,0,430,1535920824,"Это беспомощный кусок г о в н а, где нет ни нормального коннекта, ни баланса. Есть фан в дуэлях, нивелирующийся богомерзким метчмейкингом и комбо-спамом. Взял на халяву, чтобы проверить, как оно, и все опасения подтвердились. Этот к а л  е б а н ы й раздавали бесплатно чтобы хоть как-то отбить деньги, рассчитывая получить с их с тупых нубов вроде меня, платящих за длц. Хвала Аллаху, я слишком стар для такого разводилова.",False,2,0,0.5058742,0,False,russian,1535923701,1535923701
76561198102235453,1189630,96,2,12302,0,2465,1679076247,河洛游戏我是款款都玩 这款侠隐阁画风偏动漫风 不是很对我胃口。但是这个武林，这些招式，还是我熟悉的味道，还是我喜欢的味道,True,1,0,0.52,0,True,schinese,1607443877,1607443877
76561199097467214,1245620,0,1,10843,0,5845,1670607513,Simply amazing. ,True,1,0,0.52,0,False,english,1650384222,1650384222
76561198829284183,568220,0,1,2428,0,1375,1694488597,好玩爱玩今天还玩,True,0,0,0.0,0,False,schinese,1688736520,1688736520
76561199057302557,548430,0,6,13294,0,4615,1695435154,swager,True,0,0,0.0,0,False,english,1673738580,1673738580
76561199376596647,550,0,1,8484,0,315,1691714108,uno de los antiguitos,True,0,0,0.0,0,False,spanish,1660155764,1660155764
76561198000556269,290340,203,27,46471,0,2335,1687024434,Fun game.,True,0,0,0.0,0,False,english,1579604871,1579604871
76561198151235376,1151340,0,3,538,0,130,1635105968,"Аниме, рекомендую.",True,0,0,0.0,0,False,russian,1635006964,1635006964
76561198374189229,389730,0,2,24157,0,10331,1679248444,아니 시발 고인물들아,False,3,0,0.54545456,0,False,koreana,1601557557,1601557557
76561197986775314,1880650,0,169,0,0,0,0,"By Bugs Alone...  ...had to put that out there first, though I think it will be a quick patch to make sure that peace deals are less awful, that a variety of other stuff is fixed up, etc.    Beyond that though, a lot to unpack:   First, I now have music that makes me feel like I'm in an Olive Garden waiting for the breadsticks, so that's a great addition.  Second, I can design fighter-bomber type aircraft now... more mixing and matching of armaments and upgrades, which is good.  Third: I'm not sure some of the focus trees make sense. The Italian tree is still sort-of same-ish in many ways. The conflict in Ethiopia is more handled in a decision/Stalin's purges type system than in actual focuses. And a chunk of the focuses is pretty much what already existed, plus a branch to overturn Mussolini's government and make a socialist republic. It's not bad, but it's less changed than I expected. But Swiss and Abyssinian trees... meh, not sure those add a lot here.  Fourth: The peace system is bugged... and also probably not a total improvement even without bugs. This system change was one a lot of us were happy for, as it meant being able to take ships and do other stuff. But right now, if you are in a war with any allies at all, it's like they get a bunch of points for free. It's wonky, and results in doing the bulk of the work but seeing your ally take even more than they would in the past in some cases.  Fifth... the medals and division leader changes are okay. I say okay, because I'm not sure it adds *that much*, but hey, now there's medals for units and slight buffs from them. My main worry is I fired up test runs as the nations with new focus trees... and they have small-ish starting militaries. Meanwhile, the Soviets that I often play as... well, that's going to be A LOT of division leaders to peruse and check on whenever I get to them, which makes for some worry about possible micro-fests as Soviets, but also as USA and Germany.  Sixth: the air models are now, like the tank models, a mess in terms of what stuff looks like. The designers I do think are a value-add, a definite improvement. But like with the tank designer, the models the air designer has to choose from results in planes that look like fighters but are naval bombers, etc. It's a mess.    Overall, BBA isn't Leviathan (from EU-IV), but nor is it the best Paradox experience.  I very marginally recommend it, mostly because the air designer, unit medals, and music are worthwhile already on day 1, here. And I imagine the peace deals will be better balanced, and maybe some changes in the focus trees (along with bug-fixing there).  But this is a downgrade from No Step Back... No Step Back did a phenomenal job of making a Stalinist Soviet playthrough feel more like purges mattered and were game-able, and it also added a good tank designer, more music, and a bunch of decisions and propaganda poster choices. Meanwhile, By Blood Alone kind of stumbled with the focuses, is buggy with peace deals, and doesn't seem to drastically alter Italy, even, in some ways. But it still has the air designer, which is fun, and some immersion improvements with new sprites, new music, and unit medals.  Ultimately, if you love the air layer, probably worth it to pick it up now, but otherwise it's likely a DLC that a chunk of players could comfortably wait on and get on sale.",True,7,1,0.6116351,0,False,english,1664333842,1664333842
76561198098199707,389430,563,9,76210,0,45,1585325723,Bağlanabilsek güzel oyun aslında o.O,True,1,1,0.5217391,3,False,turkish,1453800217,1453800217
76561199120923733,284160,0,9,716,0,716,1669650364,игра топ ,True,1,1,0.52380955,0,True,russian,1682527839,1682527839
76561198353407817,359550,0,1,2915,0,2554,1512240513,topzera,True,0,0,0.0,0,False,brazilian,1511397855,1511397855
76561198360595053,883710,99,34,1998,0,223,1664900216,the graphics and that its an remake of a good game.,True,1,0,0.52380955,0,False,english,1575139060,1575139060
76561198057500249,337000,0,1,1111,0,408,1638064776,"Jogão! Imperdível para quem gosta de games de verdade, mito imersivo e cativante, vake cada R$ pago, muia diversão!",True,0,0,0.0,0,False,brazilian,1488450743,1488450743
76561198013720763,252490,0,2,21446,17,2351,1698603062,"To be honest - I built my PC to play this game again. I had bought it in the early years of rust without understanding system requirements and it sat dormant for years. I watched so much you tube (frost/ Welyn) and just had to jump back in. I love rust, its toxic and fun and makes me sweat like no other game does.  10/10 would play again",True,0,0,0.0,0,False,english,1616616584,1616616584
76561198158581773,39500,86,8,9674,0,8512,1547655788,全语音 无缝地图 选择性交织任务流程 这是经典的传统欧美rpg风格 打击感不好 瑕不掩瑜  游戏卡顿 有社区官方良心1.75补丁包可以解决 地图大小 估量了一下 大概北京三环左右,True,1,2,0.51704544,0,False,schinese,1527277689,1527277689
76561199216357821,1288320,0,1,2282,0,464,1694706185,good game,True,0,0,0.0,0,False,english,1664034719,1664034719
76561199473893833,2157680,0,1,502,1,50,1697545235,DLC一直下载失败为什么,True,0,0,0.0,0,False,schinese,1677977263,1677977263
76561198283341797,227300,30,2,9729,0,466,1689418844,Fajna Gra Polecam :),True,0,0,0.0,0,False,polish,1480603113,1480603113
76561198373617887,275850,23,5,73256,0,55693,1682221327,"""7 Oct: What update and why? I can't even launch the game once the update is completed. 9 Oct:  For win7 x64 users, you need a patch from Microsoft, Windows6.1-KB3080149-x64. 11 Oct:  Most stupid Save Mode I ever known. It ruined my """"restore point"""" slot! Really sucks!""",True,0,0,0.0,0,False,tchinese,1665146284,1678095260
76561198242494072,552520,0,3,2831,0,1267,1632335094,здравая,True,1,0,0.50793654,0,False,russian,1580558634,1580558634
76561198003178725,264710,0,1,6515,0,2519,1649111799,It has some nice water.,True,0,0,0.0,0,False,english,1575192218,1575192218
76561199016820614,730,0,1,15816,0,2023,1676296171,lepsza od fortnite xD ,True,1,1,0.52380955,0,False,polish,1603562116,1603562116
76561198264659102,3050,0,133,92,0,20,1668050900,"lo mismo que su anterior entrega (Xpand Rally),nomas que aca se expande con mas pistas y autos (y algun que otro ajuste al juego). en graficos mejoro un poco,pero estan buenos. sigue siendo una buena recomendacion para jugarlo,y mas cuando esta en oferta que esta regaladismo...   PD: como el anterior,tmb se puede jugar online,pero de manera LAN instalando Hamachi o RadminVPN (recomiendo Radmin,ya que no tiene limitantes como es el hamachi).",True,1,0,0.52380955,0,False,spanish,1667960740,1667962428
76561198318538142,359550,0,7,163948,8,91943,1698164654,o melhor jogo de FPS do mundo,True,1,0,0.5217391,0,False,brazilian,1579294617,1579294617
76561198008815950,1604030,652,15,12960,0,512,1655809093,"Bonne surprise, ça fait plaisir de revenir sur un style Battlerite, a suivre",True,0,0,0.0,0,True,french,1652833339,1652833339
76561198036329151,327030,0,4,1616,0,1519,1637959154,+1,True,0,0,0.0,0,False,french,1561800170,1561800170
76561198040960862,424840,176,55,420,0,252,1631550302,Very short game i beat in 2 hours but yes i would buy it only if i can get all dlc cheap,True,0,0,0.0,0,False,english,1630220797,1630220797
76561198802699616,1592780,0,2,10,0,10,1672596174,"Nicht spielbar mit Tastatur und Maus, Playstation Controller oder Nintendo Switch Controller.  Ist sehr schade, da ich das Spiel sehr gerne gespielt hätte",False,0,0,0.0,0,False,german,1672596667,1672596667
76561198052178158,1252330,0,36,416,0,115,1667684480,"Great game, stutters like crazy. Stop delivering half baked games, ffs.",False,1,0,0.0,0,False,english,1631673354,1631673354
76561198387004459,234140,98,19,668,0,458,1629541166,hyvä peli ,True,0,0,0.0,0,False,english,1629288291,1629288291
76561198314245923,730,17,1,63884,26,28889,1698710867,visao,True,0,0,0.0,0,False,brazilian,1593347951,1593347951
76561198101958659,1189630,11,1,1024,0,726,1593594544,good,True,0,0,0.0,0,True,schinese,1593561651,1593561651
76561198200425638,450540,125,12,2176,0,1919,1606493843,gun go boom,True,0,0,0.0,0,True,english,1574961397,1574961397
76561198141470573,1091500,0,6,16819,0,2581,1695847021,"It's not perfect, it had plenty of bugs at launch and they still exist a year later, but it's still great and one of the best games I've played in recent time. With mods it's even better.",True,0,0,0.0,0,False,swedish,1611009564,1638032306
76561198314464104,1276800,0,11,1113,0,1113,1684990862,Best Riot Forge game yet,True,0,0,0.0,0,False,english,1684990887,1684990887
76561198351164376,601510,0,10,5477,463,1990,1697977433,"l,",False,0,0,0.0,0,False,italian,1662763931,1662763931
76561197980830880,552520,0,2,5768,0,3676,1633857572,The guy sitting with his guitar playing songs around the fire has the voice of an angel,True,0,0,0.0,0,False,english,1581315899,1581315899
76561199185949294,17390,0,2,1268,0,356,1682482236,ggoodffregameffe ,True,0,0,0.47619048,0,False,english,1656615330,1656615330
76561198139669721,2324650,230,7,324,0,324,1689076354,"Sherlock Holmes, Columbo, Tails the Fox. Great detectives of our time.",True,0,0,0.0,0,False,english,1689076596,1689076596
76561198895306412,322330,27,11,3853,0,2002,1693119327,С друзьями самое то),True,0,0,0.0,0,False,russian,1665992181,1665992181
76561198003030375,991810,3084,747,429,0,429,1559114960,"[quote][url=https://store.steampowered.com/curator/6142328/][b]Like this Review? Follow The Cpt Froggy Club Curator Page for plenty more![/b][/url][/quote]  Strategic Mind: The Pacific: ~~~~~~~~~~~~~~~~~~~~~    Europe had been in terrible turmoil since the invasion of Poland in 1939 by Nazi Germany. The theatres of war were Europe and North Africa until the 7th of December 1941, when the Japanese fleet of the Admiral Isoroku Yamamoto unleashed a lightning and devastating attack on the US fleet stationed on Pearl Harbour, which destroyed or damaged over 20 ships and a few hundred planes. Luckily for the US fleet, the most important vessels, the aircraft carriers, were not in the harbour at the time of the attack. The next day, the United States of America declared War on Japan and officially entered World War II. From here, it will be you who will wear the Admiral’s cap and lead your fleets to victory in Strategic Mind: The Pacific!    Strategic Mind: The Pacific is a turn-based strategy game set in the Pacific theatre during World War II.  The game is developed and published by Starni Games and hit the Steam Store as an Early Access title on April 30, 2019.   In this current build, you’ll be taking on the role of Admiral Chester William Nimitz. There is no tutorial as such, and you’ll be jumping into a mission straight away. I must say, I consider myself to be well acquainted with this genre of game, but I must acknowledge that Strategic Mind: The Pacific is rather challenging, and I don’t think it is because of the lack of tutorial. Actually, The AI is pretty good as I can see so far.   To give you an idea, it took me a good three goes to defeat the first map without achieving all my secondary objectives, and I took serious casualties along the way. So yes, it’s tough but great fun so far. Each mission will have primary and secondary objectives which are located on the top left corner of your screen and just under the Victory bar progress. You can open and minimise them at any given time. Upon successfully achieve a task, points will increase on your victory bar, and similarly, they will decrease if you’re unsuccessful.  Each day has two turns: Day and Night. You might have a blue sky in one turn and awful rain in the next turn, which will impact both visibility and hit points. Your fleet will have a couple of aircraft carriers, aircrafts (fighters and dive bombers), destroyers, battleships and submarines.   Submarine are the most vulnerable units in this game as I can see so far, and they can only shoot one set of torpedos per turn and receive heavy damage when hit. The battleships have two types of guns (main & secondary) and anti-aircraft batteries, while destroyers have a main gun (smaller shell than the battleship), torpedoes, anti-aircraft batteries and depth charges on board to throw into the water in case you detect enemies’ submarines. For the carriers, they have a main gun, anti-aircraft and planes (fighters and diver bombers), of course. As you destroy enemy units, you’ll be rewarded with prestige points which you can use to purchase new units, better ammo (such as fire or piercing shells for your ships) and better torpedoes for your planes, for example.  You can also have land units, but these will only be able to be placed on a battleship. The other aspect I like is the ability to choose what part of ship you want to attack with some of the dive bombers class.  After successfully winning a mission, you’ll end up in the tactical room where you can add skills to your commander (depending how many commander points you have in hand) and purchase new or upgraded units for your next battle.  In regards to the maps, you can see it from a top down view or jump right into the middle of the action; you can use either w,a,s,d or the arrow keys on your keyboard to move around the map.  Graphically the game looks very good and I haven’t encountered too many bugs so far during my gameplay, apart from the annoying crackling sound here and there. I would have liked a tutorial, but it is on its way, along with the ability to play the Japanese side. Personally, I am looking forward to the upcoming updates. So far, so good!  Positives: ~~~~~~~  +	Great graphics +	Good AI +	Challenging gameplay +	Good numbers of units and upgrades  Negatives: ~~~~~~~~   -	No trading cards or achievements at this stage -	Crackling sound here and there  Jump into the shoes of an admiral and relive the World War II battles of the Pacific theatre in Strategic Mind: The Pacific!  7/10  Key provided by developer/publisher for review purposes. Any opinions expressed are entirely my own!  [quote][url=https://www.zeepond.com/reviews][b]READ EPIC REVIEWS FROM “THE CPT FROGGY” AND MATES, UP NOW ON ZEEPOND, THE HOME OF THE ALMIGHTY FROG![/b][/url]  [url=https://www.youtube.com/channel/UCZchpsMdA2hDYJKZgOPdo_w?view_as=subscriber][b]SUBSCRIBE TO THE CPT FROGGY YOUTUBE CHANNEL[/b][/url][/quote]",True,13,0,0.5656191,5,True,english,1559131219,1569482031
76561198931982003,1447430,38,4,13464,0,3963,1695992680,hjj,False,0,0,0.0,0,False,schinese,1673754186,1673754186
76561198282388512,322170,42,3,1953,0,1770,1596444671,bien chido saltar con  kubito alv gg,True,1,1,0.5,0,False,spanish,1532489715,1532489715
76561198086488237,840140,0,99,16,0,16,1532757834,หาห้องนานจังวะครับ ใครมีวิธีทำให้หาเร็วๆบ้างครับ   ถ้าไม่มีสงสัยคงจะได้คืนเงินซะแล้ว,False,1,1,0.47619048,0,True,thai,1532756789,1532756789
76561198078389953,402840,0,22,111829,0,90743,1694039451,"Joguinho cheio de desafios, não somente clicker, pode deixar rodando de boa. É bem colorido, bastante personagens, para quem gosta deste tipo eu recomendo.",True,0,0,0.0,0,False,brazilian,1580224619,1580224619
76561198970917240,246620,203,5,1283,0,584,1671200161,没理由，就是爽,True,0,0,0.0,0,False,schinese,1583471619,1583471619
76561199021781313,990080,25,2,1946,0,1693,1688502453,très bon jeux mais faite attention pour les personnes ayant une cg dans les 2000 les jeux peux lag et par contre personnellement ayant une cg une 3070 ti le jeux a zéro lag il a pas de problème surement que les cg de la gamme des 3000 tiennent bien mauvais point que je pourrais dire aussi et que il n'y auras pas de mode multi sur le jeux ou même de mode coop sinon le jeux et vraiment bien niveau histoire assez long ni trop court ou ni trop long juste se que il le faut pas mal de quêtes secondaires a faire et une bonne map a explorer   voila se que je pourrais dire en 30h de jeux,True,0,0,0.0,0,False,french,1684614665,1684614665
76561198412383528,249230,0,7,5446,0,2505,1582830595,xd,True,0,0,0.0,0,False,romanian,1573675610,1573675610
76561198394928405,1057270,0,15,0,0,0,0,不用买，坑钱的,True,2,1,0.43676034,0,False,schinese,1564235955,1564235955
76561198014372351,646570,335,77,3280,0,870,1525370237,다키스트같은 통수겜 버리고 이겜으로 갈아탑니다. 것보다 꿀잼이네,True,0,0,0.0,0,True,koreana,1516719196,1516719196
76561198126361777,383870,0,39,120,0,109,1531337088,Игра просто супер!Снимает стресс.,True,0,0,0.49010766,0,False,russian,1463405567,1463405567
76561198146442068,648800,89,4,3661,0,47,1687441328,Bon jeu sympa entre potes,True,2,0,0.54545456,0,True,french,1561885529,1561885529
76561198046377290,730,58,2,22813,0,12257,1677110059,사라,True,0,0,0.0,0,False,koreana,1455570229,1455570229
76561199451393951,1172470,0,2,276,0,57,1684068399,Very Fun Entertaining Not anoying players,True,0,0,0.0,0,False,english,1683987094,1683987094
76561198128360550,1286830,288,11,3965,0,1031,1632334898,Stur wurs,True,0,0,0.0,0,False,english,1630429454,1630429454
76561197997710598,228280,207,1,1290,0,1217,1376549871,"""If you liked the original and are looking to walk down memory lane then pick it up. Don't expect anything new though, and be prepared for thoughts like """"I remember this game being better..."""". Things have come along way since the mid-ninties.""",True,1,0,0.52205884,0,False,english,1480205022,1480205022
76561198119187699,1113410,63,2,0,0,0,0,这dlc是所有dlc里面最值得购买和游玩的，有任务系统降低难度和增加游戏进度推动。生物和地形相比于之前的地图也是焕然一新。缺点是需要慢慢体验，没有什么捷径可走意味着不能经常换服玩。新玩家明显更应该买这部，他会让你知道该做什么，当前的水平如何做不完任务的话，打boss也是打不过的。如果困难的任务你觉得太难了，那么你只是实力还不够,True,0,0,0.47770703,0,False,schinese,1614416630,1614416630
76561198256857288,606800,56,11,1196,0,784,1664529106,Super Jeu,True,0,0,0.0,0,False,french,1589485241,1589485241
76561198050583744,214490,0,10,1474,0,1474,1445650649,This game gets atmosphere done better than every other film involving xenomorph after the second one,True,2,0,0.5399516,0,False,polish,1445291629,1445357265
76561198291400565,304930,0,2,1383,0,486,1504637505,10/10 MTV Confirms. This review isnt fake news.,True,0,0,0.0,0,False,english,1502471298,1502471298
76561198206247304,1721470,0,2,216,0,216,1651913548,굳게임,True,0,0,0.0,0,False,koreana,1651913576,1651913576
76561199179791367,252490,5,1,199042,2774,42731,1698636450,it is a amazing game!,True,0,0,0.0,0,False,english,1653935376,1653935376
76561198107983798,578080,55,8,23999,0,22561,1677433905,игра была классная в бето тесте а щяз когда она полность вышла она стала какойто нудненькой но впринципе норм только читеров дофига  ,True,1,0,0.52380955,0,False,russian,1562963192,1562963192
76561198810561662,200710,0,4,4826,0,4231,1691111989,"Fantastic ARPG. Groovy pets, epic items, beautiful dungeons, unique bosses, and, best of all, phenomenal gameplay. A MUST-HAVE for any ARPG fans out there!",True,0,0,0.0,0,False,english,1622445839,1622445839
76561198177936298,253710,172,6,103,0,103,1576792093,you might as well go outside and chase your shadow because that is all you end up doing in this s**t game. The instant you are getting close (600- meters) to be able to take a clean shot the little f**ker runs away again and again and again and again. You will honestly be more likely to find a single cure for all types of diseases than to kill a single animal on this game,False,11,10,0.4775924,0,False,english,1576792526,1576792526
76561199087456646,1426300,0,1,0,0,0,0,ta bueno,True,0,0,0.0,0,False,spanish,1690398114,1690398114
76561198838787496,552990,0,3,7981,0,6059,1680723970,pog,True,0,0,0.0,0,False,english,1630956173,1630956173
76561198088133548,6550,0,1,200,0,170,1640872035,难度太高，手残党无视......,False,0,2,0.3021978,0,False,schinese,1409321878,1409321878
76561198305540496,1536610,0,91,28,0,21,1658550879,i do NOT know what i'm doing.,True,0,0,0.0,0,False,english,1658547431,1658547431
76561198075197007,413150,0,11,5653,0,3795,1643304385,"comfy game. never finished the community center, but its great. makes me feel like I am doing something with my life.",True,0,0,0.0,0,False,english,1639279384,1639279384
76561198803689013,292030,56,6,10053,0,5115,1623168769,"Hra s neuvěřitelně hezkým prostředím a krásnou grafikou, obrovským světem, skvělým bojovým systémem, prostě RPG jak má být :) Jedná se o hru podle knižní předlohy od autora Andrzej Sapkowskeho s neuvěřitelně bohatým příběhem a lehko zapamatovatelnými Postavami +Thicc ženy +výborný soundtrack +Grafické zpracování +Dialogy 10/10 (-ŽÁDNÉ) ",True,3,1,0.5435685,0,False,czech,1578699237,1578699237
76561198062707963,960090,283,10,17368,1,5705,1697683525,Monkey,True,0,0,0.0,0,False,english,1649867968,1649867968
76561197996340707,359550,0,1,80293,0,62620,1692112281,"Игра вышла 3,5 года (!!!) назад,а рейтинговый режим до сих по в бете. Регистрации попаданий нет. Синхронизации нет (пробитая дверь может быть пробита по-разному у каждого игрока, человек может лежать в трупе и стрелять из него, т.к. у него труп лежит в другом месте). Серверов в России нет- сплошные мучения начиная с Центральной России до Востока. Максимально токсичное сообщество, даже в КСГО меньше неадекватов. Игра становится только хуже со временем. Постоянные косяки с реплеем (этим багам уже скоро 3 года). Не портите себе настроение, не стоит эта игра своих денег. Юбисофт поддерживает ее, но только новым контентом (платите денежки за скины), а не исправлением багов и сетевого кода. Бесконечные подключения к серверам",False,8,1,0.57419395,0,False,russian,1551550732,1575728006
76561199055733095,1506830,180,5,12405,0,11109,1674600541,god ,True,0,0,0.0,0,False,spanish,1643174591,1643174591
76561198068160995,226700,185,17,19619,0,19271,1606868336,"pode relançar essa merda 30 vezes, jamais vai chegar aos pés do que era o warz",False,0,0,0.0,0,False,brazilian,1512264101,1606096404
76561197995063293,231200,0,20,910,0,910,1615597700,"Damn, it was a long time coming but I finally finished it.  I was an early supporter of this endeavor. I don't remember exactly how I joined up but I remember playing the first act some time in 2014, and then the next two as they came out. If I'm remembering correctly there was a sizable gap between the release of the third and fourth acts, and that's where I drifted away. But when act five came out in January 2020 it reminded me of the game and I made a note to come back and finish it.  So that's what I did, first replaying the first three acts, then wrapping up the fourth and fifth. And unfortunately I have to admit it was not worth it. As a huge supporter of games as art it hurts me to say that this one misses the mark. It's more visual novel than anything else, lacking even the game play present in the average walking simulator, and being a visual novel it must rely on the strength of its writing above all else. Most video game writing ranges from passable to downright terrible, but KRZ throughout its first three acts maintained a consistently strong level of writing, expressing its ideas through a haze of magical realism. Sadly it loses steam in the fourth act, which is likely also its longest act, as the wheels come off and the story loses focus. Leaving the Zero to drift down the Echo River felt like a mistake, and introducing several new characters at the point where the original cast should have been reaching their climax let most of the emotional heft out of the story. To make matters worse, they abandon the main character without good reason and leave his fate up to the reader, further squandering any emotional connection you may have established. It's never a good sign when you're itching to skip through dialogue as fast as you can when playing a game, and that goes triply so for a game that is literally all about reading.  Despite the letdowns, the premise, art style, music, themes, and characterizations are fantastic, and must be commended. But due to the nature of the experience and how much emphasis is placed on the writing those aspects were not enough to keep the overall game from sinking.  It was a valiant effort, though ultimately one that falls short of its goals.",False,2,0,0.49358973,0,False,english,1615599180,1615599180
76561198035925915,377160,413,32,9740,0,4777,1684514687,Was expecting a Fallout game... got a FPS with RPG elements instead.  0/Settlements need my help will wait a couple weeks before buying the next ( if one is ever made),False,3,0,0.0,0,False,english,1476304095,1476304095
76561198057799636,838330,0,4,457,0,457,1538127384,"Warlords Awakening is not a new game, it is a renamed and modified version of a MMORPG called ELOA (Elite Lord Of Alliance). The first launch for EU was November 2015 and lasted to September 2016 (published by WebZen). November 2016 another company (Game&Game) tried it's luck with the game, it lasted to August 11th. Now here we are with it's 3rd revival of the game, under a new name, stripped of most of it's content. เกมนี้มันย้อมแมวมาขายแล้วเปลี่ยนชื่อ อย่าซื้อนะเห้ยยยย!! ให้พวกกูโดนดักคนเดียวเหอะ!!",False,8,0,0.5136977,1,True,english,1538130140,1538130140
76561198071794071,226700,156,12,77,0,77,1371400260,whoops sorry i meant to buy dayz,False,4,0,0.4920286,0,False,english,1403013770,1483312418
76561198020622929,489830,195,9,44160,0,35085,1692196535,Todd I give my blood sea men and time to your game now i will give the last of my bank account for this as well. I look forward to seeing Elder Scrolls 6 in 10 years. Until then take my money.,True,0,0,0.0,0,False,english,1636656213,1636656213
76561198447219817,230410,29,1,115264,0,64947,1677190032,不怎么好玩 真的不好玩,True,0,0,0.0,0,False,schinese,1636660848,1636660848
76561197975219368,1817190,212,8,863,0,863,1690181355,"Beat the Main Story Line in 14 hours not rushing. My Main Complaint is one of seemingly poor bug fixing in the port. I never had any issues while just out and about, but some missions and encounters would just cause the game to use 100% cpu for no apparent reason. I tried pulling my graphics down thinking that was the issue, but no change. The last section with all the enemies all around Harlem was almost unplayable.  Plenty of random crashes, some of which the error reporter caught and reported, some of them were just hard freezes, where I couldn't do anything, but the ambient sounds were still playing. Really wild stuff, i saw a few of these crashes/freezes while playing the first of this series, but the experience in this one was MUCH worse. It's a shame, because overall, I was having alot of fun with this, and while I'd have liked a few things set back to more like the first one had, overall, I enjoyed the parts of the game that did work.",True,0,0,0.0,0,False,english,1690181769,1690181769
76561198040522001,50130,0,2,1041,0,948,1457294078,Сюжет на уровне. Одна из лучших,True,0,0,0.0,0,False,russian,1454098212,1454098212
76561198302565149,1245620,0,19,9421,0,798,1648889772,感觉流程有点短啊,True,0,0,0.0,0,False,schinese,1645797685,1645797685
76561199019706027,284160,63,8,15573,0,6938,1695535002,good game,True,0,0,0.0,0,True,english,1605148659,1605148659
76561198194753929,2200780,73,3,88,0,66,1692353223,MORE FURNITURE!!!!MORE LITTLE GADGETS!!!!,True,0,0,0.45566502,0,False,english,1676969053,1676969053
76561198134880334,204300,0,3,392,0,96,1473757427,"Actually this game is good, just like GigaSlave with more feature. but the online players is too few, i never can play online. i just can play with bots and it's boring. I think this game price is too high so the player is few.",False,0,0,0.0,0,False,english,1468664591,1468664591
76561198129023076,4000,0,4,183484,464,80690,1698565337,Makes me woke at 3:00 am,True,1,1,0.52380955,0,False,english,1575141554,1575141554
76561198123334124,364360,45,17,245,0,69,1694853825,"69 minutes of play (yes i know, the play time is not intentional)  I give up, can't launch any Campaign. The game crash at 95% on loading screen. And now the Spyware thing?  I do not recommend TW Warhammer, save your $.",False,1,1,0.47803164,0,False,english,1529935169,1529935169
76561198872384930,550,54,11,1200,0,184,1679929881,классика,True,0,0,0.0,0,False,russian,1579617402,1579617402
76561197960700899,105600,0,2,14458,0,12223,1696702979,Extreme value for a small price.,True,0,0,0.0,0,False,english,1561813118,1561813118
76561199086570087,1815780,235,2,52,0,42,1669246721,dashoras,True,0,0,0.0,0,False,brazilian,1669246698,1669246698
76561198986715111,1517290,33,11,5034,0,356,1693489575,poggers,True,0,0,0.42716867,0,False,english,1639928314,1639928314
76561198025341928,1162960,0,91,603,0,93,1641625908,우리 마음속의 영원한 동네형 AVGN!,True,3,0,0.5652174,0,False,koreana,1638711627,1641265389
76561198274780488,730,13,3,34975,798,29324,1698812048,ngon,True,0,0,0.0,0,False,english,1670387076,1670387076
76561198404043831,578080,3,1,12455,0,4792,1612716420,垃圾垃圾,False,0,0,0.0,0,False,schinese,1577275371,1577275371
76561198275032054,588650,0,8,11350,0,5290,1678013884,I like the funny dialogue. Gameplay's good too,True,0,0,0.0,0,False,english,1606376342,1606376342
76561198972827472,219150,0,3,957,0,258,1690931677,This is one of the best games I've ever played.,True,0,0,0.0,0,False,english,1585154589,1585154589
76561197993236686,962130,0,5,34180,0,12290,1693118527,Fantastic game concept with interesting mechanics building and adventuring is really entertaining.  Early game content is great late game content is plentiful but replay ability is off the charts there is so much to do after you beat it once start a new game and build something amazing or scary.  Would be a fun game to play with friends.,True,0,0,0.0,0,False,english,1669190960,1669190960
76561198135128648,1313140,0,1,3312,0,3312,1662867482,"You see those screenshots? You think they're cute? Then get the game, now.",True,0,0,0.0,0,False,english,1662867742,1662867742
76561198314893810,814380,0,25,7687,0,1305,1636205482,反正很棒！！！！！！！！！！！！！！！！！,True,0,0,0.0,0,False,schinese,1554037543,1554037543
76561197972087524,380,261,32,727,0,727,1608092660,"Great game, but another cliffhanger ending.  It's also very short compared to HL2, but if you're trying to get all the achievements it will last a little longer.  The title of the game is also a little confusing.  Shouldn't HL2 be called episode 1 (which would make episode 1 episode 2 and episode 2 episode 3)?",True,0,0,0.0,0,False,english,1608092958,1608092958
76561197970355287,648800,912,38,2501,0,1577,1663446953,When you die the items on your person despawn. This is supposed to be a survivor game and they add such a rookie mistake. That makes the game really fun when they break the gameplay with large islands and bears you have to fight,False,0,0,0.4741379,0,True,english,1581855319,1581855319
76561198006426761,312530,442,42,838,0,576,1651673810,"If Super Smash Bros had a bastard child with Soldat the child would be Duck Game.  +Smart presentation that makes it easy for anyone to pick up and play in no time. +Hectic fast-paced LOCAL multiplayer that emphasizes on both strategy and crazy KOs. +Good gamepad support, hooked up a Xbox and PS3 controller in no time. +Great soundtrack, lots of homages to, and remixes of retro games +Duck syntesizers!  -Somewhat clunky menu navigations when using controller.",True,0,0,0.47263682,0,False,english,1453251768,1453323755
76561199017117630,304212,14,7,0,0,0,0,sheshhhhh,True,0,0,0.0,0,False,english,1621852198,1621852198
76561198831164372,271590,126,24,2080,0,781,1637399147,不是吧不是吧，还有人没买gta5吗，这么好玩，挑个促销打折的日子还不赶紧冲冲冲,True,0,0,0.0,0,False,schinese,1632319080,1632319080
76561198823534078,1517290,201,9,82,0,82,1637339963,trash game,False,122,5,0.4327681,0,False,english,1637342285,1637342285
76561198035329202,233250,458,117,8,0,8,1459628629,"""Não recomendo a ninguém. Prometeram muito na campanha do Kickstarter e não entregaram nada. Muito simples, jogabilidade ruim e devido a escala mal feita os gráficos acabam ficando ruins. Se eu tivesse comprado pediria reembolso, ams como comprei pela campanha do KS acabei tendo de ficar com o jogo. Ainda lançaram outra """"expansão"""" que não foi gratuita pra quem ajudou na campanha. Basicamente é o mesmo jogo só que com mais um pouco de conteúdo. Não irei comprar mais nenhum jogo dessa produtora.""",False,0,1,0.47619048,0,False,portuguese,1459628714,1463014325
76561198121047735,218620,111,7,9374,0,9149,1529228965,после 155 часов я готов ограбить любой банк (нет),True,1,1,0.52380955,0,False,russian,1513342773,1513342773
76561198816924313,730,13,2,22582,0,1643,1697382995,nice,True,0,0,0.0,0,False,schinese,1600768353,1600768353
76561199076940904,1238810,2,1,527,0,485,1639881924,PP,True,0,0,0.0,0,False,schinese,1638941188,1638941188
76561198930089699,730,23,5,13390,0,12484,1670902710,gud game,True,0,0,0.0,0,False,english,1604953163,1604953163
76561197963656082,1333220,0,28,0,0,0,0,"Worked just fine for me, although STEAM makes it entirely too complicated to cancel the sub if you're inactive. Paid like 3 months that I didn't play the game because I kept forgetting to dig through menus to cancel my sub.",True,8,3,0.59900707,0,False,english,1608815865,1608815865
76561198126780111,1165262,0,170,0,0,0,0,1000원 번들세일때 구매했습니다. 보꼭지만 나오는 DLC입니다. 사실 필요 전혀없습니다.,False,1,0,0.5080092,0,False,koreana,1612967789,1612967789
76561198071709664,690790,0,30,7844,0,332,1655445292,"Muy buen juego para disfrutar del Rally y del Rally Cross. Tengo joystick y es muy jugable, no me quiero imaginar lo hermoso que debe ser con volante.",True,0,0,0.0,0,False,spanish,1609317037,1638080889
76561198407629050,9200,51,1,1061,0,925,1543163377,"В игре есть большой выбор ручного оружия, причём присутствуют как классические образцы оружия. Действие игры разворачивается в постапокалиптическом мире, который похож на мир.",True,0,0,0.0,0,False,russian,1542899874,1542899874
76561198043228898,453480,0,10,1566,0,1439,1667627324,It's Hearthstone but like with anime. So if you like Hearthstone and anime you'll really like this.,True,0,0,0.0,1,False,english,1667619742,1667619742
76561198127809675,369080,1761,17,427,0,425,1450403168,very bad optimalisation,False,4,0,0.50688076,0,True,english,1450321803,1450321803
76561198991161398,1257200,0,2,997,0,997,1654702906,劇情王道、人設有趣、玩法不錯，但比較不實用,True,0,0,0.0,0,False,tchinese,1654702980,1654702980
76561198096430806,222880,0,19,1166,0,836,1661452803,"""Won a match as security forces and all the insurgent team started yelling """"ALLAHU AKBAR"""" on their microphones.  10/10 would bomb again""",True,0,0,0.0,0,False,english,1417956819,1417956819
76561198073365787,1180270,0,3,148,0,148,1575386232,ภาพสวย/เล่นเพลิน/ตัวเลือกน้อยไปนิด/จบไวไปหน่อย โดยรวมถือว่าดีครับ,True,0,0,0.0,0,False,thai,1575459425,1575459425
76561198032732504,420290,157,3,64,0,64,1500597081,"A bit violent. 20+ at least to play this game. I think that I would be a really good captain.. But I never got voted for captain, the developers should really fix this... For new players like me. :) Keep up the good work",True,0,1,0.0,0,True,english,1500582177,1500582177
76561198202689638,268500,108,13,2407,0,649,1582383963,Très bon jeu. Difficile quand on ne connait pas mais avec des mécaniques intéressantes . ,True,0,0,0.0,0,False,french,1566425397,1566425397
76561197974761427,1428420,0,2,2391,0,948,1695673132,The only good nuclear reactor sim to come out in decades.,True,15,2,0.636431,0,False,english,1679236686,1679236686
76561198084255992,848480,0,5,24611,0,14890,1691811462,fun game lots of custom maps,True,0,0,0.0,0,False,english,1649624010,1649624010
76561197996798064,311290,0,1,1590,0,1579,1667937003,einfach top des spiel :),True,0,0,0.0,0,False,german,1606595493,1606595493
76561199021182951,359550,0,1,2474,0,1478,1580998134,6666666好玩,True,1,0,0.52380955,0,False,schinese,1580041602,1580041602
76561198315310901,271590,81,4,34300,36,23455,1698395399,"By now everyone has heard about the game GTA v the game made by Rockstar studios, the game has a Multiplayer and a Singleplayer mode in this review I will focus on the Multiplayer. In GTA v you start as a criminal arriving in Los Santos (based on Los Angeles). Your job is to start a criminal empire by purchasing and running various businesses, but that’s not all, GTA v is an open-world game so whenever you “feel like it” you can drive a car or fly a plane across Los Antos, and there is A LOT of areas to discover. Another feature of the game are races and adversary modes that you can play online or even better against your friends, and it’s so much fun. I believe that I should mention, that GTA v is an M rated game that may not be suitable for kids. In conclusion, GTA v is a great game who features a lot to do, it has different activities to do, and is constantly getting updated. Although, I would recommend buying the game at a sale, at around half the price.  ",True,1,0,0.48969072,1,False,english,1574803248,1578511857
76561198253727465,391420,0,2,118,0,90,1503225510,Nice game. almost 4 free,True,6,0,0.48134792,0,False,english,1489338380,1489338380
76561198063138608,4000,120,1,136924,0,128354,1590876702,darkrp is shit,True,0,0,0.0,0,False,english,1578234006,1578234006
76561198047099360,845070,279,12,147,0,147,1529959806,"Very nice story and art. I enjoyed myself quite a bit. Having said that, this is definitely just a demo and not a full game like they were saying it was at E3. Still worth your time and definitely fun, but wanted to make that clear for you all. If you want to hear more of my thoughts and see gameplay, check out my video here: https://www.youtube.com/watch?v=xAnWmRugFIQ",True,0,0,0.0,0,False,english,1529968075,1529968075
76561199070794510,1625450,50,20,1149,0,875,1691245119,Muck ,True,0,0,0.0,0,False,english,1658667245,1658667245
76561198157482510,271590,134,10,49989,0,42034,1663789248,Turtleneck Lester,True,0,0,0.0,0,False,english,1576602120,1576602120
76561199202732954,236390,0,3,9959,0,144,1690247557,fun ,True,0,0,0.0,0,False,english,1655253269,1655253269
76561198100430358,1938090,0,12,1773,0,1773,1671431341,#LeaveTheKidsAlone,False,3,0,0.52380955,0,False,english,1686835878,1686835878
76561198306619542,1245620,123,1,4688,0,4307,1696094108,"definitely one of the best open world game, you are free to do whatever you want. its like the child of zelda botw and souls games. good for new souls players like me or veterans",True,0,0,0.0,0,False,english,1648268760,1648268760
76561198029241339,381210,0,34,2953,0,1526,1689880473,"Oyuna 5 oyuncu giriyorsunuz. 4 oyuncu hayatta kalmaya çalışıyor, 1 oyuncu ise katili oynayarak hayatta kalanları öldürmeye çalışıyor. Oyunda 5 tane elektrik jenaratörü tamir etmeniz gerekiyor. Tamir yaptıktan sonra kapı aktif oluyor  ve kapıyı açarak kaçıyorsunuz oyunu kazanıyorsunuz. Eğer kaçamazsanız katil 4 oyuncuyu öldürürse katil kazanıyor.  Hayatta kalanlar bütün oyun saklanarak diken üstünde oynuyor. Katil ise koşturarak hayatta kalanları arıyor. Hayatta kalanları farketmek oldukça zor. Gece, sisli, ağaçlı ve orta büyüklükte bir haritada bazen hiç rastlamıyorsunuz bile.  Oyun tek kelimeyle harika. Gerilim, aksiyon, puzzle her şey mevcut.  www.oyuncunundiyari.com",True,0,0,0.0,0,False,turkish,1466643328,1493692602
76561198982041396,431960,0,6,698,142,214,1698583103,kpkp,True,0,0,0.0,0,False,hungarian,1636039420,1636039420
76561198168781999,437700,0,17,0,0,0,0,我草你妈的育碧，差评,False,2,0,0.47341773,1,False,schinese,1466756772,1466756772
76561198283336111,377530,117,9,324,0,140,1502044830,"原谅我给个差评,买的游戏竟然闪退,无法解决,6代核显问题,玩个屁啊,国产失望",False,3,4,0.44559443,2,False,schinese,1472936333,1472936333
76561198043977377,730,0,2,115152,0,603,1654093172,хуйня,False,0,0,0.0,0,False,russian,1574865833,1574865833
76561198006802288,313120,0,1,194,0,194,1648848416,Leider absolut benutzerunfreundlich und frustrierend.,False,0,0,0.0,0,True,german,1648850393,1648850393
76561198149614340,730,20,1,8113,0,1842,1686660166,硕大的撒,True,0,0,0.0,0,False,schinese,1598347184,1598347184
76561198158750150,431960,228,5,4210,0,278,1697596069,"Es un excelente sofware para tener fondos de pantalla propios o personalizados, además que esta económico. Por otro lado, la Worshop esta repleta de fondos de pantalla así que si no le tienen la maña o la practica a animar el fondo de pantalla tienen cientos y cientos de fondos de pantalla para elegir uno, lo cual hace casi imposible no elegir un fondo de pantalla.",True,0,0,0.0,0,False,spanish,1590664491,1590664491
76561198411088838,1468810,0,1,4572,0,2115,1646392383,超好玩，肝不要了就完事,True,0,0,0.0,0,True,schinese,1614437963,1614437963
76561199180964840,730,10,2,11005,0,188,1697120401,а,True,1,0,0.52380955,0,False,tchinese,1632756359,1632756359
76561198116863018,916000,199,36,0,0,0,0,"Браво, маэстро. Мои бесконечные любовь и уважение",True,4,1,0.5217391,0,False,russian,1581543072,1581543180
76561198454346090,836640,0,94,991,0,898,1586123410,"""之前提供了第一章的试玩版的时候被选中了，那个时候就感觉这个游戏作为AVG中规中矩，没有给玩家太多的选择空间，roll点虽然看似随机但是其实根本不随机。虽然剧情还算不错，但是措辞和文笔真是一言难尽，日轻翻译腔之类的就不用我再多说了，在这之上还总是有一些奇妙比喻，人物说话像念剧本，根本不像正常人的说话方式，旁白和内心独白也就像是单纯地堆砌华丽的辞藻一样很空洞...推理环节有时候感觉明明就是自己想的那样，但是线索的选择怎么选都选不对，人物的代入感也很低，可以说根本没有作为玩家去“扮演”一个游戏角色（也是个人认为TRPG最重要的地方）的余地，克系的氛围也塑造的不是很让人满意，可以说只是用了克苏鲁体系里的元素而已。可能是当时B站的测试问卷问的问题给了我太高的期待，而且当时是笔记本玩的，用触摸板没办法放大关系图，明明说的是测试但也没找到反馈的地方，感觉有点糟心，觉得这个游戏就这样，也没有买正式版。 后来是涉及到混沌元素那边的版权问题删除了TRPG的要素，后来降了波价想了想还是买了，拖拖拉拉到现在终于玩完了。怎么说呢，我一开始的感觉还是没有什么变化，而且第四章还玩钢炼的烂梗，我觉得有点过分。 没有中评的情况下，纠结了一下还是给了好评，至少它剧情编排很出色，也足够精彩，特别是第四章到第五章的那个转折过场，真的很出人意料。第五章和之后的伏笔也从一开始就埋下了，最后回收伏笔的时候给人感觉还是很舒爽的，也没有逻辑上的硬伤。而且[spoiler] 作为一个就算拼命放水也希望玩家能走到好结局的HE强迫症KP，这种普通人用自己的平凡创造奇迹的 [/spoiler]结局还挺戳我，甚至说我还挺惊喜的，看到的时候有种“原来还能这样""""的感觉。音乐中上水平，和剧情契合度也不错，人物[strike] 虽然有点脱离实际但是考虑到自己做调查员的时候也没少车过怪卡的话 [/strike]还挺可爱的。[strike] 然后我也是个[spoiler] 犹格索托斯 [/spoiler]信徒所以...... [/strike]最后，作为一个国产游戏我觉得有这个质量挺值得鼓励的( •̀ ω •́ ) 期待制作组下次能带来更精彩的作品。""",True,0,0,0.0,0,False,schinese,1586112176,1586112176
76561198040323754,339800,413,21,863,0,863,1519785501,Big bobs and big dreams.,True,59,36,0.78758395,0,False,english,1529885693,1529885693
76561198212356621,789100,0,16,10568,0,7164,1589616575,"très bon jeu ,mais je pense que l'on doit y mettre beaucoup d'argent ,ce qui est dommage .",True,1,0,0.0,0,False,french,1589274985,1589274985
76561198292175000,360740,159,14,267,0,23,1679808535,"This game is the kind of game that makes you want to rip your lungs out, but, despite the pain, you must keep going.",True,1,1,0.46320546,0,False,english,1480173506,1480173506
76561197969262292,110800,510,57,503,0,503,1325664000,Good old rockstar have some really good games. This is one of them.,True,0,0,0.0,0,False,english,1389832805,1389832805
76561198397469644,386180,24,8,79799,278,14419,1698261902,игра супер ,True,0,0,0.0,0,False,russian,1586707136,1586707136
76561198844193041,227300,3,1,22524,82,12878,1698347511,eğer arkadaşlarınızla çok oynuyorsanız dlcleri alın 2-3 tane de olsa sarıyor ve aşırı güzel,True,2,0,0.5435685,0,False,turkish,1606295670,1606295670
76561197996110261,48700,458,4,5239,0,5042,1464126808,Super addicting.,True,0,0,0.0,0,False,english,1480212231,1480212231
76561198101027976,728880,184,31,293,0,293,1571406879,분명 친구들과 진지하게 빡겜 하면 금방 별3개로 클리어 하지만 그 누구도 진지하게 하지않는 게임 하지만 그러기에 즐겁고 재밌는게임 ,True,1,0,0.52380955,0,False,koreana,1596210910,1596210910
76561199215528497,730,1,1,33605,0,17310,1696068723,good ,True,0,0,0.0,0,False,english,1654368062,1654368062
76561197993468742,40700,262,35,221,0,221,1312527600,獨特的美術風格，巧妙的解謎設計，喜歡益智解謎的朋友一定要試試！遊戲音樂也非常棒哦！,True,0,0,0.0,0,False,tchinese,1313174218,1313174218
76561198046537775,730,0,1,105639,0,103305,1653603381,One of the best,True,1,0,0.52380955,0,False,english,1602254471,1602254471
76561198328324782,719040,0,6,3199,0,1909,1649490935,"super fun. lots of freedom with team building and the world is deep. it can be a bit slow ate times, but that is not a bad thing with how this game plays. i find it is a game best played for a few hours a day over a long period of time, not one to be rushed through during a long weekend.",True,0,0,0.0,0,False,english,1601530433,1601530433
76561199229269326,298630,0,6,1262,0,1237,1689553874,"Its a good game but the second one is way better. Overall my experience of the game was a fun one, but for you to know anything about what you are supposed to do you would have to look up a guide. The game explains the mechanics very poorly and it is almost impossible to find out all the crafting recipes on your own. So if you are going to play the game, look up a guide or go on the wiki first.",True,0,0,0.0,1,False,english,1689199964,1689199964
76561198308739563,437160,0,5,45,0,45,1478903247,This Game was so beautiful and touching. Definetly recomend,True,0,0,0.4977029,0,False,english,1478903321,1478903321
76561198962697385,235460,100,13,14539,0,136,1585242165,"Meoo deus que jogo magnifico, tudo nele e bom, sua mecânica de combate, AS MARAVILHOSAS TRILHAS SONORAS, AS MARAVILHOSAS CENAS DE AÇÂO e todo o resto shuahsushau",True,0,0,0.0,0,False,brazilian,1562699624,1562699624
76561198208256703,1455630,0,42,133,0,83,1690530704,So fun wouldn't play again,True,0,0,0.47619048,0,False,english,1653160498,1653160498
76561199001679177,1244460,0,1,932,0,414,1685464451,Dinosaurier!,True,0,0,0.49107143,0,False,german,1673803575,1673803575
76561198259264588,588430,255,11,54,0,54,1493315800,"""""""saving""""""",True,0,2,0.46376812,0,False,english,1501267747,1501267747
76561198165606824,3480,10,1,27,0,27,1482861556,"For the amount I paid for this game, I would expect a better game, but I was deeply disapointed.",False,0,4,0.31678665,3,False,english,1513713256,1513713256
76561198057008806,105600,0,1,14641,0,13649,1664980028,*click* NOICE,True,0,0,0.0,0,False,english,1602838948,1602838948
76561199229221911,489830,12,8,5364,0,412,1675470307,best game ever,True,0,0,0.0,0,False,english,1651450134,1651450134
76561198819246470,1134710,0,1,502,0,30,1677220272,内地的人口密度有一点尴尬啊。。。。。。开发者如果来中国的话肯定会要挤地铁的，希望更新的时候能修补一下,True,0,0,0.0,0,True,schinese,1612697012,1612697012
76561198142530401,219150,0,3,1211,0,1088,1681198416,"If you love dubstep and murder, get it.  1337/420 Would kill again",True,1,0,0.5020747,0,False,english,1443916481,1443916481
76561197999298595,244850,0,26,16,0,16,1674614641,tutorial was terrible. incredibly confusing. no idea what the hell was going on or what anything was. i got this game for %50 off and am sure i got completely ripped off.,False,9,4,0.56821007,0,False,english,1674614725,1674614725
76561198047463541,424370,0,1,4849,0,831,1679673097,"I decided to wait until we some of the story was released before writing a review and I'm glad I did. While I enjoyed killing time with the random scenarios, the story of Act 1 really brings the game to life! The writing is very good and the voice acting is phenomenal! They added a lot of cutscenes, and while some of them could use a little more polish, I have really enjoyed them. The game has been in development for quite some time, but in my opinion the wait seems to be worth it. I anxiously await the release of the next content patch!",True,0,0,0.0,0,True,english,1561818537,1561818537
76561198833687227,359550,0,1,78074,0,64980,1644670535,시즈 탈출은 능지순,False,0,0,0.0,0,False,koreana,1534851698,1593460885
76561199092175692,105600,0,1,18665,0,3215,1661498169,yyds,True,0,0,0.0,0,False,schinese,1624261743,1624261743
76561198125455667,624270,155,53,1204,0,1204,1565097335,数了下，我记了35页的笔记，故事略狗血，但推理解谜部分确实硬核，全镇人都记日记那可太真实了（。 最后友情提示各位，外国人记日期习惯是先日月再年份，我按照年月日这个顺序可卡太久了……,True,89,39,0.89542145,0,False,schinese,1565097598,1565097598
76561198081777252,301520,95,1,919,0,913,1488108453,В мой первый бой на меня напал большой летающий елдак!!! Рекомендую!,True,0,0,0.4873418,0,True,russian,1488006236,1488006236
76561198084497704,1271671,0,11,0,0,0,0,和Groove Coaster的联动曲包，附带一个主菜单主题界面和一对Gear+Note。 十首曲子的风格十分相似，大部分都是高BPM的EDM(具体分类我分不清，大概是Drum&Bass？) 对于曲子的一些主观的直觉上的感受，第一遍停下来觉得这个曲包就是在强奸我的耳朵。反复听了几遍后，其实还听的下去，但是并没有曲子能给我留下深刻印象。 BGA拿Groove Coaster游戏里铺面做了个镜像翻转，给人感觉很敷衍。 谱面把6B的都玩了一遍，都做的不错，SC的谱面也对得起这个难度。 总体感受是个可堪一玩的曲包，但是单看曲子和V Extension一比就感觉落差很大了。 ,True,2,0,0.5473251,0,False,schinese,1588813308,1588813308
76561198829462467,1378990,22,7,221,0,154,1696604358,El comienzo de una nueva historia,True,0,0,0.0,0,False,spanish,1689006680,1689006680
76561198432048382,1338770,0,4,1244,66,438,1698238566,암살 잘함,True,0,0,0.0,0,False,koreana,1660224016,1661010359
76561198298896749,1717510,0,9,615,0,160,1696779434,"I'm lost in a world where I'm a white guy that can actually jump, *sorry mario*. I'm decrypting frog noises in a absurd trading system to get my boat and bush back into the sea. (*Thats not a dating reference please don't DM me*) I'm racing and trying to hop all over the island and still haven't figured out my full purpose in life.  My time on frog Island is very nice and I'll miss it when my time is done.",True,0,1,0.45643157,0,False,english,1657726583,1657726583
76561198292047965,677620,0,2,26568,0,3563,1695405095,good game really fun and a new concept,True,0,0,0.0,0,False,english,1633124958,1633124958
76561198122643509,752590,0,12,1172,0,1172,1643051730,"Ein Meisterwerk. Audio, Grafik, Lore, Dialoge - Sehr feingeschliffen und ordentlich. Ich war skeptisch aufgrund der einfachen Game Loop, aber sie ist so gut umgesetzt, dass durch kleine Veränderungen Steine Werfen und Flammen an- und ausmachen durchaus herausfordernd und interessant wird. Die Lore ist genial unerwartet, das Ende vorhersehbar und dennoch ein episches Gefecht.",True,0,0,0.0,0,False,german,1643073360,1643073360
76561197993756826,494150,0,1,1081,62,62,1697815825,"Amazing experience! I'm a vocal boxing fan with plenty of advice to give Anthony Joshua and Tyson Fury when they're in the ring. That's all ended now.  I gloved up for TOTF and after three rounds, couldn't lift my arms.  It's now a staple of my home workout routine and I keep quiet when watching real bouts.  So, to anyone with a VR headset....really, you need to buy this now.",True,0,0,0.0,0,False,english,1577002735,1608365426
76561198971077351,730,15,2,30706,0,676,1632553213,rush B就完了,True,0,0,0.0,0,False,schinese,1585526784,1585526784
76561199041015932,367520,0,1,19717,0,7193,1665870890,Best Game I've Ever Played By Far!,True,0,0,0.0,0,False,english,1607348676,1607348676
76561198146329912,252490,32,7,490,0,483,1515690642,говно из жопы,True,1,0,0.49792534,0,True,russian,1515691023,1515691023
76561198040916607,548570,112,44,30,0,30,1558020052,"Предзаказ --> предзагрузка --> игра не совместима с процессором --> возврат денег. Игру рекомендовать не буду для того, чтоб разработчик в следущий раз подумал перед тем, как выпускать сырую игру.",False,9,0,0.48000738,0,False,russian,1558117936,1558117936
76561199013686005,431960,24,10,1667,0,1087,1695574129,noice,True,1,0,0.52380955,0,False,french,1606765000,1606765000
76561198126282973,730,0,1,8169,0,3955,1468842026,Not working!   Unable to load... filesystem_stdio.dll,True,0,0,0.0,0,False,english,1454948394,1454948394
76561197969300197,1938090,0,1,25836,0,452,1693593886,"Franchement je vous déconseille la version pc, plantage régulier et aucune action ne sera entrepris par activision pour régler le problème vu que ce genre de problème perdure depuis Vanguard.  Le prix ne vaut pas la peine, à partir du moment où ce sont les joueurs qui doivent tenter (oui tenter car cela ne règle jamais les problèmes) de solutionner les problèmes graphiques...... À fuir",False,0,0,0.0,0,False,french,1667582842,1667582842
76561198266929707,428690,41,10,852,0,632,1659733868,goodness,True,0,0,0.0,0,False,english,1584185898,1584185898
76561198033070027,548430,0,9,5800,0,5743,1668379735,rock + stone 4ever,True,0,0,0.0,0,False,english,1668354959,1668354959
76561198038975571,220240,439,55,1476,0,1476,1496142604,"Far Cry 3 was a lot of fun. It was a good story with a surprising amount of twists, the world was great, wonderful setting to walk around and explore casually with a gamepad from the couch. Combat is not great, but it does not really need to be. I really liked the characters, they felt like people with emotions. I am really looking forward to purchasing Far Cry 4 and delving into the land of Kyrat!",True,0,0,0.0,0,False,english,1496142824,1496142824
76561199183489479,346110,0,3,267,0,195,1656132254,김윤이에게 감사를 표합니다 ,True,0,1,0.0,0,False,koreana,1632644133,1632644133
76561198055614204,227300,0,2,2978,0,2917,1623010875,Понравилось всё. Не понравилась цена на дополнения!,True,0,0,0.0,0,False,russian,1622817924,1622817924
76561198002877836,1517290,101,4,8699,0,2645,1678138153,"Over 100 hours in this game. Here is my honest review.   There are like 25 different things to do in this game, and only 3 of them are fun.  - The guns are in a terrible position. They are unbalanced and bloom is stupid.  - The maps were made for a Battle Royal. It's obvious, and they just tossed 128 players into it.  - They is barely any destruction, and the buildings that are destructible are in pointless parts of the map.  - The end of round winners circle is some APEX stuff for sure. Including the cringe quips by specialist.   So much more, but I will leave it at that. Everyone else in the reviews already hit on what the game is missing.    This game is not worth full price.If the price were set to $30, I would recommend this to people and tell them to be patient.",False,1,0,0.52380955,0,False,english,1637369062,1639119697
76561198426319606,1100620,0,6,14796,0,592,1687963220,car voilà,True,0,0,0.46768707,0,False,french,1582326514,1582326514
76561198879142239,730,17,1,41389,276,20277,1697818567,Топовый шутер,True,1,0,0.49125594,0,False,russian,1571814812,1571814812
76561198414397043,1167630,51,1,2145,0,822,1656391478,it is a great game cant wait for updates to continue the campaign.,True,0,0,0.0,0,True,english,1604472847,1604472847
76561198973504621,814380,0,19,5366,0,528,1695003317,"el juego puede ser retador para jugadores poco experimentados con los juegos de fromsoftware, pero una vez conectas con lo que juego te pide y comienzas a dar lo mejor de ti, es sencillamente espectacular, ninguna sensación mejor a finalmente derrotar a un jefe que te las puso muy difícil. totalmente recomendado para los que quieran un reto. ",True,0,0,0.0,0,False,spanish,1580111269,1580111269
76561198079083076,578080,296,123,7302,0,935,1694185059,Deathmatch Sandbox 10/10,True,1,0,0.4961849,0,True,brazilian,1508114120,1508114120
76561198014531733,730,0,2,7691,471,1794,1698777380,go go go,True,0,0,0.0,0,False,english,1453273141,1453273141
76561197967100196,730,0,1,129581,0,41000,1498313182,Amazing and fun game!1,True,0,0,0.0,0,False,english,1473085041,1480259211
76561199003940955,1017900,0,5,288,0,101,1646277116,"in multiplayer è impossibile invitare amici in una partita, perchè è super baggato",False,0,0,0.0,0,False,italian,1586454749,1586454749
76561198143693341,578080,61,5,9933,0,2482,1567610370,10/10 не прогруженныйх зданий 10/10 смертей из-за лагов,False,3,1,0.5164888,0,True,russian,1492848520,1492848520
76561199469118351,730,39,11,28056,0,351,1685713169,Ujdzie,False,1,0,0.52380955,0,False,polish,1676243072,1676243072
76561198061154776,815460,0,4,0,0,0,0,"DLC Released one minute ago, can't install it.  worst game ever, 0/10 would play again  But seriously, this is gonna be brilliant",True,0,0,0.49748746,0,False,english,1551373494,1551373714
76561199243421657,233450,0,1,3544,0,180,1697092979,"Really addicting. Would probably recommend. Can be buggy in some places though, so if you hate bugs stay away, otherwise great game!",True,0,0,0.0,0,False,english,1688154355,1688154355
76561198264922767,435150,43,12,8070,0,2320,1655307873,一个字，好。第一次接触CRPG，神界原罪2yyds，RPG届天花板,True,0,0,0.0,0,False,schinese,1618732785,1618732785
76561198844334851,925859,0,27,0,0,0,0,Amo esse jogo <3,True,0,0,0.0,0,False,brazilian,1550707669,1550707669
76561198262942016,252490,173,55,13502,0,4142,1671976685,Бомбилово(рейд),True,0,0,0.0,0,False,russian,1576164957,1576164957
76561198372705284,305620,0,4,13043,33,2872,1697175278,GOOD!,True,0,0,0.0,0,True,schinese,1499216804,1499216804
76561199122614536,648800,0,5,4078,0,3251,1694107537,This game is super fun <3 Fully recommend if you like more open ended games with more coming!,True,0,0,0.0,0,True,english,1629865516,1629865516
76561199140122289,1782210,59,13,47,0,28,1649468897,Needs more milk,False,0,0,0.47619048,0,False,english,1645690480,1645690480
76561198139028178,242760,396,125,791,0,547,1643159283,Engine test: the game,True,1,0,0.50134045,0,True,english,1434180247,1434180247
76561198071233564,304390,0,2,44522,0,32074,1693584333,game can be fun but given the extreme lack of sh1t given by both the community and development team its a dice roll weather its even fun good luck you will need it 1000% of the time.    1st review had some chance they would make the game better they did not doubling down on shitty ideas that could be good if they brought the rest up to speed but no the trickle dik nonsense is killing the game. Their choices alienate a majority of players who pick anything that has not had a broken rework.,False,0,0,0.0,0,False,english,1645837600,1658703009
76561198119075154,207610,73,4,2282,0,2282,1606423013,would replay over and over again.,True,1,0,0.5161291,0,False,english,1508068478,1606423151
76561198079247372,578080,141,4,28491,0,12264,1608736444,banaan,True,1,1,0.50248754,0,True,dutch,1498325466,1498325466
76561198036144080,555570,0,261,10607,0,1578,1692196975,Classic game.... Coming from a OG ISS player and having my fair share of hours in all the other versions ranging from Classic to even infestation Thailand the game has had its really fun ups but it's a shame to see what this game became... part of me wishes people would play this game again like it's 2013 and part of me wishes they would just put it out of it's misery...  5/10,False,0,0,0.47393364,0,False,english,1480474416,1603947591
76561198338756734,310950,0,13,599,0,599,1677983554,Não tem a makoto👎,False,2,2,0.54545456,0,False,brazilian,1687730844,1687730844
76561199199441414,251570,0,4,8064,730,181,1698313007,l,True,0,0,0.4814189,0,True,english,1690275462,1690275462
76561198990583837,1293830,0,13,1493,0,609,1646828208,无敌好吧，这开车游戏无敌好吧，是我玩过的最好玩的开车游戏了,True,0,0,0.0,0,False,schinese,1625373443,1625373443
76561198139560752,241930,113,7,4167,0,1092,1526233009,"Cień Mordoru to złożona, taktyczna bijatyka (w dobrym znaczeniu) o najlepszych cechach gier Assassin's Creed i Batman. System nemezis jest świetny, mocne i słabe strony kapitanów i wodzów są super oraz system ulepszania swoich broni używając run o różnych statystykach i poziomach. System levelowania i ulepszania to standart ale i tak cieszy! Polecam tą grę zarówno dla fanów takich gier jak i dla fanów Tolkiena",True,1,0,0.5217391,0,False,polish,1419956351,1419956351
76561198969831932,1085660,0,3,372,0,322,1616584164,its good ,True,0,0,0.0,0,False,english,1616581178,1616581178
76561198426508224,730,6,1,32355,0,26328,1593813301,haksız yere vac ban yiyorsunuz,False,0,0,0.0,0,False,turkish,1585080562,1585080562
76561198014242112,57690,598,12,8720,0,1310,1460020383,"Как по мне, так Tropico 4 будет намного поинтересней SimCity (2013).",True,1,0,0.52380955,0,False,russian,1374466624,1374466624
76561199076471769,244210,0,2,9720,0,400,1695197568,qwq,True,0,0,0.0,0,False,english,1610287289,1610287289
76561198334662593,805550,89,11,195,0,188,1694452606,Мага ни делай этого Мага. Вай бля пиздес па салону гуляю,True,0,0,0.0,0,False,russian,1682789645,1682789645
76561199247260828,271590,34,3,3989,0,1393,1688230938,我是伞兵嘿嘿嘿嘿,True,1,0,0.5020747,0,False,schinese,1658388496,1658388496
76561198129492884,305620,0,25,2162,0,1521,1670404984,故事模式第三幕差点让我改差评。本来就已经够走路模拟器了，第三幕直接满世界的背人。 而整个教堂十几号人除了一个糖尿病的之外身体屁事没有就躺那儿哼唧，救人和找物资全都主角来，出门二十米捡个木炭都不干，唯一站着的吊神父怂在家里烤火，等好不容易把人救完了柜子物资塞满后，给我来一句“不要一个人承担所有”，你他妈怕不是有什么大病。,True,44,35,0.80181104,0,False,schinese,1641227248,1641227248
76561198307076086,552990,58,6,15368,0,1831,1654847273,KKSK ,True,0,0,0.0,0,False,schinese,1583751719,1583751719
76561198096554922,314650,97,82,1630,0,328,1615879729,Absolutely AMAZING.,True,0,0,0.0,0,True,english,1572395112,1572395112
76561199073625413,1091500,265,7,16309,735,5491,1698610042,"So far a great experience. While yes, it is buggy and honestly should have been slated for release late 2021 to start. The game itself is pretty good.  I played for the story which was rather decent. The city and some of the characters make it an amazing feel and all around great.",True,0,0,0.0,0,False,english,1609179580,1609179580
76561198106069750,1140270,0,29,1711,0,637,1676088758,Super fun game!!!!,True,0,0,0.0,0,False,english,1647312378,1647312378
76561198144490422,1172470,59,32,344,0,291,1652572057,meh,False,0,0,0.0,0,False,english,1628596840,1628596840
76561198138109065,438100,50,11,2155,0,1315,1676309303,"Лучшая игра на период карантина, без штрафов спокойно можно выйти погулять)",True,0,0,0.0,0,True,russian,1579440533,1588670007
76561199175842756,2331170,100,65,155,0,117,1694185901,Pawfect cat simulator. 11/10!,True,4,1,0.5125187,0,False,english,1679412161,1679412161
76561198016555099,1599340,366,12,10569,0,3789,1695575523,"Good geim, what i wish a Diablo videogame would have been.  More collectible stuff and MMO stuff and and see other videogamers in the world and stuff.   Cool effects on skills too yes very nice.",True,1,0,0.52380955,0,False,english,1644709052,1644709091
76561198356745911,214510,0,2,1904,0,1893,1635511008, Closer to canon than Shadow of Mordor and Shadow of War.,True,1,0,0.49204406,0,False,english,1625660671,1625660671
76561198154050137,1237970,111,4,271,0,195,1606658124,good,True,0,0,0.0,0,False,english,1606484546,1606484546
76561198039025070,505170,418,146,495,0,320,1528020984,"I enjoy this game a lot. Controls aren't my thing (Veteran Carmageddon players will disagree) but they're much like the original and not TDR2000.  If you wanted the original carmageddon made for modern times, this is it :)  https://youtu.be/JloaEJEhJ9o",True,0,1,0.0,0,False,english,1503215448,1507080262
76561198416429043,1172380,84,15,1388,0,906,1609045325,"La historia es un poco corta, pero al margen de eso es alto juego, transmite la sensación de ser un jedi a la perfección, lo recomiendo 100%",True,0,0,0.0,0,False,spanish,1608936068,1608936068
76561198061727411,15120,0,5,1965,0,795,1658796208,Es ist ein echt guter Gelegenheits anti Terror shooter.,True,0,0,0.47619048,0,False,german,1342214404,1342214404
76561198252260590,551730,0,10,5911,0,5706,1602157471,暗荣服装大礼包？不存在的！,True,0,0,0.4402895,0,False,tchinese,1493312655,1493312655
76561198858036805,967050,65,54,58,0,58,1558971086,"lo jugue con amigos y la verdad en menos de 1 hora ya sabiamos que hacer y como hacerlo, facilon en su momento de lanzamiento por el 2019, ahora ni idea pero ta weno",True,0,0,0.0,0,False,spanish,1643491174,1643491190
76561198978057683,571740,0,6,6517,0,6025,1693276035,hittin balls whats better than this?,True,0,0,0.0,0,True,english,1639353952,1639353952
76561198308472874,211820,0,2,20160,7,1621,1697850379,感觉很不错，色彩鲜明能容在不断更新，尤其是新的导航地图还有增加的空间站和登船，是个不错的游戏,True,0,0,0.0,0,False,schinese,1497262127,1497262127
76561198950904294,322170,82,44,676,0,184,1681325047,Просто кубик но потом это куб страданий(((,True,0,0,0.0,0,False,russian,1602878240,1615934016
76561199208156894,1293830,36,5,6603,0,744,1661251815,玩法很多，画质不错，过几天手柄来了看看感觉怎么样,True,0,0,0.0,0,False,schinese,1653837353,1653837353
76561197989535706,485510,1205,58,4077,0,4077,1679520266,"""I dismissed Nioh as a mere Dark Souls knock off for far too long.  I am glad I finally played it, as it is a fantastic game.   Set in late 1500's Japan, Nioh tells the long secret tale of how two westerners factored into Japan's history.  As already referenced, Nioh is strongly influenced by Dark Souls.  The combat, while adding its own wrinkles, is strongly based on From Software's masterpiece, as is the gameplay loop of enemies coming back when you saving, losing your xp when you die, and yes, the difficulty is just as high.  That being said, the combat and the gameplay are fantastic.    Yes, it is influenced by another game, but it is no mere knock off, it is exceptionally well done.  One large difference between the games is that Nioh does not seek to overwhelm you in all ways, the way the Souls games do.  It has a coherent narrative, a strong tutorial/training dojo, and discreet levels rather than giant maps.  You never have that feeling of being completely lost and wildly out muscled, like in a souls game, for better or worse.        Nioh does not give the user quite as much agency in its graphical settings as some games do, but it is a great looking and sounding game that runs well.  The game has a ton of meat on the bone, main missions, sub missions, twilight missions, a ton of different weapons to master, each with three different stances, ninjitsu abilities, Onyo magic...  If you find yourself enjoying Nioh you will definitely get your moneys worth.  I got the credits to roll, and did every sub mission available before the last main mission, but did not do any of the post credit stuff.  Not because I was not enjoying the game, I just have way too many games to play and would rather move on to the sequel and other stuff.  9/10     I enjoyed the game both on my main rig and my Steam Deck.  Deck protip - if you put everything on low and turn shadows completely off, you can pretty much lock 60.  Game still looks fantastic on the small screen.  Shut the SteamOS frame limiter off and enable """"allow tearing"""".  This is by far the best way to play.""",True,20,0,0.72099227,1,False,english,1679779216,1682380224
76561198254153733,1257170,0,42,309,0,94,1600424545,贫民窟报错啊,False,22,2,0.68170625,0,False,schinese,1600326692,1600326692
76561198394638604,254320,0,22,1932,0,386,1686501091,"That scene at the start of Aliens where the drone's opening the door of the ship and scanning the room, did you wonder what kinds of other ship the drone might have been to, and what it could have found?   And later on when Ripley's pointing at a wireframe/grid display telling the marines which doors to seal so the aliens funnel through a particular channel, and then to have turrets set up to kill them?   Did you want more of that kind of scene?   If yes to both, play this.",True,0,0,0.0,0,False,english,1685638658,1685991167
76561198159505883,4000,78,3,38180,0,37102,1650580096,It's a really fun game. It becomes addicting over time and you just don't wanna stop.,True,0,0,0.0,0,False,english,1589144372,1589144372
76561198346885263,581320,366,89,384,0,329,1661614323,挺好玩的,True,1,0,0.52586204,0,False,schinese,1631450020,1631450066
76561197963198419,581320,248,14,11075,0,1872,1690675204,"Overall very solid game and would recommend, but I am thoroughly disappointed by the new engine. Feels very floaty compared to Insurgency on source engine. Game receives frequent updates though and the devs communicate with the playerbase frequently which is good.",True,1,0,0.51851857,0,False,english,1559493612,1562963843
76561198985077101,730,4,1,195771,5548,37265,1698864931,希望挂能再少点,True,0,0,0.0,0,False,schinese,1573269727,1573269727
76561199101650231,739630,12,5,22,0,22,1658775677,KUMMITUS TAHTIS SITAMAJAS TAHA LÜKATA 10/10,True,0,0,0.0,0,True,english,1670777840,1670777840
76561198372099796,397060,253,4,403,0,336,1624096802,"советую каждому поиграть в эту игру, даже если не понравится всегда можно вернуть деньги.",True,0,0,0.0,0,False,russian,1561830988,1561830988
76561198071503415,1449850,139,45,9816,0,6906,1695426372,Imma give a honest review here.  Pros.  Looks great some sick animations flows smoothly. Has a lot of cards.  Playing with your freinds is super fun.  A lot of cards that are not normally legal  Cons.  Cards like rhongo are in the game (the cards that are normally banned in the tcg are in this game.)  The Gem system is absolute tedious if you don't wanna pay money.  Way to many urs required to make a decent deck. Why is DPE in this game now PLS BAN RHONGO wait dd dynamite is in the game oh god. Wait all those cards are in the game but topologic gumblar dragon is not come on.  sorry i got into a rant.  good game fun with freinds ranked is a bit toxic but its not too bad if you ignore the problems with it I would recommend this game,True,0,0,0.0,0,False,english,1653521985,1653521985
76561198020217562,271590,0,3,8129,0,4780,1674172718,"Good for content in the world, could have more freedom within the game to role play characters.  I have a problem with the controls on PC, there needs to be more freedom in assigning keys - falling out of planes instead of landing gear release is a major problem as one example.  Good story and will play again.  Just wish we had more modding opportunity in this game this helps to evergreen the product.",True,0,0,0.0,0,False,english,1631679597,1631679597
76561198844849198,1810580,0,6,1516,0,1457,1669040142,怎么说呢，就是赚钱模拟器好吧,True,0,0,0.0,0,True,schinese,1669018684,1669018684
76561198119785948,8870,0,3,98,0,84,1471803722,"Excelente jogo! Além do enredo da história, os gráficos e a trilha sonora dão um show à parte! Recomendo!",True,1,0,0.52380955,0,False,brazilian,1403729470,1403729470
76561198080131688,578080,48,3,14292,0,14175,1612464357,Dobra Hra ale tie AWP a M4A4 mohlo tam by ich viac,True,0,0,0.0,0,False,czech,1584633076,1584633076
76561198152959649,1203220,50,5,12413,381,5624,1698217490,死妈策划,False,0,0,0.0,0,False,schinese,1631769139,1631769139
76561198244371372,1091500,0,6,1273,0,353,1692453702,So far so good. Im enjoying just looking at neon at 3am.,True,0,0,0.0,0,False,english,1607753233,1607753233
76561199254904022,307690,104,14,3967,0,3886,1692305933,"Классная старая игра, в которую можно играть и сегодня. Крепкий сюжет с понятной мотивацией каждого героя, хороший файтинг (насколько можно было его сделать в открытом мире на то время) с очень кривой стрельбой и аркадным вождением",True,0,0,0.0,0,False,russian,1678777759,1678777759
76561198264659102,223470,0,133,1798,0,1096,1681965101,"es una cagada que cada 2 o 3 veces crashee por lo viejo que es el engine del juego,pero que igualmente,si lo ves en oferta,agarralo,es un juego muy copado (y mas con el DLC de Paradise Lost).   Update 2023: innecesario la subida de precio a un juego del 2003 que costaba antes 100/200 pesos normalmente (y en oferta estaba regaladisimo a 15 pesos) a estar de base 750 pesos,la verdad que sin sentido el precio a pagar (pero el juego vale la pena).",True,3,0,0.5416667,0,False,spanish,1651203010,1679257017
76561198040677567,1262040,0,82,377,0,372,1636187293,Probably the best platformer ever I have seen in terms of how satisfying every action feels.,True,1,0,0.0,0,False,english,1636130708,1636130708
76561198264745697,49520,93,35,3122,0,821,1565564512,BEST GAME EVER!!!!!!!!!!!!!!!!!!!!!!!!!!!!!!!! I'm so addicted to this game! I am so happy that I saw this game on my explore list!,True,2,0,0.54198474,0,False,english,1486922935,1486922935
76561198887192129,307780,35,3,564,0,209,1691317989,"Очень классная игра, шикарные сцены, массовая резня, понятный(кто разберется с первых битв) интерфейс, неплохой сюжет(хоть иногда непонятный местами), легендарные персонажи)",True,0,0,0.0,0,False,russian,1645002187,1645002187
76561199175105357,1091500,0,5,3455,0,2190,1684766156,good game. better than it used to be.,True,0,0,0.0,0,False,english,1664169061,1664169061
76561198294792142,214490,0,9,3657,0,2062,1664460977,"It's absolutive one of my favourite game! You are gonna be dying a lot, like really a lot! But not that much so you don't want to play more. There is something in this game that you want to complete, like escaping from this bloody station and this awful creature.  This game has everything! You must be very silent, stay calm and be smart what kind of tactic you choose to survive!  Good luck!",True,0,0,0.0,0,False,english,1612968589,1612968655
76561198236836896,433850,0,16,11,0,0,1456646115,uma pessoa aqui a comprar o jogo e agr fica de graça ....,False,4,0,0.5019763,0,False,portuguese,1528562196,1528562196
76561198331039873,638230,0,1,711,0,125,1631158669,是一条不孤单的朝圣之路 感谢在雪山上跳下来找到掉下去的我的那位朋友 ，谢谢你,True,0,0,0.0,0,False,schinese,1625567336,1625567336
76561198097078840,588650,568,23,5167,0,1047,1656219411,"Oynaması acayip zevkli bir roguelite metroidvania oyunu. Dövüş mekanikleri, silahlar, bölüm tasarımları üstünde çalışılmış ve çok başarılı. Oynarken sıkmıyor ve her öldüğünüzde level dizaynı değişiyor. Bu türü seviyorsanız düşünmeden alın fiyatını kesinlikle hakediyor.",True,1,0,0.52380955,0,True,turkish,1505073623,1505073623
76561198366945254,242050,52,5,5123,0,977,1596901551,Türkçe dil gelene kadar kötülerim,False,3,3,0.43887255,1,False,turkish,1588338165,1588338165
76561198336934074,751780,0,1,3213,0,367,1675575323,6시간 동안 재미있게 게임하다 이상한 석상같은거 사이에 껴버려서 아무것도못하고있네요.. 환불시켜주던가 버그좀해결해주세여 부탁드립니다.. 제발..스크린샷찍어드릴수도있습니다   혹은 끼임버그를 해결할 방법을 아시는분은 알려주세요 ㅠㅠ,False,2,2,0.4981132,0,False,koreana,1555851602,1555851602
76561198397676028,397900,0,5,1050,0,56,1679252090,çok zevkli,True,0,1,0.0,0,False,turkish,1572275605,1572275605
76561198328648294,594650,0,17,64149,1652,520,1698318369,Self-revive 👎,True,0,0,0.0,0,False,turkish,1641196527,1678703953
76561199104838420,977950,0,5,23255,0,13154,1677468813,판정이 너무 좋지가 않아서 정말 사람을 화나게 만듭니다 ,True,0,0,0.0,0,False,koreana,1625837082,1632208719
76561198995840878,285900,132,25,280,0,280,1658558522,Meat Grinders.,True,0,1,0.0,0,False,english,1669111586,1669111586
76561198062560907,320,0,31,48,0,16,1648435186,Everyone else is really good at this game. Im not at all. But it is satifying to kill someone with a chair.,True,0,0,0.0,0,False,english,1420957499,1420957499
76561198125543702,427520,0,244,184,0,184,1602905091,nice crafting/management,True,13,4,0.6040468,0,False,english,1602908447,1602908447
76561198152604550,200210,135,55,47,0,47,1487445557,what a cheap top down shooter,False,1,0,0.42666396,0,False,english,1487506591,1487506591
76561198272111567,764790,0,1,1442,0,1219,1674797905,"My god.  I haven't enjoyed a game this much in so long!  The gameplay is smooth, responsive, and challenging.  The story made me laugh out loud several times.  I'm halfway into a second playthrough to clean up some achievements.",True,0,0,0.0,0,False,english,1578007850,1578007850
76561198143499547,346110,65,4,49603,396,25213,1698159206,yes,True,0,0,0.0,0,False,danish,1579966142,1579966142
76561198113832131,677620,77,11,5482,0,1270,1660742607,bueno,True,0,0,0.0,0,False,spanish,1611931604,1611931604
76561199093397007,105600,99,4,12353,0,3493,1694476585,First played this game on my xbox 360 as a child and fell in love with it i've played it on all platforms i've owned over the years ever since and it is hands down my favourite game and something very special to me so I can not rate it highly enough and i recommend it to anybody and everybody.,True,1,0,0.52380955,0,False,english,1609535598,1609535598
76561199195061464,1118200,0,4,26238,0,16244,1690722526,good,True,0,0,0.0,0,False,english,1648460165,1648460165
76561198000767092,313120,0,13,74,0,74,1546120541,"I know this is early access, but its been out for some time now and its still pretty buggy. I would really like to play it properly but it crashes frequently enough that I rarely get more than 2 or 3 minutes of gameplay before having to start again.  I think the concept is great, and from what I've seen, the crafting system, general flow and other aspects of the game look good. And I love the fact that it runs well on low-spec computers (THANK YOU).  However, the developers have got to get the stability issues under control before this is a viable early access game.",False,6,0,0.54606026,0,True,english,1546120821,1546120821
76561198316307829,578080,0,8,15501,0,14140,1607797876,"Убогая копия bubsy two fur, а так конечно пиздeц воняет игра говном фу скучная фу воняет пизда жопааааааааааааааааааааааааааааааааааааааааааааааааааааааааааааааааааааааааааа",False,0,1,0.40650403,0,False,russian,1545497800,1545497800
76561199005516490,457140,0,4,36475,0,1474,1694516113,唯一主动入正的游戏，硬核的一p，酣畅淋漓,True,0,0,0.0,0,False,schinese,1659794586,1659794586
76561198100488794,311690,0,23,87,0,87,1550988050,김나성 보고 쉬울거 같아서 샀다가 조짐,True,0,0,0.0,0,False,koreana,1594031398,1609758805
76561198015369972,750920,0,9,2683,0,1397,1656152706,This is by far the best Tomb Raider game in the series. Some parts of it bring me back to the old games which I loved. Worth buying.,True,1,0,0.45024472,0,False,english,1537039538,1537039538
76561197972260936,603960,717,164,6024,0,1562,1679904893,"This game is a blast! I think this is one of the best of its genres. This game has SO much personality. It is a masterpiece.   Please consider putting this game on mobile, like the iPhone app store for example. I am sure that I am not the only one that would purchase this game a second time just to have the ability to play it anywhere. It would also be great exposure for the game because it will reach audiences outside of Steam. There are a lot of people on the iPhone app store.  Anyhow, thank you so much for this masterpiece. I play this game at least once a day.💗💗💗",True,0,0,0.0,0,False,english,1577074099,1579377120
76561198843498661,252950,42,2,91114,0,83379,1689965487,100 what a save! из 10 nice shot!,True,0,0,0.0,0,False,russian,1665837855,1665837855
76561198084312212,292030,0,27,2710,0,2691,1671875589,"Witcher 3 is an excellent game with tons of strong points that shine over all minor issues. The PC version is extremely pretty, works great and has room for some interesting alterations in terms of the visual side. The content is, of course, great and extremely diverse. Some quests are so long and interesting that they could become a separate game!",True,2,0,0.54545456,0,False,english,1593915683,1593915683
76561198935768098,621060,0,13,230,0,230,1610719999,气抖冷，我的E5洋垃圾什么时候才能站起来（ 气抖冷，我家台式机用的AMD闪龙x2 198＋Geforce 510什么时候才能站起来（ 气抖冷，集显什么时候才能站起来（,True,12,19,0.639994,0,False,schinese,1610721197,1610721197
76561199262641601,1677740,0,1,1886,0,679,1690791655,和糖豆人很像，而且免费,True,0,0,0.0,0,False,schinese,1664619164,1664619164
76561198797369667,1462040,193,13,2519,0,2104,1686590413,I ain't your bro,True,4,0,0.5090963,0,False,english,1679355918,1679355918
76561198201648602,1189630,115,6,684,0,381,1588499736,河洛的一直很支持，已经玩了十一个月份，可以尝试哦,True,0,0,0.0,0,True,schinese,1588454247,1588454247
76561198377260333,730,13,3,51168,0,24459,1684158594,gud,True,1,0,0.52380955,0,False,english,1567878421,1567878421
76561198175898363,1599600,980,255,2087,0,602,1695335425,"Sevdiklerinizle oturup bir restoran işletme imkanı sunan PlateUp! sizi yeri gelip kahkaha tufanına sokabilen veya stresli dakikalar yaşatabilen mükemmel bir oyun deneyimi sunuyor. Amacımız pizza, et, salata ve tatlı gibi birçok yiyecekleri basit yolla yapıp doğru zamanda doğru müşterilere yemekleri servis ederek 15 gün dayandığımız tatlı bir yapım.  Oyun 4 kişilik ve benim şahsi düşünceme göre bu oyun gerçekten 2 veya tek oynayanlara karşı asla merhameti yok. Çünkü 3 kişi oynadığım zaman 2 kişi mutfakta debelenirken ben de oradan oraya yemek servisi üstüne dondurma koyan garson rolündeydim ve son günlere doğru gerçekten acı vericiydi.   Evet gerçekten acı vericiydi çünkü oyunun grafikleri her ne kadar tatlı olsa da asla ve asla chill oyunculara karşı acıması yok. Bir yerden sonra en ufak hatanız sizi bitirmekle kalmıyor üstüne baştan başlatmaya sürüklüyor. Neden mi? Çünkü Rogue-lite tema altında yapılmış bir oyun olduğu için sürekli yüksel-kaybet mantığıyla gidiyor. Bunu elbette negatif bir yorum olarak görmeyin ama eğer bu oyunu chill takılırım falan diye alırsanız büyük hata yaparsınız.   İşin pozitif yönlerine bakarsam kardeşimle oynarken o kadar çok güldük ki hayatımda bir oyunda bu kadar çok gülmemiştim adeta çenem ağrımıştı. Takımca sinerji halinde olmak iş yapmak aşırı derece tatmin edici olmakla beraber birazcık mizah kafada takıldığınız an oyun acayip akıcı ve tatlı geçiyor. Özellikle bilerek Soundpad kullanıcısı olarak sürekli ses basarak ortamı daha komik hale getirince PlateUp! gözümde daha hoş bir yapım haline geldi.  Ayrıca oyuna arada güncelleme geliyor ve daha iyi içeriklerinde geleceğinden eminim. Üstüne fiyatı uygun olmasıyla beraber eğer arkadaşlarınızla eğlenebileceğiniz ve meydan okumalara karşı ilginiz varsa bu PlateUp! ı seveceğinizden emin olabilirsiniz. Fiyatı da oldukça uygun olmasıyla beraber olası zam gelmeden önce almanızı şiddetle tavsiye ediyorum.",True,3,1,0.54545456,0,False,turkish,1669623370,1669623420
76561198127005251,335620,0,4,8614,0,6909,1686320826,awsome game with awesome devs!  there is a lot of content and they are still adding stuff,True,1,0,0.52380955,0,False,german,1616876285,1616876285
76561198011441989,1245620,360,41,1241,0,1241,1648927903,"Just not fun, empty world full of monsters.  If fighting is all you want, then you might like this.",False,0,1,0.0,0,False,english,1648928036,1648928036
76561197983830561,629760,295,3,1896,0,786,1559332346,"Do not let the bad reviews of this game discourage you to have a look into this. The game is really well made and fun to play!  What people dont get, is that the xp/gold bug and the server problems will get fixed. Afterwards, its an even better game. People that refund this gem are just shortsighted and a bit disappointed, which I can understand, but I really recommend trying it out, even if you have to play bot games at first (which is still fun and an okay way to learn the game and some weapons).   Which brings me to one of the best aspects of the game: Variety. Play how you want with whatever weapon and armor you want. Every weapon feels different! Just try to get a little bit better at it and youll find yourself having tons of fun!  All in all a super great game, something people have been craving for a long time!!",True,1,0,0.5217391,0,False,english,1556731247,1556731247
76561198110501671,1022780,101,16,494,0,80,1582122240,セールでデラックスエディション買いました。262円安い！  動物を戦わせる事でポイントが貰える。 5ポイント使い動物をランダムで貰い、2ポイント使い合成ができる。  最初は色んな動物が手に入って戦わせるだけで楽しい。 次に集めた動物たちを合成して予想外の誕生に可愛い、カッコいい、面白い！ そのお気に入りの動物たちでガチンこファイトクラブ開始！ そして、攻撃が全然当たらなくて笑う！  そんなこんなで一息ついて、レビューを書きながら「面白いゲームだなあ」と思いました。  以下要望。 １．自分で操作するのも良いが、自動で戦闘できるようにもして欲しい。 ２．戦闘中の画面(カメラの位置)を引いたり、寄せたりなど出来たら助かる。 ３．動物の撮影モードが欲しい。 ４．今まで手に入れた動物の情報や能力などじっくり観察できるようにして欲しい。 ５．日本語字幕が機械翻訳な感じで面白いが、直しても良いと思う。,True,3,0,0.5540504,0,False,japanese,1580029775,1580029915
76561198372193808,105600,71,6,4410,0,2662,1629315609,我为什么喜欢此产品？因为我喜欢,True,0,0,0.0,0,False,schinese,1589711096,1589711096
76561198082393057,1085660,0,10,115606,0,85879,1695010053,pretty good,True,0,0,0.0,0,False,english,1645509521,1645509521
76561198165742260,1085660,309,2,8682,0,1287,1681595363,"отличная игра, хороший гринд.",True,1,0,0.5283019,0,False,russian,1575001600,1575001600
76561199039473400,477160,0,1,1053,0,908,1617796408,interesting,True,0,0,0.0,0,False,schinese,1585718509,1585718509
76561198889320476,72850,0,2,15021,0,12532,1624820100,"This is the greatest game ever created, impossible to get tired of it and very easy to put in loads of hours.  This game becomes infinitely better with mods",True,0,0,0.0,0,False,english,1600366340,1600366340
76561198290714775,613100,54,9,6291,0,1442,1663556572,"Alguns bugs de luz, quebra de parede, instalação e tradução; poucas opções de móveis e muito pesado para o jogo simples que é. Mesmo assim é excelente para passar o tempo e é um desses jogos que tu joga até enjoar.  Alguns conteúdos adcionais e consertos e o jogo seria 10/10.",True,0,0,0.0,0,False,brazilian,1549140846,1549140846
76561198830332337,706990,29,3,406,0,123,1578589030,Как кс но майнкрафт,False,0,1,0.0,0,False,russian,1562247107,1562247107
76561198400378180,440,169,7,44732,322,14238,1698652724,Yes,True,0,0,0.0,0,False,english,1617429319,1617429319
76561198040093463,286160,0,124,638,0,281,1614739043,"$15 to play with any of my friends at any board or card game I can imagine?  This game is still in beta and it has already surpassed my expectations.  Uno? Win all day. Munchkin Cthulu? A bit slower than IRL, but it works and plays just like I know it. D&D and D20? Needs a bit more polish but you can create environments and such for combat. Not many other things that can do that. You can do it as it is right now. Chess? Awesome. Checkers? Not bad.  Buyitbuyitbuyitbuyitbuyit",True,1,3,0.0,0,True,english,1398265306,1398265306
76561199085215232,271590,25,4,13919,0,215,1691143978,我是聪明比,True,0,0,0.0,0,False,schinese,1616302661,1616302661
76561198019227216,377160,0,8,54326,0,26688,1671879215,"Can't believe my first ever review is a negative one for Bethesda. Love fallout 4 but paid mods?  No no no!  Edit:  Despite the negativity above, I've played it so much I can't possibly give it a negative review.  There's too much to like so changed to a positive.",True,0,0,0.5126379,0,False,english,1506794100,1674329967
76561198985836263,359550,37,2,1193,0,264,1637690429,nice,True,0,0,0.0,0,False,german,1610540025,1610540025
76561198437341704,40970,0,3,6606,0,1813,1696600346,Super gierka. Polecam!,True,4,0,0.5652174,0,False,polish,1632998500,1632998500
76561198276235873,346110,0,3,153295,0,201,1693742240,I can't join the servers ... When I click join ARK my game crashing ... BTW: Srry for my english !,False,0,3,0.43333334,0,True,english,1469608685,1469608685
76561198380796059,40970,37,35,529,0,373,1687397522,"Pena não ser online JxJ.  Mas é uma terapia pra mim, muito bom.",True,0,0,0.0,0,False,brazilian,1641483438,1641483438
76561198406790951,1587540,320,50,217,0,217,1656087749,"Bugs sein Urgroßvater. Knapp 4Std dann doch ausgehalten, bis Ehre 104 dann wars mir zu blöd. Bug verseucht bis zum Getno. Prinzip ist nett, Grafik auch, Musik spricht mich da am meisten an. So in dem Zustand aber nicht länger aushaltbar. Hab es weiter aufm Schirm, aber erst in 2023 wieder. Empfehlung zur Zeit.... Probierts selber.",False,0,1,0.45614037,0,True,german,1656088112,1656088112
76561198186949306,692850,242,3,2413,0,1862,1605081037,如果恶魔城有新作，那就是这部,True,1,0,0.52380955,0,False,schinese,1593846595,1597290039
76561199060562539,839280,0,1,300,0,275,1590292752,i rate it a 4 because of the lag but its maybe my device,True,0,0,0.4511041,0,False,english,1590290832,1590290832
76561198132231403,730,0,1,90957,0,49512,1604263435,"Ogólnie to gra coraz bardziej schodzi na psy. Kiedyś była naprawde ciekawa i wciągająca a grać można było dniamii i nocami. Po tysiącach aktualizacji CS:GO jest już przesadą, a nowo dodawane różnego rodzaju aktualizacje są coraz bardziej żenujące. Tak samo denne jest to iz większość graczy gra w tą gre dla skinów, gdzie tak naprawde nie jest to ani troche istotne i służy tylko wyciąganiu pieniędzy z ludzi. Podsumowując:  -Counter-Strike: Global Offensive z każdą nową aktualizacją zmienia się, ale na gorsze. - Dla większości graczy najistotniejszą rzeczą są skiny i pzez to właśnie ta gra traci duszę. Nie pozdrawiam. - W dodatku jest zbyt dużo boostowanych graczy, ponieważ możliwoś grania z kolegami z wyższymi rangami jest zbyt obszerna, więc albo bariery powinny zniknąć wcale, albo ograniczyć to do 1, no może 2 rang w góre maksymalnie.",False,1,1,0.50248754,0,False,polish,1451339201,1451485634
76561198891404054,105600,353,9,4102,0,4004,1693628914,"manos en el aire todo el mundo Esto es Creeper versus Zombie Tú no lo sabes, te estoy vigilando Desde la distancia me estoy acercando Soy una sombra y tú no te das cuenta Hola, ¿qué tal?, ¡date la vuelta! Llegó la hora de volar Acércate a mí porque vas a explotar ¿Qué me vas a hacer? ¿Qué me vas a morder? Todo el mundo que me ve solo sabe correr Vacas, caballos, pollos y ovejas Quiero cenar tu cabeza en bandeja Mira como tu cuerpo se aleja Se han acabado las quejas La batalla ya ha empezado En un mundo muy cuadrado Creeper y Zombie a línea de fuego donde sangre derramo Eh, eh, mírame de frente No me escondo, te deparará la muerte We, eh, dentro del mundo de Minecraft si que puedo valerme La batalla ya ha empezado En un mundo muy cuadrado Creepers y Zombies a línea de fuego donde sangre derramo Eh, eh, mírame de frente No me escondo, te deparará la muerte We, eh, dentro del mundo de Minecraft si que puedo valerme Si te enfrentas al Zombie, es que estás loco Quieres matarme, golpéame en el coco Nunca voy solo, siempre a compañado Los rayos del sol, nunca me han gustado Será mejor Creeper que te quites, del camino O te como el intestino Tu cara es de chiste, no repliques, he vencido ♥♥♥♥♥♥♥♥♥♥♥ el explosivo Me ven aparecer y del camino se quitan Gritan cuando explotan como palomitas Excítate, ven que coma tus tripas Chica vente, serás mi comida No te muevas si estás en la cueva No queda salida Estoy en cada esquina si la noche avecina No necesito cocina pa' cocinar tu carne viva La batalla ya ha empezado En un mundo muy cuadrado Creepers y Zombies a línea de fuego donde sangre derramo Eh, eh, mírame de frente No me escondo, te deparará la muerte We, eh, dentro del mundo de minecraft si que puedo valerme La batalla ya ha empezado En un mundo muy cuadrado Creepers y Zombies a línea de fuego donde sangre derramo Eh, eh, mírame de frente No me escondo, te deparará la muerte We, eh, dentro del mundo de Minecraft si que puedo valerme Yo no tengo brazos pero no me hacen falta Solo un cabezazo y con eso me basta Llámame pirómano, el que todo lo devasta No sería tu amigo ni aunque me pagarán pasta No hay nada que pare esta trombra Te van a caer meteoritos como bombas Eso que vuela no se llama avión Eso que vuela es un zombie volador Bienvenidos al ritmo del zombie Chica ven aquí y mueve el pompis También le meto autotune como Stephen Hawking Te desmonto como un playmobil Acércate, explótame Brum, Brum, Brum Vas a perder delante de to' Youtube Acércate, explótame Brum, Brum, Brum Vas a perder delante de to' Youtube La batalla ya ha empezado En un mundo muy cuadrado Creeper y Zombie a línea de fuego donde sangre derramo Eh, eh, mírame de frente No me escondo, te deparará la muerte We, eh, dentro del mundo de minecraft si que puedo valerme La batalla ya ha empezado En un mundo muy cuadrado Creepers y Zombies a línea de fuego donde sangre derramo Eh, eh, mírame de frente No me escondo, te deparará la muerte We, eh, dentro del mundo de Minecraft si que puedo valerme",True,1,0,0.52380955,0,False,spanish,1635729128,1635729128
76561198427076218,578080,6,1,180684,0,119691,1615379364,为了这游戏，我换了2080显卡，8700k处理器，4000频率内存，帧数上去了，我枪法不行，又买了罗技502鼠标，罗技610键盘，然后我又看不到人，好的，我又换了144显示器，然后我又听不到脚步，好的，我又买了森海塞尔耳机。我每天在训练场练半小时压枪，我够认真了把，我很努力了吧，游戏里有好看的道具我也买，买你箱子，买衣服，买枪械皮肤。用了几千。玩了2000多个小时，每天在线至少5个小时，我这么入迷，是因为这个游戏真的不错，优化差我用钱补，技术差我用时间补，但是为什么，。为什么，为什么，你赚这么钱治理不了外挂。别人100元买一天外挂，打得我怀疑人生，我不停举报，不停回馈我永久封号，每天举报，每天都封，有什么用？我现在每10场至少遇到9场外挂，不夸张。我坚持了2000多个小时。我真的受够了，相关法律可以制裁外挂，但你们无作为，因为没有实质性质的损害到你们的利益，你们不会为我们这些普通玩家的痛苦买单，如果有一天法律能保护我们的利益，我一定会把你这个垃圾公司告上法庭，对外挂无作为，变相损害玩家利益，玩家耗费大量时间得不到公平对待。你还口口声声大张旗鼓宣传你治理外挂，名不副实的宣传，欺骗性质。请把你的名字改为“烂洞”。    这种烂游戏公司真的快点倒闭吧，我的号居然被封了，3000多个小时的号，价值几千的饰品，就这样给我封了，申述了20多次，每次都是一个回复，坚决认为我开了挂了，我赌咒发誓都不管用，连我这种最忠实的玩家，一个如此痛恨外挂的玩家，一个每天被挂虐待还在不断坚持的玩家，都要封，蓝洞，你赢了，你赢的很彻底。告辞！,False,6766,1337,0.97649634,229,False,schinese,1548483977,1587385484
76561198027391246,900040,39,3,12546,1608,3952,1698436122,Overall I like it.,True,0,0,0.0,0,False,english,1646601317,1646601317
76561198433504084,1245620,140,2,154,0,89,1693546461,只能说我的游戏体验只停留在捏脸了  哈哈哈 ——来自小黑盒用户明枪易躲背刺难防的评价,True,0,0,0.0,0,False,schinese,1673407546,1673407546
76561199036824548,10500,0,18,26477,601,22020,1698829266,fix the bug please！,False,0,0,0.0,0,False,english,1647500381,1647500381
76561198821635579,1191680,0,4,1150,0,993,1644123861,游戏设计的不均衡，纯粹运气游戏。,False,0,0,0.0,0,False,schinese,1608869113,1608869113
76561199046260985,359550,0,5,39775,0,18272,1687225044,Very fun game. Although people can be very toxic for stupid reasons. Fun game though.,True,0,0,0.0,0,False,english,1613157784,1613157784
76561198996885847,1938090,114,9,5341,0,5056,1695609518,incredible how good CoD games come out consistently every three years,True,0,0,0.0,0,False,english,1681855934,1681855934
76561198058573774,1097150,121,10,2342,0,271,1677305921,"The Future of Gaming!  Yes, this game is as incredible as you've heard and it represents the future of gaming. Games that are easily ported to multiple platforms (especially mobile) and that involve very few basic inputs and mechanics... this is the wave of the future! This is truly the pinnacle of our industry... unburdened by complexity, depth, skill, or anything else of interest or consequence.  10/10 - I can't wait where gaming goes next. My mobile phone is ready.",True,0,0,0.48,0,False,english,1598475347,1598475347
76561198973291491,431960,66,11,3003,6,701,1697805224,Great stuff ,True,1,1,0.52380955,0,False,english,1615730093,1615730093
76561198295573389,440900,0,7,43722,11,1955,1697897143,"Brilliant game, and the building part is out of this world",True,0,0,0.0,0,False,english,1594158952,1594158952
76561198035993262,1953520,0,21,8661,0,1988,1687450312,"Я уже говорил тебе, что такое безумие? Безумие - это точное повторение одного и того же действия, раз за разом, в надежде на изменение. Это есть безумие. одно и тоже с минимальными изменениями,одна и та же карьера,одна и та же физика,которую еще и испортили,особенно ручник,который переключает авто в режим заднего привода и во время заноса жопа постоянно спешит обогнать морду,нет веса авто,от удара в отбойник можно просто улететь в воздух на 3 метра в верх,и подобное.на руле просто ужасно играть ,на геймпаде пойдет.освещение особенно в дождь просто отвратное вся дорога светится,кусты,деревья,которые живут своей жизнью и т.д.WRC10 была лучше,а эта часть как DLC с гибридными авто и обновленной Швецией.только локации как всегда великолепны. 10ку рекомендую,эту часть лучше пропустить. P.S.чем больше в игре проводишь,тем больше офигеваешь от физики",False,5,1,0.5193652,0,False,russian,1673006478,1674482654
76561199132082502,105600,29,16,186,0,78,1669256716,非常推荐,True,0,0,0.0,0,False,schinese,1638324029,1638324029
76561198103919081,787860,90,7,4643,0,1392,1670377326,More update and more efficient ,True,1,0,0.5087087,0,False,english,1543672107,1543672107
76561199007189321,1830840,0,6,240,0,240,1646326951,Игра супер! Жду выхода полной версии!,True,2,0,0.52380955,0,False,russian,1646327159,1646327159
76561198101146431,282070,142,35,972,0,269,1511532240,"In modern war,you will die like dog for no good reason. 我会把这款游戏推荐给我身边的人。 珍爱和平。",True,0,0,0.0,0,False,schinese,1458012719,1458012719
76561198281948819,313340,238,22,2854,0,179,1629343714,所以说这个游戏就是一直看着这个山？,True,0,0,0.0,0,False,schinese,1470408878,1470408878
76561197981900190,227000,338,14,381,0,381,1617741504,B'sodding loved it!,True,4,1,0.5161708,0,False,english,1618046854,1618046854
76561198000685450,285310,0,43,631,0,559,1627705759,"Pick it up if its on sale, otherwise go for the sequel which is better overall.",True,0,0,0.0,0,False,english,1585622411,1585622411
76561198126345389,207140,50,13,2490,0,194,1655421298,MLG.,True,0,0,0.0,0,True,english,1414401125,1414401125
76561198201909306,730,8,1,54246,0,6380,1619511829,best game ever i spend all my entire life on this shit im just silver elite but i can kill global elites like fucking scrubs 10/10,True,1,1,0.5022971,0,False,polish,1445268616,1445268616
76561199075852106,270880,17,3,19407,0,2483,1661211416,very fun trucking sim,True,0,0,0.49866012,0,False,english,1595849224,1595849224
76561199129398506,3480,11,11,495,0,244,1646240500,pegging deluxe,True,0,0,0.0,0,False,english,1644240806,1644240806
76561198128396758,466560,0,3,1597,0,1317,1661279818,Einfach Grandioses Game,True,0,0,0.0,0,False,german,1661262891,1661262891
76561198005594049,870780,0,187,3240,0,2347,1638724542,"Игра которая весит 50 гигов и не имеет особой ценности не может быть мною рекомендована. Если хотите взять из-за сюжета, то уж лучше посмотреть игрофильм на youtube с этой игрой чем покупать её. Ну и собственно, вот вам описание в кратце что можно найти в игре: - Невероятное количество доп. материалов, которые вы просто зае*бётесь читать, и будете собирать тупо на ачивку (если она вам нужна, конечно).          * Часть материалов были сняты с реальными актёрами и это несомненно плюс. Руссификатор звука             которые можно скачать к игре на удивление хорош и данная категория материалов несомненно меня             подкупила, но это не повод покупать игру (я, к слову её не покупал, мне подарили).         * Очень малая часть материалов даже забавная, но в основном листовки, отчёты, записки и т.д. - Нас так же будет ждать намеренно плохо прорисованная героиня (несомненно в целях толерантности к феминисткам), которая выглядит гораздо хуже оригинала, у неё отвисшая челюсть которая обладает собственной мимикой, а во время разговора еще и хаотично отвисает и возвращается на исходную (толерантность!). На обложке к игре она нарисована нормально, кстати. - Главная героиня по сюжету независимая женщина директор разваливающая орды паранормальных существ и подчищающая грязь за белых мра*зотных мужиков, которым нужна только власть, чтоб их всех! - Иммигрант из финляндии - хороший харизматичный уборщик, который будет нам подсказывать время от времени взамен на помощь в его нелёгком деле. - Брат, который кстати - белый мужчина поддавшийся соблазну шумов. Мне он понравился как персонаж, но его нам впринципе даже не стали толком раскрывать как личность, а зачем? Белый мужик похожий на Виктора Зсасза (из бэтмена), с ним всё и так понятно. - Директор Тренч, о котором мы узнаём в начале игры, тоже не был раскрыт как персонаж. Единственное, что мы о нём узнаем будет в конце - ох негодяй! (с него всё началось). - Сюжет не объяснён толком, нам только будут постоянно говорить что сами ничего не понимают. - Система прокачки персонажа - ни то, ни сё. Вкачал здоровье на максимум, а меня обычные мобы могут за 2-3 тычки убить, как и на старте игры. Спрашивается зачем качать было, чтоб не убивали с первой? Ну так это можно было и без прокачки сделать. Так как врукопашку драться опасно на харде, прокачка силы удара становиться бесполезной. Прокачка времени удерживания предметов в руках тоже шлак. Прокачка щита тоже тупая, им редко пользуешься, а если собираешься им пользоваться то нужно да последнего его качать, а это очень дорого. Короче как то непродуманно всё. - Боёвка в принципе неплоха, но и постоянные стычки с одними и теми же врагами надоедают быстро.  Большая часть игры это лут доп материалов, минимум роликов сюжетных, максимум роликов из допов. Мне игра не зашла, на один раз потянет но не более.",False,8,1,0.5073101,0,False,russian,1638583675,1638583675
76561198146551497,402330,2642,24,286,0,58,1661797798,Literally Press every A X B Y RB RT LB LT to Not Die,True,0,0,0.0,0,False,english,1583174108,1583174108
76561198299875915,1249080,0,2,475,0,471,1618479896,...,False,1,0,0.4820717,0,False,koreana,1618479551,1618479551
76561198089753278,529180,53,1,841,0,741,1569771240,这个游戏除了优化不太好，我这电脑打开游戏大约需要花5分钟的时间，玩起来其实感觉可玩性挺高的，给个好评吧,True,0,2,0.0,0,True,schinese,1506136247,1506136247
76561198095335166,1174180,0,11,13447,153,3118,1698605543,This will be my first red dead and I gotta say South Park was right I can't give this up to manbearpig 😂😂😂,True,0,0,0.0,0,False,english,1673759113,1673759113
76561199368831966,730,0,1,37980,0,11362,1696258128,"Игра крутая! Можно поиграть с друзьями по вечерам и т.д но минусы в том что много читеров, много токсиков которые орут в микро про твою маму и т.д. Игра хорошая но комьюнити нужно желать лучшего",True,0,1,0.0,0,False,russian,1663620828,1663620828
76561198154506935,304930,66,1,3927,0,1757,1639508265,es wena la wa,True,0,0,0.0,0,True,spanish,1411070837,1411070837
76561198337199128,225840,5,7,1071,0,539,1654453531,"As a player who never played Half Life series, this game is real fun. I mean you can get a better HL1 gameplay and alot of custom games for free rather than pay 9.99 for just a single player. Doesnt that already sound like HL1 is demo to this game? I recomend everybody to try this.",True,1,1,0.52380955,0,False,english,1524895238,1524895238
76561198129587889,1245620,0,1,11195,0,11164,1689078129,太好玩太好坃!!,True,0,0,0.0,0,False,tchinese,1655406165,1655406165
76561198068729590,378646,0,11,0,0,0,0,對於有看小說的人，這是此生最好玩遊戲之一,True,6,0,0.5833854,0,False,tchinese,1557244431,1557244431
76561198449472072,859580,188,65,968,0,253,1593313276,eca,False,0,1,0.0,0,False,brazilian,1574545867,1574545867
76561198204321969,238320,0,23,1000,0,247,1687385086,if you want to shit your pants then buy the game,True,0,0,0.0,0,False,english,1624883830,1624883830
76561199217080774,930210,0,4,982,0,391,1646550508,"I'm not a virgin, but I'd might as well be :(",True,0,0,0.0,0,False,english,1636695941,1636695941
76561199120331976,1088850,10,3,463,0,181,1686318500,Dayum!,True,0,0,0.0,0,False,english,1661887797,1666768600
76561199070352946,489830,0,3,2855,0,332,1688008865,es sumamente etsitante,True,0,0,0.0,0,False,latam,1687482466,1687482466
76561198143388600,261640,0,14,6155,0,2363,1632107476,Has a fucking achievment for 360 noscoping an enemy in air. Love it.,True,1,1,0.4576676,0,False,english,1422982358,1422982358
76561198369434247,260230,212,42,560,0,560,1622384433,"Трудно найти человека, который бы не слышал о Valiant Hearts. И такое внимание у игры неслучайно. Во-первых, игра про Первую Мировую войну, которых очень мало. Во-вторых, в ней крутой сюжет с интересными персонажами, за судьбой которых следишь с большим интересом. В-третьих, у Vakiant Hearts крутая рисовка. Играешь в игру - глаза наслаждаются) В-четвёртых, в игре ну очень крутая музыка, которая прекрасно сочетается с происходящем на экране. Ну и дополнительный бонус от меня - в игре много исторической справки - фотографии, описание событий, вещей и т.д. Такой и должна быть игра, связанная с историей.  Подводя итог скажу, что Valiant Hearts - игра, в которую должен поиграть каждый. Ведь она занимает важное место в игровой индустрии. И это бесспорно. Вы не пожалеете ни времени, ни денег, потраченных на игру",True,9,1,0.59334564,0,False,russian,1626168649,1626168649
76561198016574158,234140,637,10,2585,0,2566,1473605981,"Fun action game with great fighting system, driving, character progression and customization.",True,0,0,0.0,0,False,english,1480200118,1480200118
76561198104474611,227300,0,3,1147,0,55,1473112391,iyi oyun :),True,0,0,0.0,0,False,turkish,1388918339,1388918339
76561197976694006,530320,475,188,602,0,589,1575757353,Simply delightful,True,0,0,0.0,0,False,english,1575756275,1575756275
76561198413714607,265930,0,5,29256,0,29243,1696838357,Бееее!,True,20,4,0.7057527,0,False,russian,1680531960,1680531960
76561198247926942,105600,0,3,89827,0,70527,1694844786,"Terraria is the best game I have ever played! tons of items, many bosses, a bloody steal even at 10$",True,3,1,0.5473251,0,False,english,1447461798,1547011686
76561198385202781,236390,0,3,99660,1373,386,1698582045,나름대로 잘하더라도 팀에 원뎃충이 너무많아서 게임승리에 대해서 상상이상의 실력을 요구함 별로 안하는걸 추천한다 필자는,False,1,0,0.5020161,0,False,english,1644648450,1644648450
76561199049375567,573090,5,9,5595,0,523,1694997728,Fun,True,0,0,0.48668885,0,False,english,1623705980,1623705980
76561198804806251,1938090,0,2,287,0,287,1669448263,The Game is best it has All it takes.   Bugs!,True,0,0,0.0,0,False,english,1669448365,1669448365
76561198850402736,730,0,2,4530,0,4340,1684632331,bien,True,0,0,0.0,0,False,french,1654084124,1654084124
76561198124076342,1361210,0,67,6131,0,754,1692292636,very fun. I wish I get more cosmetics for free or cheaper or at least let me earn them in game cheaper. but very fun. also I hope they let me custom upgrade my weapon of choice rather then just rnging it. I mean this kind of game lives and dies on how custom you can make the character like in payday 2 and such. and that game has tons of skills and guns and such to make as your own. though I understand payday has been around for 10 years. still very fun.,True,0,0,0.0,0,False,english,1671994914,1671994914
76561198138943776,386360,115,8,7278,0,7278,1588168054,"Aunque tiene cosas que mejorar (los súbditos y el mapa son horriblemente feos, el lore es aburridísimo y le faltan cositas que hagan más dinámicas las partidas) es  actualmente el mejor MOBA con diferencia y el único que no se ha quedado anclado en la 1ª generación tan del siglo pasado. Además los nuevos dioses y aspectos son cada vez mejores. 8/10.",True,0,0,0.47619048,0,False,spanish,1639825503,1639825503
76561197983722043,219890,0,4,627,0,623,1572927763,Be sure to regularly reevaluate your assumptions.  This includes the controls.,True,0,0,0.0,0,False,english,1511758897,1511758897
76561198193420686,311690,86,21,773,0,60,1669674101,"Нормально, только скоро вернусь к ней ибо хотел другую игру проверить. Хардкорна. Я аж потел.",True,0,1,0.0,0,False,russian,1579709636,1579709636
76561198181287111,739630,0,8,5719,0,3769,1684790349,Sympathique à plusieurs. Dans l'attente de nouveau contenu pour plus de frissons !,True,0,0,0.0,0,True,french,1606341808,1606341808
76561199089595361,589360,101,30,393,0,377,1682423066,Not as good or charming as the first one but it's still a pretty solid rpg,True,7,0,0.5912951,0,False,english,1679501284,1679501284
76561199013252448,1359090,40,14,2353,0,679,1635371520,This game is great but the servers need work really bad. It will just boot you from the game out of nowhere saying that there are issues with the servers.,True,0,0,0.0,0,True,english,1630599905,1630599905
76561199175199024,6800,0,2,1430,0,351,1626145613,"Buen juego, buenos recuerdos",True,0,0,0.0,0,False,spanish,1622592706,1622592706
76561198799222389,322170,82,10,4006,0,585,1689930224,dope epic bussy barting moment,True,0,0,0.0,0,False,english,1615243757,1615243757
76561197977258819,231430,0,1,2333,0,1963,1577177413,Addicting game.,True,0,0,0.0,0,False,english,1479966616,1479966616
76561198924905804,8870,119,21,333,0,242,1602864913,nice very nice ,True,0,0,0.0,0,False,english,1590942611,1590942611
76561198178315835,347430,0,1,162,0,162,1448929381,Başarılı bir bulmaca oyunu. İndirimdeyken alın. Düşen kartlarla parasını çıkartıyor zaten. Tavsiye ederim.,True,0,0,0.0,0,False,turkish,1448686453,1448686453
76561198131839416,268650,0,14,1563,0,685,1633409847,"Oh jeez. Played 8 hours in 24 hours.   Very fun, and I love building things. Then crashing them and sinking them.   It's like Minecraft on steroids.    Though I feel like it isn't leveraging my Ryzen 2600X. Big mods like Titanic and famous battleships will just make the game crash when something big happens. May want to just keep it small until the game is finished.",True,0,0,0.0,0,True,english,1535863720,1535863720
76561198285784375,1366540,0,1,21928,0,2078,1673775405,每天中午看着窗外今天的太阳做个告别，然后打开这个游戏。。。,True,0,0,0.0,0,True,schinese,1612928872,1612928872
76561198006113694,1435790,310,16,1354,0,972,1692203235,跟聰明的朋友玩可能會少很多解謎樂趣，但是這不重要! 想體驗解謎可以玩單人遊戲 多人遊戲只要能夠偷朋友的解謎道具，我就滿足了 什麼?你說這是密室逃脫模擬器!? 不，這是友情破壞遊戲 :),True,2,2,0.54545456,0,False,tchinese,1689320376,1689320376
76561198064049272,736220,0,16,2609,0,219,1692402985,Cinematic Graphic meets realistic gameplay,True,0,0,0.0,0,False,english,1587854634,1587854634
76561198051413515,425580,0,1,227,0,227,1624781894,Hat Spass gemacht und die Rätsel und Möbel sind sehr schön gestaltet. Einfach Mystisch,True,0,0,0.0,0,False,german,1624781948,1624781948
76561198368392689,334310,0,1,3205,0,2696,1693494705,好上瘾，好有成就感,True,1,0,0.5145631,0,False,schinese,1631726044,1631726044
76561199065757703,581320,18,18,3171,0,1798,1695747916,10/10,True,0,0,0.0,0,False,russian,1686482570,1686482570
76561198131254922,362620,135,12,9464,0,8219,1683631450,"Financing still buggy as hell, you randomly go bankrupt even with money in your account.   Rest is good but when you have to reload twice every hour with each time 10 minutes of progress lost the fun is lost.",False,1,0,0.44332948,0,True,german,1683133526,1683133526
76561198100591909,710920,0,3,52,0,52,1575784380,这游戏相机卡的我眼睛痛，ban了。全是Bug 色还有Bug,False,0,0,0.0,0,False,schinese,1575784441,1575784441
76561198073939935,1091500,172,8,2519,0,1540,1609087594,"Забавная игра. Затянула + Русская озвучка (однозначно стоит своих денег). Графика норм. Игры пошла на высоких настройках. Баги есть. Но заметил интересную тенденцию. Как только  начал играть , не одного фриза не было. но чем дальше проходил становилось все хуже и хуже. Теперь езде мерещатся кусты >< А Потом меня Осенило ТАК ДЕЛО ЖЕ В НЕ ИСПРАВНОМ БИОЧИПЕ!!!!!!!! Вот оно погружение в реальность!!!!!!!!!!!!",True,2,1,0.5029412,0,False,russian,1608137663,1608137663
76561199037169750,325610,0,1,785745,4892,374483,1698830040,Great Game,True,0,0,0.0,0,False,english,1654700638,1654700638
76561198120987488,1618540,329,80,228,0,228,1631406543,na mesma vibe de phasmofobia só que com gráficos mais atuais,True,0,0,0.0,0,True,brazilian,1686708706,1686708706
76561199085438623,238460,100,1,292,0,247,1687380549,"I put a lot of hours into this game back in the Xbox 360 days. The Steam version is a nice trip down memory lane, but the UI is a little janky. If I open the game and start browsing the menu with my mouse and keyboard, I can't then switch to controller. I'd have to close the game completely and reopen it. The game music is also insanely loud for some reason. Other than those two things, it's just as fun as I remember it :D.",True,0,0,0.0,0,False,english,1675879906,1675879906
76561199464356512,1533390,0,1,482,3,471,1698275853,its really good but there are kids being racist on it and i HAVE TO POOP,True,0,0,0.0,0,False,english,1689465150,1689465150
76561198193351301,440,7,1,92165,0,71685,1541526095,hiyeeeer haha,True,0,0,0.47826087,0,False,english,1542127447,1542127447
76561198279450991,304050,0,2,11554,0,5141,1592032376,"It's a very fun and enjoyable game. Lots of Item skins, recourses, content. It's kinda difficult to Power up. Time consuming and have to grind certain items or places to level up your gear. In all very fun game and I recommend it.",True,0,0,0.0,0,False,english,1470387030,1470387030
76561198004116389,967050,0,98,345,0,124,1682288925,It's the right amount of jank.,True,1,4,0.5217391,0,False,english,1552248152,1552248152
76561197991933959,255710,0,2,993,0,993,1561500805,Nagyon jó,True,0,0,0.0,0,False,hungarian,1561883544,1561883544
76561198030655949,304390,0,4,18157,0,7071,1685997241,"For Honor is a very mixed bag but in my view it is very much worth it. The combat can be immensely satisfying when you get the hang of it and have gotten the feel of a certain hero or two. This game is definitely not for everyone as one game mode, Dominion, is the only one with the highest activity with some breach. Depending on who you go up against, namely skilled Warden, Lawbringer and Centurion players (in my experience), they can start spamming shove combos which leave you utterly bewildered if you are an average player.   I ultimately enjoy this game immensely and the rebalancing that has happened of late has been noticeably good in my humble opinion. The sounds of the strikes feel meaty and satisfying so good on the sound design and the heroes all feel fairly unique and I am mainly a Viking player. Love the aesthetic with the over-the-top design of the vikings and bulky armored Knights. When it first came out years ago the reveal trailers gave the impression it was gonna be more historically accurate but that was merely an assumption by the audience.   Pick this game up if you enjoy fighting games and want something to spice things up. 4 years in and I still find matches fairly regularly with just a few instances of having to wait 10+ minutes for a match to connect.   To all new players, choose the Viking Faction. The puny Knights and the arrogant Weebs deserve to feel the bite of our axes. SKEGGOLD, SKALMOLD, SKILDIR KLOFNIR!",True,0,0,0.0,0,False,english,1581999247,1581999247
76561199006320668,444640,0,2,242,0,205,1629839344,ivy,True,0,0,0.0,0,False,english,1611519283,1611519283
76561198289346462,1086940,146,23,6039,0,1683,1693045847,主打一个恶言相加,True,0,0,0.0,0,True,schinese,1689417384,1689417384
76561199032494148,1096710,22,11,1143,0,976,1685463276,"My Thoughts on Hello Neighbor Alpha 4: Pros: -The Neighbor's AI is fixed sorta.  -The House actually resembles what rooms you'd go to to a scale. -The Puzzles are ok. -More additions to the house for more exploration.  Cons: -Missing Textures. Why? -The House is huge???? -Some items decals for the inventory don't reflect what they actually are. E.g. Apple core decal looks like a full apple. -Nightmare Sequences seem purposely hard and are REQUIRED to beat the game. -Random rooms with nothing in them. Again, Why? -How do you know that an umbrella will let you glide? -Puzzles are really hard -Some rooms are pointless (excluding empty rooms) -Some doors can break softlocking the game to an extent. -More cartoony then before?  Overall, I like it and dislike it. I will not recommend it since the fear rooms are kind of silly. It needs patches etc and it would be perfection but seems nobody updates old games with bugs etc? Cough Valve TF2 Cough. -Dr SD (Sea Devil)",False,0,0,0.47619048,0,False,english,1652633321,1658741149
76561198391847156,359550,86,8,11773,0,11773,1635572438,我的评价是，把r6玩家赶出彩虹六号的傻逼游戏公司,False,0,0,0.0,0,False,schinese,1635572464,1635572464
76561198181915325,217200,0,1,454,0,188,1559424409,the best game ever! so funny!,True,0,0,0.0,0,False,italian,1450907783,1450907783
76561198798972256,255710,78,2,534,0,534,1560370806,i think you build cities or something idk,True,0,0,0.0,0,False,english,1561825211,1561825211
76561198978342379,632470,362,7,845,0,122,1636885897,能用现有的模式和模型做侦探游戏或克苏鲁神话类的游戏吗，如果那样肯定会很好玩的。,True,1,0,0.5217391,0,False,schinese,1617294352,1617294352
76561199038652164,322330,8,8,698,0,698,1638686089,good,True,0,0,0.0,0,False,english,1638686102,1638686102
76561199087285394,220240,19,4,987,0,462,1668109158,"Игра просто топ, легенда игр",True,1,0,0.52380955,0,False,russian,1613406666,1613406666
76561198111468102,1145360,0,11,9177,0,5509,1602155160,虚假的远程武器：       ① 弓箭的外形；       ② 浮动的低伤害，成长性差，打怪刮痧；       ③ 需要蓄力才能完成远距离攻击，怕打断；       ④ 狭窄的弹道及伤害判定；       ⑤ 孱弱的续航能力；       ⑥ 被小怪贴脸毫无办法； 真正的远程武器：       ① 青龙偃月刀的炫酷外形；       ② 稳定的高初始伤害，吃buff之后轻松四位数；       ③ 瞬发远程，指哪打哪；       ④ 三倍于视觉效果的弹道宽度，隔墙打人；       ⑤ 自带回血，续航稳定；       ⑥ 贴脸站撸，毫无压力；  拳套，yes！,True,1,1,0.52380955,0,False,schinese,1580477966,1606720449
76561198216027328,1128810,69,1,1568,0,105,1694341983,A perfect game for betraying your friends and ruining friendships 11/10! Would play again.,True,0,1,0.0,0,False,english,1599939183,1599939183
76561198878034472,257420,0,3,644,0,644,1609662035,"oyun oynanış olarak güzel akıcı, grafikleri de güzel. Efsane oyun canavarları öldür öldür bitmiyor :) iyi stres atıyoruz..",True,0,0,0.0,0,False,turkish,1609662133,1609662133
76561198319680690,730,51,4,101283,168,51938,1698863823,спасибо за даунов на звездах (теперь на калашах(теперь на бигстарах)) ,True,0,0,0.47826087,0,False,russian,1572944533,1632040099
76561198126796230,238460,305,14,1522,0,1164,1527266365,"Sežeňte si kamráda, zapněte skype a hrejte",True,1,1,0.5020747,0,False,czech,1429797664,1429797664
76561198345757673,895870,0,1,185,0,185,1612000006,还是可以的,True,0,0,0.0,0,False,schinese,1612000027,1612000027
76561198075584532,1172620,200,25,6986,0,6127,1687369738,"Bosun Bill will forever be stuck in my head, please send help.",True,0,0,0.0,0,False,english,1642339349,1642339349
76561199353690757,1174180,0,7,2011,0,1089,1693791434,best,True,0,0,0.0,0,False,english,1669362417,1669362417
76561198168117980,578080,0,2,113558,0,64328,1686914619,Игра немного фигня! НЕ ПОКУПАТЬ НИ В КОМ СЛУЧАЕ!,False,1,0,0.52380955,0,False,russian,1576078764,1581084729
76561198015232552,1649240,0,72,853,0,307,1678101576,Good game :),True,2,0,0.50742495,0,False,polish,1676811692,1676811692
76561197998213402,494720,0,8,22247,0,2100,1696587194,"Simplicity, rapidity, learning!  You can fit a good game of this into a minute of free time.  It's like eating honey-roasted peanuts; you won't be able to stop having 'just one more'... :O)",True,0,1,0.0,0,False,english,1551025270,1551025270
76561198126480078,4000,111,24,4711,0,1216,1466446269,12/10,True,0,0,0.0,0,False,russian,1498332452,1498332452
76561198125866992,221100,0,1,525,0,525,1403425784,I changed a setting and now the mouse has gone big and cant move and the graphics are rubbish ,True,1,0,0.52380955,0,True,english,1403349971,1403349971
76561198114162374,730,0,6,1276,0,257,1533827125,great game!,True,0,0,0.0,0,False,english,1420131589,1420131589
76561198158164461,526870,35,3,3883,0,3762,1689639913,Muito bom!,True,0,0,0.0,0,True,brazilian,1628215160,1628215160
76561197970484673,859580,0,4,863,0,572,1662559935,"He jugado poco por el momento, solo unas hora gratuitamente. No pinta mal, pero falta mucho contenido, no se pueden jugar muchas naciones ni eras diferentes.",True,0,0,0.0,0,False,spanish,1586123665,1586123665
76561198853141847,730,7,1,47588,0,33048,1567008483,За 360 руб отличная игра! ....для читеров....,False,0,0,0.0,0,False,russian,1534339269,1542884527
76561198208589152,955050,832,78,145,0,75,1585899480,"EL juego es muuuuuuuuuy bueno, no hay palabras para describir tanta preciosidad en una sola reseña.  La movilidad del personaje y la dificultad de los mounstrous es de lo mejor que hay hasta el día de hoy, así como la calidad gráfica con la que cuenta el juego y ahora con la actualización del RTX, lo hace perfecto.  Hasta el día de hoy no recomiendo comprar el juego, solo cuenta con un capítulo, el cual te lo pasas súper rápido y te deja con la emoción de querer jugar aún más.  Por el momento pondré mi voto como recomendado pero recuerda que si lo compras, tendrás el problema de que es muy corto. Igual puedes apoyar a los desarrolladores a que sigan con este proyecto y terminen el juego de una vez.",True,3,0,0.5413534,0,True,latam,1582874806,1582874881
76561198349609151,434250,183,6,1218,0,1107,1496686322,"Super hra, ešte by tam vývojári mohli pridať viacej zbraní, máp a ostatné blbosti ale nato treba dať vývojárom čas. Jediná zlá vec na tejto hre ktorá ma vie riadna naštvať je to, že keď vás pridá do hry plnej idiotov s RPGčkami tak je to riadna rakovina. Deti asi nevedia mieriť tak musia behať s RPGčkom a po dopade hlavice vás to zabije v okruhu 20 metroch a ím sa pravdaže nič nestane aj keď strelia pod seba.",True,2,0,0.52380955,0,False,czech,1488670733,1488670733
76561199054417764,730,6,1,18938,0,9201,1694443853,Pretty good game. Really good game actually. If you are looking for a game without hackers this is not the game you want to be downloading. Ever since the Non-Prime adjustments update this game is shit. Cant play Counter Strike MM with my own rank players.,True,0,1,0.0,0,False,english,1624364252,1624364252
76561198246753814,730,7,1,108584,2057,65372,1698844387,Хорошая игра.,True,1,0,0.52380955,0,False,russian,1667419363,1667419363
76561198427509294,292030,51,2,11470,0,7727,1695914725,我的徽章在震动，周围有女术士,True,0,0,0.0,0,False,schinese,1662127763,1662127763
76561199186055112,730,0,4,6071,0,1046,1695934731,sim,True,0,0,0.0,0,False,brazilian,1663189811,1663189811
76561199058380814,730,82,5,24172,0,645,1696555630,good,True,0,0,0.0,0,False,schinese,1625977356,1625977356
76561198149146392,504370,0,33,944,0,734,1475770443,Its a CSGO wannabe,False,5,29,0.11751277,8,True,english,1474596627,1474596627
76561198408644550,601150,70,2,726,0,248,1678702297,爽就完事了,True,0,0,0.0,0,False,schinese,1675062262,1675062262
76561198354728199,1202130,0,4,3299,52,1433,1698009117,"Overall good game. Could be better with open scenarios, more campaigns, etc. But great start to begin with. Hoping this is not the end of it and that slitherine doesn't add content behind DLC's pay-walls  Edit:   Guys, don't buy the game just yet. Seeing what they have done to Gladius with basic unit, and over 50% of the game's content behind several payable DLC packs ( same faction units, different DLC's). I'd wait till the DLC drops if I were you.   Unfortunately I bought the game before realizing... Noticed the day of edit",False,0,0,0.0,0,False,english,1655881580,1656305828
76561198217666588,648350,115,14,1296,0,1165,1623785150,yes.,True,0,0,0.0,0,False,english,1578091202,1578091202
76561198069090295,440,93,19,41979,0,27184,1682951571,"You Have To pay $10 to play competitive, Valves Running out of money.",False,0,1,0.0,0,False,english,1403598032,1467965597
76561198081933340,351920,0,12,13,0,13,1538814260,2700x 에서 렉걸리는건 좀 에바,False,0,0,0.0,0,False,koreana,1580813490,1580813490
76561198148484002,221910,600,15,224,0,223,1437992937,我被游戏玩弄了,True,2,2,0.5435685,0,False,schinese,1434881221,1434881221
76561198252522162,481870,0,6,89,0,89,1670496254,"I played a little bit. It's fun because of the unique rules. It's good for a little play, but after playing for a while, I couldn't think of a good strategy and couldn't clear the game. I think it is fun to play if you think carefully.",True,0,0,0.0,0,False,english,1670569315,1670569315
76561198211809887,594650,43,2,12038,0,7244,1694775508,BABA SPIEL,True,0,0,0.0,0,False,german,1685900240,1685900240
76561199224337592,578080,0,2,6691,0,412,1682271546,Игра позволяет развить реакцию и стратегическое мышление!,True,0,0,0.0,0,False,russian,1673107643,1673107643
76561198204438601,1245620,106,18,6762,0,2116,1671359877,完了三十小时，跑图占用25小时，前面宁姆格福，啜泣半岛老老实实一点点全部探索完了，结果比较令人满意的只有噩兆和监牢的熔炉骑士，只有这两场战斗比较让人满意，除了这些之外基本没什么印象了，现在推完利耶尼亚，盖丽德探索了一部分，总之过了宁姆格福基本都是在跑路，捡东西，地牢都不想进了，真的太浪费时间了。开放世界真的和黑魂不沾边，完全可以做成2代如蜜那样开局四通八达，然后直通各个地方的主图。现在打开游戏就是跑图，跑图跑图，真的太折磨人了。果然我还是不喜欢开放世界，真的恶心。 还要再说几点，预告片里那么帅的战鬼套装为什么放在后面，游戏都后半段了还拿不到套装，拿个这个装备至少要做好几个任务，都要吐了，宣传片里演示是很帅气，正式版就在这恶心人是吧。为什么拿个套装都这么难。 还有废墟，这东西真的有必要存在吗？每到一个废墟我都骑着马在原地找洞窟，转来转去头都晕了，真就不能洞窟设置的醒目一点，每个废墟几乎都一个样子，有的稍微大点的废墟我要来回跑好几遍，，， 还有那些沙雕龙，真的卡视角卡地形，不高兴来口龙焰人没了，菈妮支线都打了几条龙了，几乎没个地图都有几条龙，真的有必要堆这么多恶心人的生物吗？ ,False,0,0,0.47619048,0,False,schinese,1650598992,1650992719
76561198843538384,516750,143,5,11242,0,3121,1690852572,Be careful at railway crossings.,True,0,0,0.0,0,True,english,1610159426,1610159426
76561198156164833,359550,134,37,16501,0,16476,1578332874,"watch out, ubi's giving free permanent bans.",False,1,1,0.4242424,0,False,english,1562222115,1562222115
76561199237520533,730,0,1,5364,0,1800,1696751490,Tato hra je veľmi super. Odporúčam!,True,0,0,0.0,0,False,czech,1684149589,1684149589
76561199097614080,1506830,0,5,627,0,477,1693818014,GOOD ,True,0,0,0.0,0,False,english,1661589780,1661589780
76561198161446154,730,0,4,32129,0,31343,1696234815,From my POV this is THE FPS shooter you should have. Infinite replay value for sure.,True,0,0,0.0,0,False,english,1599538163,1599538163
76561198858365834,1113560,225,22,3372,0,3340,1620181217,"if nothing else, play it for the story. I never played the original nier however this remake really is special. It may not do a lot to change the gameplay loop or sidequests, however it makes up for that by adding a brand new section to the main part of the game you will have to replay 3 times (gets to be a bit excessive but push through its worth), and a brand new ending with a new boss and dungeon. Incredible story, one of the best stories ever told in video games for sure.",True,0,0,0.0,0,False,english,1620163375,1620163375
76561198268768547,730,0,2,44909,290,2307,1698611514,caras las llaves,True,1,1,0.52380955,0,False,spanish,1553819005,1553819005
76561199086545498,578080,4,3,7999,0,1254,1681608496,drghfdhgfhjfjgffgjfgjfgjfgjfg,True,0,0,0.0,0,False,english,1642612729,1642612729
76561198171466177,227300,38,2,32824,200,12978,1698530073,"Muito bom, gráficos espetaculares, jogabilidade incrível. Apenas o modo online precisa ser feito alguns ajustes.",True,0,0,0.0,0,False,brazilian,1480386834,1480386834
76561198273467995,230410,0,1,14051,0,12852,1684758767,Best game,True,0,0,0.0,0,False,french,1652883925,1652883925
76561198198403053,298050,126,3,1652,0,372,1694977729,"До этой игры я даже не был знаком с этой серией. Благодаря этой игре я познакомился с удивительным миром Master of Orain. Игра меня сильно затянула. Я чувствую я ещё долго буду в неё играть. В игре есть баги и я думаю, нет я уверен что их исправят. Удачи по захвату галактики.",True,54,2,0.36543205,2,False,russian,1472147942,1472147942
76561199239836590,1325860,64,10,1855,51,406,1698640691,网课整活效果很好，不过创意工坊里高质量的mod还不太多。没摄像头的友友们可以开软件自带的虚拟摄像头，除了不能跟着你的动作，其他功能都全的。网课时代已经过去了。以后有机会多用几次。,True,1,0,0.52380955,0,False,schinese,1673311765,1687855481
76561198168564789,413150,0,2,9304,0,2960,1681603056,"Very captivating, chill, love the music and atmosphere, it has the depth.",True,0,0,0.0,0,False,english,1587418840,1587418840
76561199049239376,292030,5,2,20138,0,11361,1673094365,Tek kalimeyle MÜHTEŞEM,True,0,0,0.0,0,False,turkish,1609584392,1609584392
76561198096415789,252490,74,2,58772,281,22811,1697869024,jogo de cotoco,True,0,2,0.45454547,0,False,brazilian,1561773507,1561773507
76561199081080222,877360,48,15,9,0,8,1673899096,"bro i played this and got ficking 5000 achievements thats why i bought it and also the achievements either didn’t load because there are a lot of them or these are fake achievements (I don’t know how it’s FAKE, well, let’s say it’s possible)",True,0,0,0.44275737,0,False,english,1673042602,1673042889
76561198265065128,1329410,3780,21,168,0,11,1615211266,断幺九天下第一！,True,2,0,0.52380955,0,False,schinese,1606330027,1606330027
76561198202511023,359550,127,12,32526,0,21957,1684052877,la ji xin ban ben diao ni ma de xian hai na me duo bug,False,4,1,0.4711014,0,False,schinese,1526705195,1536473345
76561198287080581,1506830,22,1,767,0,624,1658241327,굿,True,0,0,0.0,0,False,koreana,1658151725,1658151725
76561198985462510,883710,89,53,2158,0,377,1592491469,克莱尔美美的，艾达更美，美的不像话，服了。但游戏的前期节奏真慢，除了找找找就是找找 找，现在全通了克莱尔AB和里昂AB，👴是真的不想再探索警察局和下水道了，难受啊。      最让我开心的是中文配音团队真是太专业了，各个都是有名的配音演员，上译的，太用心了，克莱尔的配音竟然是我最喜欢的cv张琦！就连亚妮都是配过冰雪奇缘中文版艾莎的周帅！必须赞。      我实在搞不懂为啥一群人黑中配，难不成黑中配已经成了政治正确？搞不好就是一群中二小鬼在装x。      我爱中配！支持中配！,True,0,0,0.47826087,0,False,schinese,1581570045,1588990627
76561198361573311,105600,394,10,156271,0,13699,1695264913,"Here i am after playing this game for a whole decade rocking around 6000 hours overall, after spending so much time on this game i am not allowed to not recommend it.  PS. i love the last update that was before the last update while waiting for the next update",True,0,0,0.48847136,0,False,english,1546544341,1668072952
76561197983056665,362960,0,26,1509,0,1509,1575759204,"Dieses Rollenspiel ist anders, aber nicht schlecht. Es ist an vielen Stellen erfrischend neu und an anderen nahezu schmerzhaft altbacken. Die Story obgleich zeitweise etwas trocken, kann fesseln. Es ist sehr stark mit Dialogen durchzogen und vieles hat einen Einfluss auf Anderes.   Aber, trotzdem Top, wenn man es für ~25€ bekommen kann.  Einziger wirklicher Nachteil - ich habe einige Grundzauber nie finden können und war damit an einen Heiler gebunden, aber es ging dennoch.",True,0,0,0.0,0,False,german,1575759423,1575759942
76561199238503245,221100,17,7,10912,0,1428,1696649569,"Fun, slow, relaxing survival game with plenty of active community servers that offer a nice variety of what you want to play ",True,0,0,0.0,0,False,english,1681087368,1686688148
76561198093797022,1212400,0,16,504,0,108,1589828352,"Ой ребята, я поиграла в игру совсем чуть-чуть но уже покорена ее сюжетом на все 100%. Собрать такую банду девчонок неумех, всех с разными характерами: воровка с добрым сердцем которая не хочет обворовывать честных людей, воительница-трусиха, волшебница не знающая ни одного заклинания и жрица хамка и гопота ))) вдвойне приятно что игра от русского разработчика )) в общем очень рекомендую!  +игра просто летает +очень высокая скорость боев +смешно  поиграю еще и дополню свой комментарий",True,5,0,0.52442473,0,False,russian,1589706428,1589706428
76561199046594950,730,42,6,61680,0,221,1671427082,环境烂的一批 要么小透要么都不演 官匹和平台现在烂的五五开了都  不是几把掉帧要么就是几把无响应 再者就是TM的连接到服务器失败 （I5九代 1660TI 16G内存 512G固态） 而且莫名其妙丢失文件 V社你妈妈死了,False,0,0,0.52755904,0,False,schinese,1587090171,1658149019
76561198047585732,601150,706,12,4891,0,3891,1601348295,This party's getting crazy... Let's rock!!,True,2,0,0.5172414,0,False,english,1574848103,1574848103
76561198871936249,730,0,1,1034,0,342,1614724252,"YES! Very many bicycle in beuningen. We met nice russian, he didn't know what bicycle was. We learn him bicycle. Now everyone bicycle.",True,0,0,0.0,0,False,english,1587589288,1587589288
76561198453179363,730,0,1,7126,55,916,1698343294,VAC система на высшем уровне!,False,0,0,0.0,0,False,russian,1513943641,1513943641
76561198059465352,1113120,0,2,3011,0,2250,1671724994,"I really like this game and it deserves better reviews than it got.   It is hard, but absolutely doable on my first try.",True,0,0,0.49438205,0,False,czech,1671392120,1671392120
76561197997363400,22380,889,160,31419,0,18868,1683848033,Played a bit. It's alright.,True,1,0,0.4923077,0,False,english,1446962620,1543401508
76561198134766845,1262580,36,7,1927,0,1042,1696591002,可玩性高，推荐推荐！！！,True,0,0,0.0,0,False,schinese,1664806420,1664806420
76561198854380778,578080,0,13,13614,0,1424,1678821553,"Игра каеф  все говорят про читеров. Я ни одного не встретил(провел 56 матчей) какие жадные разрабы. Выходят новые карты и они даются бесплатно, а донат только визуальный а про оптимизиацию не спорю, мой пк полностью подходит по характеристикам но на карте викенди лагает.",True,0,0,0.0,0,False,russian,1546435968,1546435968
76561198310193035,730,0,1,34626,0,33898,1585223357,Q,True,0,0,0.0,0,False,russian,1584036175,1584036175
76561198973452924,22380,124,46,6346,0,3308,1636880012,boones wife is still dead ,True,1,0,0.52380955,0,False,english,1635872829,1635872829
76561198423569635,413150,0,2,9115,0,2193,1695977804,为了逃离996而从此007的日常,True,0,0,0.0,0,False,schinese,1638693922,1638693922
76561197972604898,369420,0,192,595,0,556,1647142001,"""Initially played it probably 5-6 years ago. Decided to replay this and get the achievements and write a review - its great.  Good production values somewhat interesting plot.  One warning for achievement hunters - especially the """"Session 9"""" (and possibly others) its very easy to miss and you can't always go back and get it after the plot progresses.""",True,0,0,0.0,0,False,english,1647140401,1647148826
76561198053613923,798490,156,12,2092,0,2092,1643439817,"The art style grabbed me immediately and the tactics-roguelite format kept me playing. The story is a bit abstract so I don't know if I understood what's going on, but I suppose you don't have to. The game has a few pinch points, like the bosses demanding you to rely on one specific build to beat them, but overall it was time and money well-spent.",True,0,0,0.0,0,False,english,1676358146,1676358146
76561198962022780,433340,27,18,936,0,67,1662097278,슬라임이 귀엽긴 한데 슬라임이 다 망침 ,True,0,0,0.0,0,False,koreana,1634995978,1676227246
76561198094953979,271590,41,3,23331,0,11439,1644244918,1,True,0,0,0.0,0,False,russian,1498638281,1498638281
76561198983623416,1085660,0,14,6570,0,2393,1675152286,"It fun game, should play if bored.",True,0,0,0.0,0,False,english,1589860224,1589860224
76561199056776996,236390,0,3,10307,0,2120,1696638802,qwertyuiopasdfghjklzxcvbnm,True,0,0,0.0,0,False,english,1632012030,1670193859
76561198799141835,423230,0,11,274,0,274,1643890745,Un must have une véritable perle un jeu que j'ai refait plusieurs fois,True,0,0,0.0,0,False,french,1643999854,1643999854
76561198120585622,400,0,6,783,0,212,1596455964,BArdzo fajna i ciekawa gra polecam 10/10,True,0,0,0.0,0,False,polish,1562161830,1562161830
76561198871684781,774171,0,1,392,0,223,1577250798,"If your looking for a fun cutesy little game to just play and chill out to I definitely recommend this title. Although, if you want to go beyond just playing it casually it's a real ball buster. Playing on even hard mode is absolute hell. So if your an absolute masochist then this is the perfect game for you. Not only do you get to rip your controller in half from the sheer rage 1 [Great] will give you, you can also scream at your computer for hours and look like a total nut case in front of your loved ones as you CURSE AT THAT FLUFFY SMILING CLOUD FOR BEING ONE CENTIMETER OFF YOUR ATTACK RETICLE!!!  ...  Besides that this is still a good game. 10/10, would recommend again. =u=);b",True,0,0,0.0,0,False,english,1577084524,1577084524
76561198045252687,671440,33,3,1469,0,1409,1555173884,"This is indeed a playable game. Sounds like the classic Openttd with a gorgeous GUI.  However, Rise of Industry is rather complicated to get familiar with the whole production process.  Logistics is a nightmare, from setting up warehouse to destinations one-by-one. Openttd is much more straightforward upon this issue. ",False,4,0,0.5037949,1,True,english,1550859593,1550859593
76561197998709299,1428820,1282,7,173,0,173,1621096847,I wish I had not bought all four of these games without reading the comments in depth.  These are very frustrating games that have either spelling errors or obscure spelling of words.  The choice of words for each category seems to favour obscure choices rather than more common choices or choose words that do not fit into categories e.g. the Countries category had a US State and a Continent so I would have preferred the category to be known as Human Geography so I knew to expect more than just country names.  So I could finish this with minimum of frustration I ended up playing it as a wordsearch game by having a guide up on my other screen so I knew what words to look for.  The last frustration was getting to the end not using a single hint and expecting the No hint achievement to pop but it doesn't as you actually have to use up all of your hints.  I would recommend Mini Words instead which is a much more polished version of this sort of game.,False,4,0,0.5739187,0,False,english,1621097641,1621097641
76561198384224839,550,44,5,974,0,191,1678393546,x,True,0,0,0.0,0,False,turkish,1657359730,1657359730
76561199008345752,444090,22,1,37,0,37,1624052883,I played 3 games. I won all of them and I got like 50 kills in every single game. Easy Game.,True,0,0,0.0,0,False,english,1624053112,1624053112
76561198262033563,730,0,1,98344,0,30381,1682370203,très bon fps,True,0,0,0.0,0,False,french,1515202717,1515202717
76561198974721840,252950,0,1,18928,0,427,1666191680,Amazing graphics and high speed game play!,True,0,0,0.0,0,False,english,1577542093,1577542093
76561198003208321,730,33,2,126501,0,88701,1696767115,"Now this is the worst competetive game ever. CS always wasn't ideal, but we loved it anyway all those years. Making it free to play is the worst decision in rising game popularity way. You gave prime to everyone who bought CS before, and now we have  a community full of fools and cheaters. Each MM game is a pain. We never asked for that - but you did it free instead of making servers 128tick. This step is good only in one way - if you want to kill the game and are preparing the next CSGO version on Source 2. But it's not logical after all those renewed maps and new game mode. Anyway, we had the best sportgame, and now we are playing the Call of Duty clone from 2004th. Very bad clone. You will receive many people who will not spend money to in-game stuff, and will lost all of us - who loved the game and bought in-game content. You lost us.",False,0,0,0.0,0,False,english,1544993966,1544993966
76561198200404117,333930,0,2,441,0,313,1517169525,Good,True,0,0,0.0,0,False,german,1527187721,1527187721
76561198375184380,257030,0,22,1815,0,792,1679195969,Hope you enjoy and please like,True,0,0,0.0,0,False,thai,1511443644,1511443644
76561198106347947,304930,0,5,3813,0,1976,1535727902,sooo coooooooooooooooooooooooool,True,0,0,0.0,0,True,english,1425271110,1425271110
76561199209313499,1144200,14,1,650,0,206,1692555395,essa,True,0,0,0.0,0,True,polish,1668335933,1668335933
76561198097998957,219150,285,87,1141,0,454,1681675857,"A retro 1980's style game, it has always been my favorite challenging game.",True,0,0,0.0,0,False,english,1466923941,1466923941
76561198444833451,779340,62,8,17840,0,17557,1685680543,没有水战，玩东吴差了那么点代入感,True,1,0,0.5212766,0,False,schinese,1675649960,1675649960
76561199089679672,1097150,24,3,379,0,168,1643744760,eu nao estou conseguindo jogar,True,0,0,0.0,0,False,brazilian,1610488854,1610488854
76561198096325448,1337760,0,4,948,0,667,1671163234,"--MAKE SURE TO DO EVENTS BEFORE PATIENTS IF YOU CAN, READ MORE BELOW FOR EXPLANATION--  So I have played a lot so far and I am unsure this game is finished with bugs or not finished. So I think the story is fun but an issue came up where my game would glitch when trying to select characters to chat with or do stuff for. But the biggest glitch was I tried to romanced a character on the same day a bunch of characters got sick. I cured all the people then went to give Matheo the charm to start dating right? I go to click on him and it does the pirate lady on the other side of the map instead who isn't even at max likability. So guess what? I have to do that day all over again and diagnose 5 patients then make over 10 potions all over again because this game only auto saves and it auto saves when you wake up. So be careful....  Pros: Cute art style Relaxing soundtrack Interesting Characters  Decent Story Doesn't Gender lock romances  Cons: Very repetitive Limited character friendship events even for romance characters  Glitches all over the story and character events Characters are hard to find when you need them ",True,8,0,0.59746224,0,False,english,1663997024,1663997024
76561198108942552,218620,65,2,7897,0,2560,1610004747,"Como lo pongo en idioma español, lo compre y tengo todo en ingles. Un amigo mio se lo compr tambien y ya le venia en español...",True,0,0,0.0,0,False,spanish,1459869174,1459869174
76561198082364892,633230,358,2,156,0,156,1562269041,"No me agrado que no tenga multijugador local, ademas son muy pocos modos de juego y en lo personal no me gusta la jugabilidad",False,1,0,0.0,0,False,spanish,1562388501,1562388501
76561198031413284,1163070,292,24,230,0,230,1589612823,"Done in 3hrs, it was okay I guess?",True,2,0,0.5339547,0,False,english,1589612899,1589613553
76561198305476685,406150,204,23,55,0,32,1533969275,真心是个好游戏 30分钟全流程通关 bgm感觉爆炸 良心游戏16种语言 ce你学着点  勒索病毒都比你语言多,True,0,0,0.0,0,False,schinese,1495286390,1495286390
76561198221969260,1172380,0,1,2643,0,1978,1614585104,very fun,True,1,0,0.0,0,False,english,1588760485,1588760485
76561198213107920,381210,266,19,6801,0,2042,1690671363,"""Ghost - : """"Pssst look at me Bitch"""" Me - : """"RUN!""""""",True,0,0,0.0,0,False,english,1643450827,1643450827
76561198042213152,2087030,226,27,491,0,438,1664710399,"Un gioco che di ha del potenziale, purtroppo non lo raggiunge per vari problemi tecnici e non. Graficamente non è male, i modelli dei personaggi e delle armi sono visivamente ben realizzati. I problemi sorgono quando si guarda il gioco nel suo insieme: la modalità PvE è oltremodo ripetitiva e molto ostica a causa di un indicatore che aumenta progressivamente la difficoltà nel mondo di gioco. Questo ci porta al primo grosso problema di Shutterline: il bilanciamento. Difatti nella modalità PvE una volta raggiunti livelli di difficoltà alti non si hanno i mezzi per fronteggiare la crescente difficoltà dato che i potenziamenti ricevuti sono insufficienti e il danno dei nemici, oltre ai veri malus aggiunti ogni tot percentuale di difficoltà aumentata, si rivelano ostacoli insormontabili. Il problema del bilanciamento si ripresenta nel PvP, con mancanza di equilibrio sia nelle squadre che nelle mappe e persino negli spawn degli obiettivi nella modalità conquista.  Nonostante ciò, le armi appaiono abbastanza equilibrate, con armi meta anche sbloccate subito senza troppe fatiche. A proposito delle armi: il gunplay è molto divertente, ricorda a grandi linee Black Ops 4. Ovviamente ciò non è tutto positivo, a differenza infatti del gioco citato, Shatterline propone animazioni molto scarse e tediose, soprattutto quella della rianimazione il che rende un'azione di gameplay fondamentale spesso inutile e troppo rischiosa. Anche la fluidità che c'è tra un'animazione e l'altra è insufficiente.  Ulteriore difetto, le grafiche dei menù e dell'interfaccia che peccano di cura e di coerenza con le altre.  Conclusione: Shatterline è un gioco che parte da delle buone premesse e può diventare un'ottimo free to play, ma per ora necessita di uno strato di pulizia che lo renderebbe un AA.",False,0,0,0.0,0,True,italian,1664641771,1664641771
76561198153110859,838350,131,28,19290,0,13216,1687431838,正式版更新评价。贴图立绘UI都精细了很多，还有很多之前不太合理的设定都有优化。但 上手依然非常困难，缺乏引导，破案能力差会玩的很痛苦，我个人感觉最难受的还是伤害计算，我老天跟考研一样，玩之前先上一下太吾网课，，，还有老生常谈的BUG问题，建议入坑的各位等一等更新。,True,0,0,0.0,0,True,schinese,1581522317,1668321016
76561198877324720,291550,0,1,4891,0,4489,1638165699,Muy buen juego♥,True,0,0,0.0,0,False,spanish,1607759920,1607759920
76561198126286732,1167630,0,13,3234,0,80,1691252877,wtf the phyiscs is so good,True,1,1,0.52380955,0,True,english,1636576916,1636576916
76561198840526023,568220,143,11,10126,0,4345,1686169127,Бегите глупцы!!!!,True,1,0,0.52380955,0,False,russian,1627941309,1627941309
76561198145463712,386070,0,65,7946,62,1907,1698201416,"A genuinely good game, especially considering the small team and budget. Imagine what these guys could do with proper resources. Strategy games aren't too popular, unfortunately, but this one should be.",True,0,0,0.0,0,False,english,1616114361,1664589111
76561199095189914,730,7,1,214516,0,4695,1689362208,Ebanaya Poebota,True,0,0,0.0,0,False,english,1606566890,1606566890
76561198137876056,293260,704,26,64,0,64,1437695078,"Welcome, bold adventurer! Card Hunter is an online collectible card game which blends together card play, deck building, tactical combat and fantasy role-playing in a way you've never seen before. Grab your cards, miniatures, dice and snacks, then journey to a new world of adventure on the tabletop of your Game Master, Gary.   Build your party and set forth on a grand adventure in the massive single-player campaign. Each adventure will challenge your deck-building skills and tactical prowess as you battle horrifying Black Oozes, savage War Monkeys and more.   Amass a collection of fantastical swords, shields and other adventuring gear. In Card Hunter's unique deck building system, equipping your party with these items builds your deck for you.   Enter the fray on a grid based battlefield. Prepare for turn-based strategy where you must play your cards right to defeat your foes and be rewarded with experience and loot.   When you’re ready, challenge other players in casual games, ranked matches or regularly scheduled leagues. Can you rise to the top of this month’s season? Can you and your undead minions triumph in the Graveyard Gambol league? Multiplayer Card Hunter is a never-ending challenge.   Don't want to face the monsters alone? Adventure co-operatively with one or two friends and share the dangers of Cardhuntria as well as the rewards.   When you're done with the huge core campaign, get ready for when robots and insane computers invade in the all new Expedition to the Sky Citadel set. Or, if you prefer your monsters from the murky mists of time, brave the challenge of prehistoric monsters and intelligent weapons in the fiendish Attack of the Artifacts.",True,2,0,0.518797,0,False,english,1437784225,1437784225
76561198396294568,252490,111,44,328,0,147,1691203601,"Оперативу жрёт пиздец, а вот сама игра забавная :3",True,0,0,0.0,1,False,russian,1687063071,1687063071
76561198343031327,730,0,2,11312,0,11296,1586083170,Гениальная игра!Сколько лет уже в ТОПе!,True,0,0,0.0,0,False,russian,1576755178,1576755178
76561199036077097,730,0,1,55425,0,50381,1607201248,"CS:GO stands as a glowing reminder that quality game design is rewarded in longevity and variety. Valve has not only updated the shooter but has completely outclassed its contemporaries. This is Counter-Strike, whatever the format you choose to play it on, and there isn't a higher recommendation than that.",True,0,0,0.0,0,False,english,1603310795,1606292548
76561198078867381,814380,224,57,5195,0,5019,1599346660,"One of the best games from one of the best developers around. Addictive combat that is really not as hard as many make out to be. The game has a nice flow of the story and great, beautiful world.  Obviously, like other From's games, the gameplay is the main focus, and in this regard Sekiro is almost perfect.",True,0,0,0.0,0,False,english,1571763361,1571763361
76561198069017232,4000,139,9,284779,0,213557,1692560804,gmod good,True,0,0,0.0,0,False,english,1588900556,1588900556
76561198354992436,1245620,118,12,7642,0,7642,1678388237,"Don't think I've EVER seen a game live up to the hype as beautifully as this game. Everything in this game is beautiful. The world, the story, the art, the bosses, the architecture, the atmosphere, and the game play. This game is damn near a masterpiece, and I'll never think any lower of this game that that. Never put thyne ambitions to rest. Become Elden Lord.",True,1,0,0.52380955,0,False,english,1679601559,1679601559
76561198287907920,1832640,0,2,630,0,630,1655977769,我是sb,False,0,0,0.0,0,True,schinese,1664703692,1664703692
76561198202672485,208580,0,90,2634,0,417,1601249298,"Gra dobra, ale pierwsza część zdecydowanie lepsza. Widać, że była robiona w pośpiechu (szczególnie koniec gry), ale mimo to warto w nią zagrać",True,0,0,0.3846154,0,False,polish,1494941982,1601249380
76561199084451257,739630,0,3,4667,0,2146,1685494412,"Da miedito, y es genial jugarlo con amigos c:, así no me asusto sola C:",True,0,0,0.0,0,True,spanish,1638900071,1638900071
76561198342442994,386360,0,1,2817,0,2609,1687137522,nightmare nightmare nightmare nightmare nightmare nightmare nightmare nightmare nightmare nightmare nightmare nightmare nightmare nightmare nightmare nightmare nightmare nightmare nightmare nightmare nightmare nightmare nightmare nightmare nightmare nightmare nightmare nightmare nightmare nightmare nightmare nightmare nightmare nightmare nightmare nightmare nightmare nightmare nightmare nightmare nightmare nightmare nightmare nightmare nightmare nightmare nightmare nightmare nightmare nightmare nightmare nightmare nightmare nightmare nightmare nightmare nightmare nightmare nightmare nightmare nightmare nightmare nightmare nightmare nightmare nightmare nightmare nightmare nightmare nightmare nightmare nightmare nightmare nightmare nightmare nightmare nightmare nightmare nightmare nightmare nightmare nightmare nightmare nightmare nightmare nightmare nightmare nightmare nightmare nightmare nightmare nightmare nightmare nightmare nightmare nightmare nightmare nightmare nightmare nightmare nightmare nightmare nightmare nightmare nightmare nightmare nightmare nightmare nightmare nightmare nightmare nightmare nightmare nightmare nightmare nightmare nightmare nightmare nightmare nightmare nightmare nightmare nightmare nightmare nightmare nightmare nightmare nightmare nightmare nightmare nightmare nightmare nightmare nightmare nightmare nightmare nightmare nightmare nightmare nightmare nightmare nightmare nightmare nightmare nightmare nightmare nightmare nightmare nightmare nightmare nightmare nightmare nightmare nightmare nightmare nightmare nightmare nightmare nightmare nightmare nightmare nightmare nightmare nightmare nightmare nightmare nightmare nightmare nightmare nightmare nightmare nightmare nightmare nightmare nightmare nightmare nightmare nightmare nightmare nightmare nightmare nightmare nightmare nightmare nightmare nightmare nightmare nightmare nightmare nightmare nightmare nightmare nightmare nightmare nightmare nightmare nightmare nightmare nightmare nightmare nightmare nightmare nightmare nightmare nightmare nightmare nightmare nightmare nightmare nightmare nightmare nightmare nightmare nightmare nightmare nightmare nightmare nightmare nightmare nightmare nightmare nightmare nightmare nightmare nightmare nightmare nightmare nightmare nightmare nightmare nightmare nightmare nightmare nightmare nightmare nightmare nightmare nightmare nightmare nightmare nightmare nightmare nightmare nightmare nightmare nightmare nightmare nightmare nightmare nightmare nightmare nightmare nightmare nightmare nightmare nightmare nightmare nightmare nightmare nightmare nightmare nightmare nightmare nightmare nightmare nightmare nightmare nightmare nightmare nightmare nightmare nightmare nightmare nightmare nightmare nightmare nightmare nightmare nightmare nightmare nightmare nightmare nightmare nightmare nightmare nightmare nightmare nightmare nightmare nightmare nightmare nightmare nightmare nightmare nightmare nightmare nightmare nightmare nightmare nightmare nightmare nightmare nightmare nightmare nightmare nightmare nightmare nightmare nightmare nightmare nightmare nightmare nightmare nightmare nightmare nightmare nightmare nightmare nightmare nightmare nightmare nightmare nightmare nightmare nightmare nightmare nightmare nightmare nightmare nightmare nightmare nightmare nightmare nightmare nightmare nightmare nightmare nightmare nightmare nightmare nightmare nightmare nightmare nightmare nightmare nightmare nightmare nightmare nightmare nightmare nightmare nightmare nightmare nightmare nightmare nightmare nightmare nightmare nightmare nightmare nightmare nightmare nightmare nightmare nightmare nightmare nightmare nightmare nightmare nightmare nightmare nightmare nightmare nightmare nightmare nightmare nightmare nightmare nightmare nightmare nightmare nightmare nightmare nightmare nightmare nightmare nightmare nightmare nightmare nightmare nightmare nightmare nightmare nightmare nightmare nightmare nightmare nightmare nightmare nightmare nightmare nightmare nightmare nightmare nightmare nightmare nightmare nightmare nightmare nightmare nightmare nightmare nightmare nightmare nightmare nightmare nightmare nightmare nightmare nightmare nightmare nightmare nightmare nightmare nightmare nightmare nightmare nightmare nightmare nightmare nightmare nightmare nightmare nightmare nightmare nightmare nightmare nightmare nightmare nightmare nightmare nightmare nightmare nightmare nightmare nightmare nightmare nightmare nightmare nightmare nightmare nightmare nightmare nightmare nightmare nightmare nightmare nightmare nightmare nightmare nightmare nightmare nightmare nightmare nightmare nightmare nightmare nightmare nightmare nightmare nightmare nightmare nightmare nightmare nightmare nightmare nightmare nightmare nightmare nightmare nightmare nightmare nightmare nightmare nightmare nightmare nightmare nightmare nightmare nightmare nightmare nightmare nightmare nightmare nightmare nightmare nightmare nightmare nightmare nightmare nightmare nightmare nightmare nightmare nightmare nightmare nightmare nightmare nightmare nightmare nightmare nightmare nightmare nightmare nightmare nightmare nightmare nightmare nightmare nightmare nightmare nightmare nightmare nightmare nightmare nightmare nightmare nightmare nightmare nightmare nightmare nightmare nightmare nightmare nightmare nightmare nightmare nightmare nightmare nightmare nightmare nightmare nightmare nightmare nightmare nightmare nightmare nightmare nightmare nightmare nightmare nightmare nightmare nightmare nightmare nightmare nightmare nightmare nightmare nightmare nightmare nightmare nightmare nightmare nightmare nightmare nightmare nightmare nightmare nightmare nightmare nightmare nightmare nightmare nightmare nightmare nightmare nightmare nightmare nightmare nightmare nightmare nightmare nightmare nightmare nightmare nightmare nightmare nightmare nightmare nightmare nightmare nightmare nightmare nightmare nightmare nightmare nightmare nightmare nightmare nightmare nightmare nightmare nightmare nightmare nightmare nightmare nightmare nightmare nightmare nightmare nightmare nightmare nightmare nightmare nightmare nightmare nightmare nightmare nightmare nightmare nightmare nightmare nightmare nightmare nightmare nightmare nightmare nightmare nightmare nightmare nightmare nightmare nightmare nightmare nightmare nightmare nightmare nightmare nightmare nightmare nightmare nightmare nightmare nightmare nightmare nightmare nightmare nightmare nightmare nightmare nightmare nightmare nightmare nightmare nightmare nightmare nightmare nightmare nightmare nightmare nightmare nightmare nightmare nightmare nightmare nightmare nightmare nightmare nightmare nightmare nightmare nightmare nightmare nightmare nightmare nightmare nightmare nightmare nightmare nightmare nightmare nightmare nightmare nightmare nightmare nightmare nightmare nightmare nightmare nightmare nightmare nightmare nightmare nightmare nightmare nightmare nightmare nightmare nightmare nightmare nightmare nightmare nightmare nightmare nightmare nightmare nightmare nightmare nightmare nightmare nightmare nightmare nightmare nightmare nightmare nightmare nightmare nightmare nightmare nightmare nightmare nightmare nightmare nightmare nightmare nightmare nightmare nightmare nightmare nightmare nightmare nightmare nightmare nightmare nightmare nightmare nightmare nightmare nightmare nightmare nightmare nightmare nightmare nightmare nightmare nightmare nightmare nightmare nightmare nightmare nightmare nightmare nightmare nightmare nightmare nightmare nightmare nightmare nightmare nightmare nightmare nightmare nightmare nightmare nightmare nightmare nightmare nightmare nightmare nightmare nightmare nightmare nightmare nightmare nightmare nightmare nightmare nightmare nightmare nightmare nightmare nightmare nightmare nightmare nightmare nightmare nightmare nightmare nightmare nightmare nightmare nightmare nightmare nightmare nightmare nightmare nightmare nightmare nightmare,False,3,1,0.5016608,0,False,english,1687054923,1687054923
76561199223178859,1274570,0,1,1063,0,84,1692807903,Zajebista gierka do srania ale czasem potwory bawią się w jebanego Naruto i zapierdalaj jak twój stary na promocję do biedronki,True,1,1,0.52380955,0,False,polish,1638173166,1638173166
76561198233681084,346110,65,4,97189,0,31904,1654379061,"This game is amazing. if you are into openworld games this games for you. in ARK you can BUild huge buildings, you can PvP and you candescover the world and tame alsmost every creature in the game. when i first played the game it was boring. but after some ours whit youtube and reddit help i started enjoy it.  i recomend this game for peapole that wanna spend much time in a game because this game gets new creatures and new maps every time. so then  i hope you got more into ARK and remembare you can just refund it if you don't like it.",True,0,0,0.0,0,True,norwegian,1487766257,1487766257
76561198010006824,1124300,0,33,2589,0,2589,1669062575,"I've tried and I've tried and I've tried to like this game, but in the end it's Civilization with the fun bits taken out.",False,5,0,0.5020032,0,False,english,1669658711,1669658711
76561198375478863,529180,0,6,33008,0,29541,1548506810,"im prety sure this game will be a good game by the time it develope more !. Please be patient, if your not patient go play Ark or something else",True,0,0,0.47101447,0,True,english,1529948527,1529948527
76561199026893781,1057750,0,2,304,0,304,1651409945,Bellissimo gioco!! Consiglio di utilizzarlo con delle cuffie per godere dei suoni e dei rumori ambientali!!,True,0,0,0.0,0,False,italian,1651505901,1651505901
76561198885772879,349040,0,9,2349,0,1314,1630274415,top,True,1,0,0.52380955,0,False,brazilian,1606335258,1606335258
76561198045737480,218620,0,4,13676,0,8900,1533661684,!!!,True,0,0,0.0,0,False,russian,1440417534,1440417534
76561198007463975,592300,2223,241,151,0,151,1496409826,"Хардкорная гонка, которая притворяется казуальной игрой.",True,8,0,0.5701263,0,False,russian,1496678126,1496678126
76561199068992117,1085660,21,4,31279,0,947,1677143062,joiujoijk,True,0,0,0.0,0,False,english,1593242275,1593242275
76561198258065733,236110,0,1,13045,0,9345,1616505233,nice game.  but need to improve connention quality while starting a game and going to lobby after finish a game.,True,0,0,0.0,0,True,tchinese,1481734246,1481734246
76561199020445658,1085660,0,1,19613,0,1466,1652395872,"Disjointed content, garbage movement & physics. Pretty art & assets. Good lore.",False,0,0,0.0,0,False,english,1589498539,1589498539
76561199436090584,1568590,6,2,970,0,350,1683386549,很好，玩的很开心,True,0,0,0.0,0,False,schinese,1676547996,1676547996
76561198799185028,730,10,1,46804,0,40430,1637944470,кацацуцац,True,0,1,0.0,0,False,russian,1634294681,1634294681
76561198280385159,730,0,1,13333,0,5275,1475505925,"Хорошая игра,не зря потратил деньги на неё.Игра этого стоит)",True,0,0,0.0,0,False,russian,1460728592,1460728592
76561198856148328,1158940,0,2,546,0,407,1677336801,eğlenceli bir oyun ,True,0,0,0.0,0,True,turkish,1675251526,1675251526
76561199259864375,1714040,0,8,1106,0,1084,1679939451,"""The game is really fun no doupt in that and i really like the stradegy and cute pets with HATS ! but a lot of the skins cost like """"real"""" money soooooo...       it kinda depends on how much you like the game and how much money you want to spend on it wich if you get new pets / skins or not to be honest.""",True,0,0,0.0,0,False,danish,1679435021,1679435141
76561197994378989,1063730,0,9,11541,0,10616,1638763707,"Shit story and game play, with more problems than Cyberpunk 2077! DONT PLAY!",False,3,0,0.5062762,0,False,english,1637318308,1637318308
76561199134981214,381210,36,2,72732,109,504,1698327066,GOOD,True,0,0,0.47619048,0,False,english,1611904667,1611904667
76561197977486877,4700,0,9,9826,0,7063,1692752004,DEUS VULT,True,1,0,0.0,0,False,english,1598485594,1598485594
76561198003030375,940710,3084,747,382,0,382,1593072216,"[quote][url=https://store.steampowered.com/curator/6142328/][b]Like this Review? Follow The Cpt Froggy Club Curator Page for plenty more![/b][/url][/quote]  Colt Canyon: ~~~~~~~~~~   It took you a while to plan this trip. Your partner doesn’t know anything about it until you both enter the majestic Grand Canyon, which is located in Arizona. Everything is going splendidly for the first few days. You find the right spots to camp and you enjoy each other’s company, talking about anything and everything that comes to mind while the dinner is cooking on a fresh campfire. But then, disaster strikes! A bunch of bandits ravages your camp, leaving you for dead and kidnapping your partner! When you come back to your senses, a few hours have passed. All you know is that there is only one way to get out of this Canyon, and that way is forward. All you have in mind is to catch up with the bandits and save your partner, in Colt Canyon.  Colt Canyon is a top-down/action roguelike/shooter game developed by Retrific and published by Headup Games on the 17 of June 2020 on Steam. The game is also available on Xbox One and Nintendo Switch.  What a fun, addictive and fast-paced game Colt Canyon is! In my 5 hours gameplay, I managed to get to the second boss (a giant Buffalo) and failed to eliminate it on several occasions. The game consists of 4 levels per stage, which includes a boss fight.   In your first playthrough, you’ll be playing with Cade “Gunslinger” Colt, and you’ll have access to his original loadout which is a gun. As you progress through the levels, you find new weapons as well as new characters. Some will unlock straight away while others will take a while to unlock.   Essentially, each of the levels (before each boss) is equivalent to three side screens and two or three depth screens. Your goal is to push forward towards the right of the screen, kill all enemies, and gather ammunition, new weapons and health potions. These items will be scattered all around the levels as  stashes which will include pottery, crates, vases and a few other things. All you have to do is to destroy these stashes with your melee action, and you will mostly find ammunition. The crate with the gun symbol will give you a random weapon which can vary from a gun, a crossbow, a rifle, dynamite, a pan, a bottle or a flamethrower, and many others.   Each of your characters, once unlocked, will only be able to carry two weapons at a time, but most of them will have only one weapon in their loadout at the start of the game. All will have the same skills, which are Movement, Health, Strength and Accuracy, and all will be different. In my case, of the 4 characters that I’ve unlocked so far, Colt moves faster and is more accurate than the old Grumpy Buck. But Buck has a lot more health and is very strong.   On the top left on your screen, you’ll see your characters health as well as both of his/her weapons and ammunition.  In terms of enemy, you’ll have enemies with melee weapons and others with guns as well as dogs, buffalos, scorpions and bloody snakes which seem to be very good at hiding in these stashes! When you kill a cowboy, they will usually drop some ammunition and sometimes a weapon too.   In each level, with the exception of the boss level, you’ll have to liberate a prisoner.  Once you’ve done so, you’ll be able to choose an upgrade, which could be having more health, better accuracy and a few others. You can also hire these liberated prisoner to fight on your side (but make sure they have a weapon at hand).   Colt Canyon is one of those games that are easy to play but hard to master.  The fact that you have several characters to unlock not only gives the game massive replayability, but you’ll have to adjust the way you play with each character. And bear in mind that when you die, you’ll have to start the game all over again.  Superb pixel graphics and the soundtrack suits the game extremely well. You can play on local and online co-op as well as solo.  The game is rather difficult at times, especially when fighting the bosses, but there are plenty of weapons to use. You might be frustrated a few times, but the game is super fun to play.  Positives: ~~~~~~~   +	Great pixel graphics +	Great soundtrack +	Stacks of items to pick up +	Easy to play but hard to master +	Permanent death +	Achievements  Negatives: ~~~~~~~~   -	Can be frustrating at times -	No trading cards as yet  Colt Canyon – Don’t leave a stone unturned; your partners life depends on it! Expect Epic fights throughout a well-made Western pixel environment!   8/10    Key provided by the developer/publisher for review purposes. Any opinions expressed are entirely my own!  [quote][url=https://www.zeepond.com/reviews][b]READ EPIC REVIEWS FROM “THE CPT FROGGY” AND MATES, UP NOW ON ZEEPOND, THE HOME OF THE ALMIGHTY FROG![/b][/url]  [url=https://www.youtube.com/channel/UCZchpsMdA2hDYJKZgOPdo_w?view_as=subscriber][b]SUBSCRIBE TO THE CPT FROGGY YOUTUBE CHANNEL[/b][/url][/quote]  [quote][b] 1st Hour gameplay with THE CPT FROGGY: https://www.youtube.com/watch?v=ZeLrw_g6NqY[/b][/quote]",True,8,1,0.50248337,1,False,english,1593081965,1593148257
76561198318972229,838350,274,11,11565,0,8689,1686147212,好人就该被枪指着,True,45,5,0.77379566,0,True,schinese,1574839109,1664884762
76561198272690093,960170,932,318,3552,0,3048,1685710876,＜このレビューは音ゲー熟練者ではない筆者が書いています＞  [h1]◆概要◆[/h1]  高品質な音ゲー。  steamには様々な音ゲーが存在するが、現状最も満足している作品。  豊富なスキンに560曲以上（非DLCですら240曲以上）の圧倒的楽曲数、何よりMVが動画と言えるほど動いてさすが定価5000円弱だと思えるクオリティ。 セールだと1000円以下で購入でき、オンラインマルチも完備しており文句ないクオリティ。   [h1]◆音ゲー部分について◆[/h1]  音ゲーとしては古典的な上から降ってくるタイプだが、自由に4・5・6・8鍵に変更可能で各曲それぞれの譜面が存在（つまり総ボリュームが実質4倍）。  ただし実際はサイドトラック2つ（+8鍵だと赤ノーツ1つ）となっており、最低6ボタンとなっている。   DJMAXシリーズ自体老舗の音ゲーであり、特に譜面の作り方が上手い。  元々上から降ってくるタイプの音ゲーには拒否感があったのだが、低難易度の優しい・わかりやすい譜面で徐々に上達して現在は星7ですら楽にクリアできるほど。  キーボード用の難易度としてSCが存在し、特殊条件が追加されたミッションモードもありやりごたえ十分。 いわゆるランクマッチであるラダーマッチは上位だと「全曲精度100％MAXコンボ当たり前」の地獄となっており、音ゲーガチ勢にも満足できる作りとなっていることだろう。   非ランクマッチのオンラインマルチは「難易度・鍵盤数が違ってもスコア比較可能」と非常に素晴らしいシステムが採用されている（厳密には精度差のみがスコアに反映されるようになっている）。  このため熟練度差のあるプレイヤー同士でも気軽にオンラインマルチできるのが魅力となっている。   一方でデフォルトだとキー配置は英語キーボード用に最適化されているため、 日本語キーボードでプレイする場合はプレイ前のキーコンフィグが必須である点に注意（キーコンフィグは設定画面の一番下、インプット設定で「スペースキー」を押すことで可能）。   [h1]◆おすすめDLCについて◆[/h1]  非常に大量のDLCが存在する本作だが、   曲に関しては[url=https://store.steampowered.com/app/1958170/DJMAX_RESPECT_V__Muse_Dash_PACK/]Muse Dash PACK[/url]と[url=https://store.steampowered.com/app/1356221/DJMAX_RESPECT_V__Cytus_Pack/]Cytus Pack [/url]が一番おすすめ。 単純にプレイしたくなるほど楽しい良曲が多く、お得感があるのがポイント。 ただしMuse Dash PACKは若干難易度詐欺気味な曲が多いので注意されたい。  次点では[url=https://store.steampowered.com/app/1386612/DJMAX_RESPECT_V__TECHNIKA_3_PACK/]TECHNIKA 3 PACK[/url]と[url=https://store.steampowered.com/app/1356220/DJMAX_RESPECT_V__Deemo_Pack/]Deemo Pack [/url]がおすすめ。 それぞれALiCEとANiMAがずば抜けたクオリティ。 ALiCEは曲が良いのはもちろんMVにも力が入っており、ANiMAはDeemo PACKにしてはMVがかなり動くのもポイント。 一方でそれ以外の曲は（上記2つに比べると）そこまで良いとも言いにくいため、次点でのおすすめとなっている。  ほかに特記すべきは[url=https://store.steampowered.com/app/2307470/DJMAX_RESPECT_V__EZ2ON_PACK/]EZ2ON PACK[/url]であり、シーズン9で追加されたLIMBOがかなりの良曲。 同時に追加されたA Site De La Rueも良かったが、それ以外の曲は良いと思える（プレイしたくなる）曲がほぼ存在しない。 またなぜかこのDLCだけ本体ストアページのDLC一覧に載っていないため、買い忘れに注意されたい。   テーマに関してはこのあたりが良かった（テーマは見た目だけでなくメニュー画面のBGMも変化）。  [url=https://store.steampowered.com/app/1958170/DJMAX_RESPECT_V__Muse_Dash_PACK/]Muse Dash PACK[/url]　[url=https://steamcommunity.com/sharedfiles/filedetails/?id=2951397464]参考[/url] [url=https://store.steampowered.com/app/1271671/DJMAX_RESPECT_V__GROOVE_COASTER_PACK/]GROOVE COASTER PACK[/url]　[url=https://steamcommunity.com/sharedfiles/filedetails/?id=2957386193]参考[/url] TECHNIKA PACKシリーズ（特に[url=https://store.steampowered.com/app/1386611/DJMAX_RESPECT_V__TECHNIKA_2_PACK/]2[/url]と[url=https://store.steampowered.com/app/1386612/DJMAX_RESPECT_V__TECHNIKA_3_PACK/]3[/url]）　[url=https://steamcommunity.com/sharedfiles/filedetails/?id=2957387226]参考[/url] [url=https://store.steampowered.com/app/1356221/DJMAX_RESPECT_V__Cytus_Pack/]Cytus Pack [/url]　[url=https://steamcommunity.com/sharedfiles/filedetails/?id=2957386909]参考[/url] [url=https://store.steampowered.com/app/1664550/DJMAX_RESPECT_V__ESTIMATE_PACK/]ESTIMATE PACK[/url]　[url=https://steamcommunity.com/sharedfiles/filedetails/?id=2957387697]参考[/url] [url=https://store.steampowered.com/app/1782170/DJMAX_RESPECT_V__NEXON_PACK/]NEXON PACK[/url]　[url=https://steamcommunity.com/sharedfiles/filedetails/?id=2957387848]参考[/url] [url=https://store.steampowered.com/app/1843020/DJMAX_RESPECT_V__V_EXTENSION_II_PACK/]V EXTENSION II PACK[/url]　[url=https://steamcommunity.com/sharedfiles/filedetails/?id=2957388069]参考[/url] [url=https://store.steampowered.com/app/2307471/DJMAX_RESPECT_V__V_EXTENSION_IV_PACK/]V EXTENSION IV PACK[/url]　[url=https://steamcommunity.com/sharedfiles/filedetails/?id=2983460788]参考[/url]   ギア・ノーツで良かったのは以下の通り。  [url=https://store.steampowered.com/app/1386616/DJMAX_RESPECT_V__So_Happy_Gear_Pack/]So Happy Gear Pack[/url]のSo Happy　[url=https://steamcommunity.com/sharedfiles/filedetails/?id=2951399005]参考[/url] [url=https://store.steampowered.com/app/1271671/DJMAX_RESPECT_V__GROOVE_COASTER_PACK/]GROOVE COASTER PACK[/url]のGROOVE COASTER　[url=https://steamcommunity.com/sharedfiles/filedetails/?id=2957393036]参考[/url] [url=https://store.steampowered.com/app/1281330/DJMAX_RESPECT_V__Welcome_to_the_Space_GEAR_PACK/]Welcome to the Space GEAR PACK[/url]のwelcome to the space　[url=https://steamcommunity.com/sharedfiles/filedetails/?id=2957394782]参考[/url] [url=https://store.steampowered.com/app/1356221/DJMAX_RESPECT_V__Cytus_Pack/]Cytus Pack [/url]のCYTUS　[url=https://steamcommunity.com/sharedfiles/filedetails/?id=2957395757]参考[/url] [url=https://store.steampowered.com/app/1386610/DJMAX_RESPECT_V__TECHNIKA_PACK/]TECHNIKA PACK[/url]のSon of Sun　[url=https://steamcommunity.com/sharedfiles/filedetails/?id=2957396149]参考[/url] [url=https://store.steampowered.com/app/1386612/DJMAX_RESPECT_V__TECHNIKA_3_PACK/]TECHNIKA 3 PACK[/url]のALiCE　[url=https://steamcommunity.com/sharedfiles/filedetails/?id=2957396530]参考[/url] [url=https://store.steampowered.com/app/1356222/DJMAX_RESPECT_V__Lisrim_Gear_Pack/]Lisrim Gear Pack[/url]のLisrim　[url=https://steamcommunity.com/sharedfiles/filedetails/?id=2970381522]参考[/url] [url=https://store.steampowered.com/app/1472192/DJMAX_RESPECT_V__Tok_Tok_Tok_Gear_Pack/]Tok! Tok! Tok! Gear Pack[/url]のTok! Tok! Tok!　[url=https://steamcommunity.com/sharedfiles/filedetails/?id=2957397227]参考[/url] [url=https://store.steampowered.com/app/1843020/DJMAX_RESPECT_V__V_EXTENSION_II_PACK/]V EXTENSION II PACK[/url]のV EX 2　[url=https://steamcommunity.com/sharedfiles/filedetails/?id=2957397860]参考[/url] [url=https://store.steampowered.com/app/2164540/DJMAX_RESPECT_V__V_EXTENSION_III_PACK/]V EXTENSION III PACK[/url]のV EX 3　[url=https://steamcommunity.com/sharedfiles/filedetails/?id=2957896619]参考[/url] [url=https://store.steampowered.com/app/2307471/DJMAX_RESPECT_V__V_EXTENSION_IV_PACK/]V EXTENSION IV PACK[/url]のV EX 4　[url=https://steamcommunity.com/sharedfiles/filedetails/?id=2983463611]参考[/url]  なお非DLCのスキンにもいくつか良いものがあり、例えばCATはかわいさと視認性の良さを兼ね備えたものとなっている（[url=https://steamcommunity.com/sharedfiles/filedetails/?id=2956447442]参考[/url]）。  また実質視聴モードであるAIRモードではDLC含む全曲が（ランダムだが）流れ、プレミアムパス加入時ならオンラインマルチで未購入のDLCの曲をプレイすることも可能。   [h1]◆終わりに◆[/h1]  非常に優れた音ゲーでありイチオシの作品だが、ストレージの残り容量には注意。  全曲MVとキー音が採用されている影響でサイズ容量が膨れ上がっており、PCの場合56GB、Steam Deckの場合100GB超えと超ド級のサイズとなっている。  動作に関してもMuse Dashや初音ミク Project DIVA MEGA39’s＋などと比べると意外に重く、普通にメモリ専有量4GB超えしたりするため注意が必要かもしれない（一応弊PC＝オンボードでも問題なく動作可能）。   本作には他にもクラスパス（シーズン制）が導入されており、曲をプレイするだけで期間限定の報酬を入手可能。  そんなにガッツリ走れない…という人向けにポイント常時4倍＆シーズン終了後に全報酬入手可能なクリアポイントブースターDLCも販売されている（ただしDLC一覧にはなく、検索結果かゲーム内リンクから購入可）ため、社会人の忙しさに配慮した作りになっているのが良かった。,True,43,1,0.78540295,0,False,japanese,1679675778,1685675747
76561198128870070,208480,0,1,7135,0,1006,1689735097,This game is great. I don't understand why people talk to negatively about it!,True,1,1,0.50043917,0,False,english,1418864028,1418864028
76561198833638425,433340,7,3,10402,0,9656,1641695524,it is gud gam it have gud grafics,True,1,0,0.5217391,0,False,english,1583674779,1583674779
76561198415907956,617830,190,28,530,0,61,1644750335,"I am an ugly weeb, but this is the only thing in my life which finds me SUPER HOT. ♥",True,0,1,0.0,0,False,english,1617664803,1617664803
76561198144111002,703080,26,1,4607,0,743,1668201725,j'adore se jeu,True,0,0,0.0,0,False,french,1647170176,1647170176
76561198341036142,730,0,1,646,0,37,1687445955,I'm too poor to buy this.  Well i'm gonna hang my self now bye!,True,0,1,0.0,0,False,english,1514384448,1514384448
76561198021394750,1170190,0,14,100,0,88,1606772335,это как Князь!,True,0,0,0.44515106,0,False,russian,1606455982,1606455982
76561198408408894,400551,11,12,0,0,0,0,Good DLC if you buy in sale or include with just cause 3 XL pack its really awesome in that price range,True,3,0,0.5208482,0,False,english,1514494547,1514494547
76561199141840829,346110,0,3,18809,0,3523,1690937273,the best game to destroy your GPU >:,True,1,0,0.52380955,0,False,english,1623556281,1623556281
76561199028972373,488210,704,592,131,0,131,1672566287,✅İndirimdeyken alınıp kartları satılarak kâr edilebilir.  İncelemelerime bakabilirsiniz kâr yaptıran bir sürü oyun mevcut.,True,2,0,0.5424836,0,False,turkish,1672701578,1672701578
76561198147649250,550,82,1,346,0,43,1530778514,For fun<3 Рекомендую,True,0,0,0.0,0,False,russian,1500652966,1500652966
76561199489027045,477160,27,8,303,0,258,1686856771,крутая игра,True,0,0,0.0,0,False,russian,1686760359,1686760359
76561198127054538,286940,0,2,784,0,570,1439080334,"Игра очень затянула , да , да она намного лучше хуевого варфейса , там хоть школьникв меньше , и не бомбит в микро .  Графика очень даже ничего , если поставить на максимум , много режимов , оружие. Вообшем советую всем!",True,0,0,0.0,0,False,russian,1438516374,1438516374
76561198852725444,244850,30,3,6465,0,4497,1637029390,I really like the amount of resources offered for me to try out and build cool spaceships,True,0,0,0.0,0,False,english,1629410691,1629410691
76561198079192382,304930,0,1,2676,0,1610,1631669267,"This is a very fun game. There is lots to do and lots to collect/build. It's a fun experience, espically with a lot of players. The only issue is there are a lot of bugs with the server connections. My friend's server has crashed and we lost everything we collected. Another thing is the bugs for saving are alos very buggy. All in all, the creator needs to update and fix these bugs. Other than that, great game, totally reccomend.",True,0,0,0.0,0,True,english,1440115373,1440115373
76561198023720519,2431100,113,10,760,0,760,1687940134,"Малий але неймовірний досвід, який на годину викликає стільки емоцій і почуттів, про які я сам не знав, що в мене є. Пусті сніги, кучугури, холод,, самотність та непривітність стають не просто словами, а відбитками в твоїй свідомості. Дуже рідко гра може такі речі викликати, тому аплодую стоячи. А ще можна гладити песиків, що уже 50% успіху.",True,0,0,0.0,0,False,ukrainian,1687940351,1687940351
76561198255833884,34270,0,195,1627,0,1371,1527273999,great bundle,True,0,0,0.0,0,False,romanian,1497900335,1497900335
76561198376174670,730,21,1,165388,1211,104789,1698921671,11/10,True,0,0,0.0,0,False,russian,1573027516,1606354053
76561198096148510,470220,202,2,361,0,138,1658638328,If you have a strict NAT type your are screwed from ever playing an online match Ubisoft is BAD!,False,0,0,0.0,0,False,english,1616872848,1616872848
76561198447682914,1085660,0,6,3757,0,204,1680741638,Great ,True,1,0,0.52380955,0,False,english,1573164026,1573164026
76561197997962419,386180,0,23,11329,0,235,1678551023,"ME ENCANTA. es como si mezclas Autos locos, con Mad Max y LEGO. La capacidad de personalización de los coches es total. Muy divertido",True,0,0,0.0,0,False,spanish,1639574135,1639574135
76561198361228831,610080,54,48,108,0,71,1611388386,"I give it 7 out of 10, Here is why: 1. I like Idle genre games 2. Interesting progression 3. Basic, but cool graphics Overall, I do suggest this game, that's if you like Idle/Clicker games",True,0,0,0.0,0,False,english,1607035620,1607035620
76561198987008873,228380,0,2,4742,0,4573,1696031649,r,True,0,0,0.47770703,0,False,english,1636088714,1636088714
76561199236826026,1089980,0,2,775,0,671,1681303625,:} ,True,0,0,0.0,0,False,english,1666258462,1666258462
76561198868615522,431960,60,6,1855,0,75,1659169505,世界第一fps游戏,True,0,0,0.0,0,False,schinese,1584772511,1638084792
76561198094008284,883710,100,21,9026,0,1151,1696718863,X gave it to everyone,True,0,0,0.0,0,False,english,1610881689,1610881689
76561198344249701,730,0,12,642,0,636,1666361897,国服代理了后就是垃圾！！！还莫名奇妙的封号,False,0,0,0.0,0,False,schinese,1511447375,1511447375
76561198012980907,275850,227,2,18837,0,5102,1690327072,"In 2023 this game has incredible value for money. There are many play styles possible. Exploring, trading, fighting, base building, searching for your unique style of ship/fregat/freighter ... yes, you can even tame animals to become a pet. In single player or with up to 3 friends at a time. If a friend is in-game you can join his game and teleport to his position for some fun.  I like the fact that you can have a freighter that can carry multiple ships. Build a base on your freighter with vehicles and summon vehicles to a planet. You can recruit npc ships to your fleet and send them out on missions.  Normally I don't play space games. This is the exception. I dont' just play it, I live it!",True,1,0,0.52586204,0,False,english,1682563105,1682563105
76561198416503710,730,0,1,7555,0,988,1510321112,Great game,True,0,0,0.0,0,False,english,1504801721,1504801721
76561198008750805,208200,0,7,1385,0,977,1655541025,"This is hands down the worst version of DOOM 3 I've ever played.  - you can't skip cut scenes anymore (please tell me I'm wrong about this) - if you're lucky, the game will crash constantly - the PDA is unnecessarily complex (seriously, why the change??) - 99% of commands have been removed making the console pretty much useless  Save your money and get the original DOOM 3/RoE. If you already payed for this, congratulations. We fell for a massive cash grab!",False,0,0,0.0,0,False,english,1556412808,1556413076
76561199105655587,1332010,24,1,958,0,414,1692119238,"всё классно! Кот мяукает, рекомендую ",True,2,0,0.54545456,0,False,russian,1671832717,1671832717
76561198318345906,4000,602,6,30636,0,5100,1640569653,A little cool :),True,1,0,0.52380955,0,False,english,1592910943,1592910943
76561198006624484,572410,0,10,202,0,50,1640544521,"si j'avais été deçu par airland battle d'eugen system, je dois dire steel division normandy 44 m'a reconcilie avec le studio. Une bonne dose de preparations, de la stratégie dans la combinaison des troupes, et tout ce qui faisait le charme d'european escalation une bonne surprise, et qui plus est dans l'environnement du debarquement de 44.",True,3,0,0.52380955,0,False,french,1511718170,1511718170
76561199178319178,977880,0,5,684,0,684,1676907027,"Jest super cool, mega ładna.  Polecam!",True,0,0,0.0,0,False,polish,1676907064,1676907064
76561198273677080,1241700,0,6,13,0,13,1600894215,"This is one of the greatest free games ever, even though it's not a game.",True,0,0,0.0,0,False,english,1600894342,1600894342
76561198858389797,105600,4,1,7567,0,6994,1687193537,mano tem nem oque reclamar do jogo ele e otimo recomendo para todos mas queria um buff nas facas vampiricas,True,0,0,0.0,0,False,brazilian,1663642800,1663642800
76561198217318681,606510,0,941,393,0,60,1588713674,one of the cutest Visual Novel game. Long and interesting story. cute girls. voices are good nice scenes. relaxing music. graphic is very good. you can change so much in settings which is cool. price about this game is in offer very good. all achievements work.,True,1,0,0.52380955,0,False,german,1588695125,1588695267
76561198005348985,1172470,0,11,1323,0,862,1664605973,its fun,True,0,0,0.0,0,False,english,1649990302,1649990302
76561198958075750,1174180,0,31,1634,0,1385,1684271736,esta bueno un juego cin la historia del viejo. oeste me gusta mas esta que la primera!,True,0,0,0.0,0,False,spanish,1676768686,1676768686
76561198981148591,1262540,0,9,15,0,15,1651186995,Controller issues,False,19,1,0.67058945,0,False,english,1651187138,1651187138
76561198843386321,203160,30,4,1298,0,988,1618141337,nb,True,0,0,0.0,0,False,schinese,1617768897,1617768897
76561198281013767,1407200,0,5,208,0,208,1620157534,"I was playing WOT years before.... I stopped because there were hudge updates every 2 days.... so you spent downloading for and hour before everytime before you even could play....  I found it here and downloaded it....  Playability on steam is way WORSE compared to when you play it directly....... but directly there is not so many languages to choose...  I found my old account and guess what.... they completely reworked tech trees. They threw away my old owned tanks from my garage.  They reworked tech tree, so that tanks dont even exist anymore. They completely fucked up 1 year of my time spent on that game and threw it directly to the bin....  2 of my old tanks i still own..... 2 out of many...... and they even cant continue to upgrade to higher tiers, since their tech branch was completely reworked.....  maps were reworked.... . I dont recommend playing this game. If they completely destroyed and threw my account and my process to the bin, nothing is stopping them to do that you you anytime as well... they already did it so why not again....",False,1,1,0.5070422,0,False,czech,1620397220,1620397738
76561198884391656,730,37,2,132746,2,4032,1698473981,tare,True,0,0,0.48245615,0,False,english,1548533174,1548533174
76561198835075753,812810,54,5,57,0,57,1681756059,Cool Suicidal Lesbian Visual Novel,True,1,0,0.52380955,0,False,english,1681763061,1681763061
76561199070680343,1516240,23,3,54,0,16,1615364662,прикольно когда не чего делать ,True,0,0,0.0,0,False,russian,1615293653,1615293653
76561198261316685,271590,139,13,1048,0,455,1689942338,"I am leaving a negative review on account of Rockstar and TakeTwo's increasingly blatant anti-modding stance and the removal of several GTA mods as of July 17, 2021: https://gtaforums.com/topic/973749-take-two-changes-the-agreement-modding-take-downs/#comments",False,2,0,0.5253164,0,False,english,1628315640,1628315640
76561198318737647,381210,0,1,19525,0,2377,1696265359,개꿀잼입니다.,True,0,0,0.0,0,False,koreana,1600764666,1600764666
76561198321150310,698780,90,21,793,0,722,1584397307,yes,True,0,0,0.47619048,0,False,english,1584048137,1584048137
76561199090741838,322170,19,5,33955,0,7946,1696764392,its a cube that jump over spikes,True,0,0,0.0,0,False,english,1609704091,1609704091
76561199021353845,1341290,0,13,1057,0,553,1692177058,dobra gra,True,0,0,0.0,0,False,polish,1669148814,1669148814
76561198283314380,218620,64,3,754,0,704,1507206421,Игра замечательная и весёлая особенно когда игрвешь с друзьями  Она мне очень понравилась !!!  ,True,0,1,0.4741379,0,False,russian,1477825392,1477825392
76561198877208555,49520,102,8,1696,0,91,1661963821,игра класс особенно играя с друзьями.Хотя сложность увеличится,True,1,0,0.52380955,0,False,russian,1565369650,1565369650
76561198202235464,346330,301,21,55,0,55,1676341194,left 4 dead but good,True,2,0,0.43792284,0,False,english,1676341216,1676341216
76561198032668155,259080,335,19,901,0,288,1468163268,Da BEST Mod,True,0,0,0.0,0,False,czech,1386438263,1386438263
76561197976579491,904540,601,10,1351,0,1351,1610460714,"Cold Classic. I played it for the first time and it was quite awesome. You only have to tweak a file on order to surpass the Lvl 7 crash. Play it with any controller, but be shure to switch to 8 button controller once you are in the game. The only buttons you will need from the keyboard are 1-9 and shift (Boost for the Jeep). ",True,2,0,0.52380955,0,False,english,1610460965,1610460965
76561198309068821,766570,127,7,18,0,18,1621686683,скучно!!!,False,1,0,0.0,0,False,russian,1638022269,1638022269
76561199113976174,682990,0,7,844,353,241,1698684656,everything,True,0,0,0.0,0,False,italian,1689096996,1689096996
76561199069234784,108600,0,5,11061,1927,5883,1698330246,"Amazing game, especcially with mods the modding community is insane! i reccomend it",True,0,0,0.0,0,True,english,1689590957,1689590957
76561198877188907,730,102,5,53386,95,4632,1698666681,快乐开箱 快乐白给WDNMD,True,1,0,0.52380955,0,False,schinese,1582959802,1594217717
76561199455113094,252490,14,4,16949,1366,330,1698866495,2500+часов в общем.не скачивайте просрете жизнь.гуляйте кактайте в кску по кайфу но не качайте эту хрень,True,0,0,0.0,0,False,russian,1672719458,1672719458
76561198202939200,728540,86,9,83,0,83,1532573060,"I would not buy this in the current state. GTX 980 graphics card, 16gb ram, i7 6700 and all settings on low and can't maintain 60 fps. All graphics drivers are updated and whatnot. The gun sounds are horrendous and 50 person lobbies make for a pretty boring solo experience even with the games being short compared to other battle royales. It also looks like you have motion blurred maxed out even when it's turned off.",False,7,1,0.45045975,0,True,english,1532570816,1532570816
76561198129204982,1530140,0,2,585,0,46,1612851623,Is the most story telling game out there,True,0,0,0.0,0,False,english,1612819752,1612819752
76561198877914743,1222680,34,2,6076,0,3522,1663858295,一个字，牛逼,True,0,0,0.0,0,False,tchinese,1617370742,1617370742
76561197970530630,282140,0,44,599,0,599,1489320712,"Wont ruin it, less you know going in the better.   It’s a fantastic games with an amazing story, quite memorable.",True,0,0,0.0,0,False,english,1508202808,1508202808
76561198415347200,1049590,0,2,443,0,233,1657868632,its a hybrid game between player unknown and moba type of game dota/LOL,True,1,0,0.52380955,0,True,english,1616333845,1616333845
76561198971250041,3590,0,1,3201,0,285,1696472590,"esta muy bien el juego, solo habria que traducirlo al español para mas comodidad",True,46,0,0.7708061,0,False,spanish,1591293488,1591293488
76561198971436446,252490,69,4,29886,0,5286,1665320028,"Always a surprise here and there, my favorite game so far!",True,0,0,0.0,0,False,english,1636491351,1636491351
76561198132757933,657200,60,14,779,0,577,1632071442,Лучшая игра,True,0,0,0.0,0,False,russian,1592555643,1592555643
76561198004943175,982290,0,11,1144,26,1045,1697739502,"Tolles Spiel aber 17,4 Stunden gemütlich gespielt meist bei 33% Antribsgeschwindigkeit und alles durch Story+ Erungenschaften  für 21€ zu Teuer ist ja nicht mal nen € pro Stunde",True,0,1,0.0,0,False,german,1648163670,1648163670
76561198384758175,910490,49,1,2267,0,2146,1597849965,肝了快一周，今天玩着玩着家里停电了，等再来电存档没了，为什么这个游戏没有云存档？？？白玩了也不能退款了，心累,True,0,0,0.0,0,True,schinese,1564480332,1564480332
76561198882952899,739630,0,3,1373,0,961,1671685306,Yep,True,0,0,0.0,0,True,english,1659566482,1659566482
76561198000786740,346110,843,121,7762,0,7429,1664771226,"yes, if you can find friends",True,0,0,0.0,0,False,english,1605089605,1605089605
76561198386109748,394360,91,13,68138,0,199,1674389660,its ok,True,0,0,0.47619048,0,False,english,1572935646,1642837509
76561198255697464,50130,79,3,5454,0,3887,1657898104,cidden oynadığım en efsane oyunlardan birisi fakat bu hikayeden devem etmeleri gerekirdi bence joe nin kaçışı falan kendi kartellerini ailelerini kurmaları gösterilebilirdi yada bi dlc ile gösterilebilirdi bazı şeyler oyunun dlc lerini tavsiye etmiyorum fakat oynamadıysanız ölmeden önce bi göz atın zaten çıkamayacaksınız hikayeden (her bitirdiğimde bi tık daha üzülüyorum),True,0,0,0.0,0,False,turkish,1563738419,1563738419
76561198384801205,738270,201,35,38,0,38,1582434531,首先，汉化很差，基本上可以认定为是机翻，机翻也就算了至少还能看懂，但是还有大量的字变成了方框就不能忍了。 其次，键盘设置得极为反人类，而且鼠标经常失踪，虽然进游戏可以自定义键位，但很明显制作组更照顾手柄玩家，对键鼠不太上心 最后，其实游戏内容还算丰富，但是在干巴巴的汉化下文字阅读起来显得枯燥无味，还不如玩中国式家长或者兰岛物语。 先退款了，如果哪天汉化精修的话，也许我还会再回来看看,False,0,0,0.4890777,0,False,schinese,1582434937,1582434937
76561198842257067,1625450,0,3,933,0,320,1657249248,Lots of options to end your game LOL.,True,0,0,0.0,0,False,english,1656816884,1656816884
76561198287067706,230410,582,12,87031,0,86972,1607057711,好好好好好好好好好好好好好好好,True,1,0,0.5161291,0,False,schinese,1606827338,1606827338
76561197989003978,255870,977,20,1237,0,1237,1643432234,"도과를 다 치웠으니 안 하겠소! 다시는 안 하겠소!  총 플레이타임의 절반을 넘게 잡아먹은 11:11 시간만 고치면 클리어 되지만 그래도 11:11에 맞춰 성실하게 깨보겠다고  인터넷 시간 동기화 시켜놓고 켜놓고 자고 일어났더니 11:10에 클리어 됨.  그냥 저냥 보통 게임이고, 만원 주고 사기는 좀 그럼... 마지막 도과에 오류가 있어서 스팀을 껐다가 다시 켜야 함. 여러모로 개떡같긴 한데 도과는 다 깰 수 있으니 일단 추천.",True,0,0,0.0,0,False,koreana,1643432825,1643432825
76561199047640789,626690,0,7,9013,0,2475,1618814722,打發時間不錯,True,0,0,0.0,0,False,tchinese,1601796790,1601796790
76561197980377177,1343370,154,1,5,0,5,1614209133,Great Game.,True,0,0,0.0,0,False,english,1614209256,1614209256
76561197974417863,1599340,0,2,13585,0,5642,1647889899,Great a hack a slash world of warcraft <3,True,0,0,0.0,0,False,english,1645604423,1645604423
76561198007384887,281990,0,12,65269,0,60159,1651622962,One of the best games ever made,True,0,0,0.0,0,False,english,1624173467,1624173467
76561198354187283,1245620,0,5,28338,0,2595,1692246807,"Super Hard, but extremely Fun",True,0,0,0.0,0,False,english,1650925750,1650925750
76561198046590000,4000,0,52,14774,0,7076,1654721556,"Glorious sandbox. I hope there will be someday source 2 version, tho.",True,1,0,0.52380955,0,False,english,1437487409,1437487409
76561198327522923,108600,41,4,4466,0,2847,1684864845,"El juego era bueno, muy pero muy bueno y divertido hasta que llegó la nueva versión, y la nueva versión la rompió!! Una genialidad, mejor jugabilidad, mas rico!!",True,0,0,0.0,0,True,latam,1640649821,1640649821
76561198315087581,578080,111,9,43020,0,1000,1645794352,Sh1t performance and sh1t servers,False,2,1,0.47826087,1,True,english,1507922744,1507922744
76561198027325730,333930,239,33,2273,0,2143,1588611960,"Fantastic shooter, the lovechild of Overwatch and CSGO, this game is intense.",True,0,0,0.0,0,False,english,1588388139,1588388139
76561198112794941,220260,104,13,12400,0,5277,1452884694,Suosittelen ostamaan tämän pelin jos asuu maalla   :)   kannattaa ladata modeja LS-FIN.com nimiselt sivulta  jos haluaa suomalaisten tekemiä modeja / mappeja  minun nimeni on siellä LS-FIN sivulla  Henri1994 :)  Mukavaa ajan vietettä tämä peli !,True,1,0,0.47185937,0,False,finnish,1405011023,1405011251
76561199026694594,843380,16,5,70,0,70,1612213146,ёбанная лиса ухуярила меня,True,0,0,0.0,0,True,russian,1627224058,1627224058
76561198447646849,730,16,1,16580,0,4663,1681829341,6666,True,0,0,0.0,0,False,schinese,1633101754,1633101754
76561198325113751,1692250,62,5,1847,0,558,1688238682,poenie,True,0,0,0.0,0,False,dutch,1657047696,1657047696
76561199121478004,271590,15,4,9153,0,3534,1662229984,makes me want to airfry my balls,True,0,0,0.0,0,False,english,1655949567,1655949567
76561198016831277,205230,1167,24,212,0,212,1457705649,很好玩的小游戏，很卡通很火爆没玩完继续,True,1,0,0.52229303,0,False,schinese,1457245085,1457245085
76561198073980502,1846170,254,14,117,0,88,1656247549,This is good,True,0,0,0.0,0,False,english,1656195994,1656195994
76561198146512326,227300,142,4,22014,0,6646,1689636563,"I like this game. I have lots of fun playing it, and there is a multiplayer mod with around 1000+ people in at some times which makes it more fun.",True,0,0,0.0,0,False,english,1459784564,1459784564
76561198019436956,242550,0,1,9057,0,8885,1695534604,hours of family fun ,True,0,0,0.0,0,False,english,1608441172,1608441172
76561198265015013,881100,164,28,221,0,181,1650106340,pain  suffering even,True,1,0,0.52380955,0,False,english,1625706685,1625706685
76561199178239535,275850,0,5,1256,0,1084,1694608464,"good game, sadly no gas giants or planets with no atmosphere :(",True,0,0,0.0,0,False,german,1679069140,1679069140
76561198388648523,578080,11,1,116286,945,13017,1698935319,Plez,True,0,0,0.47619048,0,False,english,1520415573,1520415573
76561198288893431,1222670,90,10,15886,0,1215,1695751182,Better than my own life in my coom cave,True,0,0,0.0,0,False,english,1600426681,1600426681
76561197993866080,411560,227,7,117,0,117,1495544023,For 1€ you got 2 hours of exploration in an oppressive atmosphere. It's simple and well made.,True,7,0,0.6037139,0,False,english,1495544356,1495544356
76561198053186654,982270,0,17,437,0,224,1608349881,"Dude this was a REALLY fun game.  ITs almost like i was les from hardcore pawn.  Do i wanta rip someone off and be an ahole, HELLZ JA!",True,0,0,0.0,0,False,english,1607817405,1607817405
76561198332265322,242760,0,6,7292,0,1995,1646810322,"Me gusta pero tiene muchisimos bugs , el multijugador sobre todo ,espero hayan parches o dlc pronto, Saludos",True,0,0,0.0,0,False,spanish,1600219988,1600219988
76561198836522851,466240,24,1,271,0,251,1605875494,HAOWAN,True,0,0,0.0,0,False,schinese,1600673667,1600673667
76561198384487157,271590,289,11,138423,399,61812,1698801836,Tiene unos buenos grafico su jugabilidad es genial pero lo que molesta son los hacker que se meten en las seciones publicas a joder a los usuarios normales pero les recomiendo el juego por los diversos modos de juego,True,1,0,0.52380955,0,False,spanish,1512433704,1575052188
76561198282906475,271590,51,3,42557,0,35746,1689595798,目標,True,0,0,0.0,0,False,schinese,1620646188,1620646188
76561198212444564,814380,0,3,3254,0,3228,1553727850,你们猜哪个是这个游戏的主人公？  选手A.                                                          1.正常成年男性的身高                                  2.即使被打也不会轻易停止攻击动作             3.干净利落的招式                                         4.巨大的让人恐怖的长柄武器                        5.有着恐怖爆发力的招式                               6.实用且精良的日式盔甲                               选手B 1.和娘们差不多高 2.一但被攻击就会跪倒在地伸出手当盾牌 3.没有人教就永远一套的攻击招式 4.日本刀  5.挠痒痒一般 6.不知道多场时间没洗的服装  A的名字叫苇名七本枪 B是我们的无敌的主人公  游戏要做的 就是用B PK A 连续不断的PK几个小时A这种水平的对手  你就通过一关了  后面还有大概几十关吧  就是这么个游戏  爽吗？,False,8,16,0.49658895,0,False,schinese,1553526203,1553526316
76561198145205016,897830,0,24,2128,0,2000,1607639435,"I enjoyed making my bully blush, 10/10.",True,2,2,0.54217535,0,False,english,1562694303,1562694303
76561199098064796,49520,0,2,479,0,467,1637403584,its very laggy for me,False,0,0,0.0,0,False,english,1610573271,1610573271
76561198203087103,304930,0,9,68,0,26,1501692829,"This is Unit-Z, which can be bought from the Unity asset store, but uniquely, the dev (for this is a solo effort, I believe) has put an awful lot of work into it. And that's why I like it, it's not just because of the good features, but because it is unique in the fact that effort has been put into this game.  And guess what? IT'S GREAT! So, if Jim Sterling has any more qualms with Unit-Z can someone please direct him to this page?",True,0,0,0.49382716,2,True,english,1472149412,1472149412
76561198072236102,728530,0,2,19673,0,6510,1604639901,한게 없는거 같은데 플탐은 왜 100시간인지 모르겠네;;;,True,0,0,0.0,0,False,koreana,1575798671,1575798671
76561198262722503,428690,76,5,568,0,256,1494081936,怎么说，bug一大堆，系统也还没有完善：1.走过去（路程）吃饭、睡觉都要几个小时 2.游戏不能加速，建议有三挡速度选择（类似simcity）3.bug修复问题，旧版本bug没了，然后新版本又出来一大堆（员工不做事，卡住一直跳舞等等）  不过这只是bate版，完成以及优化这个游戏还有比较长的路（只开放了一个游戏方向）  总体来说还是一个不错的游戏，不过想买的人要知道： 该游戏只是bate版 该游戏只是bate版 该游戏只是bate版 bug有多少有多少！！！ 买了基本就退不了款，因为前两小时基本玩疯了233333333，然后...就没然后了,True,1,2,0.5,0,True,schinese,1470936436,1470936436
76561199077499290,271590,0,4,2751,0,836,1629680017,classic,True,0,0,0.0,0,False,english,1627348994,1627348994
76561199079822342,1817070,0,5,2061,0,437,1696032400,yay,True,0,0,0.0,0,False,english,1660705679,1660705679
76561198043498556,94400,2115,34,246,0,58,1695438766,"This game is incredibly simple. However the simple mechanics work together flawlessly to make a great multiplayer experience. Nidhogg will not occupy you long alone, but is a great party game. 10/10 would buy again.",True,0,0,0.0,0,False,english,1403654995,1403654995
76561198121965525,242760,0,2,1787,0,292,1484952220,"Yeah. dat spil is col, ih empfele ed weide :DDD is bese spiell everr  -------------------------------------------------  Nee, scherz bei seite.  Ich kann es nur weiterempfehlen ;D  Alle, die auf Aufbau-Survival Spiele mögen.  Lg. bloodhd",True,0,0,0.0,0,True,german,1403613309,1403613309
76561198141583349,1840,141,26,4557,0,1636,1662470927,"Нормальная программа для новичка. Удобный и понятный интерфейс, Есть мануалы от Valve по программе, Только ленивый скажет что плохая программа и ничего не понятно и вообще во всем виновата.",True,0,0,0.0,0,False,russian,1580827433,1580827433
76561198362972995,271590,53,4,28289,115,16124,1697856286,233 ,True,0,0,0.0,0,False,schinese,1627647877,1627647877
76561198395937025,535520,0,26,242,0,220,1597812014,"not really a worthwhile game, i spent barely above two hours on it and its rotting in my library at this point. good game for a bit, but its not like your gonna play very long.",False,3,0,0.46275163,0,False,english,1586479924,1586479924
76561198298581533,739630,161,11,1128,0,846,1635694051,怎么说呢，玩了十几个小时我都没鲨过，一把女妖角逐吃鸡，最后一个人出去，我是最先脑子0的人，但是我到最后都没被鲨，就离谱，难道是这个游戏的欧皇？,True,0,0,0.0,0,True,schinese,1603467163,1603467163
76561198202350820,812140,342,29,5608,0,4768,1561986565,简评 比起源更进一步的作品，在剧情的流畅性，任务的丰富度，画面的多样感上都有所提升，但育碧式沙盒的通病——游戏中后期的可玩性上依然有所欠缺。但瑕不掩瑜，本作作为刺客信条系列转型RPG的更新之作，值得通关。,True,2,0,0.50873363,0,False,schinese,1543301085,1543301085
76561198884580964,32440,0,2,27485,31,1898,1698719687,Ive played it abit,True,0,0,0.0,0,False,english,1575254890,1684274084
76561198052134167,204300,345,122,44461,0,25411,1609941942,"Купив её в далёком 2014 и начав понемногу играть, я вдруг понял: это одна из лучших игр жанра МОВА. И не потому что здесь есть баланс, не потому, что здесь есть большое коммьюнити. Она была динамичной. И с каждым патчем этой динамики становилось больше! Регулярные обновления меняют героев, позволяя в каждый из сезонов выбирать свой уникальный набор. Год за годом, мне она нравилась всё больше и больше. Так, в 2016 вышло обновление Overdrive, внёсшее колоссальные изменения. Мы научились играть по-другому, научились чувствовать те редкие моменты, когда враг готовится кинуть гранату или запустить орду пикселезавров. Но больше всего мне понравилась новость от 26.04 - игра станет бесплатной через месяц. И здесь стоит рассмотреть как минусы, так и плюсы:  + Резко возрастёт число активных пользователей, что разнообразит игру (многие игроки на старших лигах знают друг друга, и потому хоть матч и теплый и дружеский, но всё же предсказуемый);  + Изменение политики в отношении к дополнительному контетнту и расширениям. Теперь нет ни Старшторма, ни Овердрайва. Есть лишь набор для доступа ко всем (включая невышедших) персонажам, что, несомненно, приятно;  + Больше кастомизации. Помимо новой оболочки для Лонстара, появились вариации дропподов, которые выглядят потрясающе.  + Обновлённый интерфейс. Стал более современным и стилизованным;  + Починили чат. За это отдельное спасибо:)   - Изменена система приземления при старте/гибели. Стала крайне неудобной и незнакомой;  - Нет изменения системы подбора оппонентов. Будучи в третьей лиге, мне до сих пор попадаются выходцы с 1-5 лиг, что вносит дизбаланс в ход битвы.   Рекомендую ли я эту игру? Конечно! Несмотря на мои придирки, игра шедевральна. Всё, начиная от графики и заканчивая механикой, радует разум и заставляет вновь и вновь заходить сюда.",True,3,0,0.52827424,0,False,russian,1421946155,1493304906
76561198108891312,844870,0,15,3250,0,2541,1587918232,Померла,True,5,3,0.5382787,0,True,ukrainian,1561773961,1605765507
76561198803257290,271590,0,1,70231,877,40331,1698743676,재밌음,True,0,0,0.0,0,False,koreana,1631611061,1631611061
76561198110786534,261640,0,14,7812,0,6550,1577998742,"Out of the first three games, this is my favorite Borderlands game. It doesn't have as much content as Borderlands 2, but I actually prefer that, since I have a limited amount of time outside of my job to play games. Personally, I thought the writing was a bit funnier in this one, and once I got used to it, I enjoyed the new mechanics of low gravity and slamming (and the Oz kits weren't as annoying as I thought they might be). Because of the increased vertical complexity of the maps, I would enjoy seeing the Pre-Sequel get the VR treatment like Borderlands 2. The final fight in the Claptrap DLC (in the Cortex) was one of the toughest (perhaps the toughest?) non-raid bosses to solo in the first 3 Borderlands games, but do-able.  Also, I should note that this played flawlessly on Linux (Pop!_OS 19.04 & then 19.10; NVidia card)--so thanks to Aspyr for a fantastic port. I've tried playing this on Windows 10, but it crashes constantly.",True,0,0,0.0,0,False,english,1576185108,1576185108
76561198097998957,377680,285,87,23,0,18,1469491263,"This sakura game was nice, it was a tale of two girls and a friend, yes there are boobs in this one, I didn't buy it for that though the story and character line is nice, it has a touching story.",True,1,0,0.48128873,0,False,english,1466922999,1466922999
76561198082674130,299460,904,12,32,0,32,1404597743,这游戏还好是免费领的，要不然花2刀多买了就像把2刀丢进火力烧了一样。,False,0,0,0.0,0,False,schinese,1404597875,1404597875
76561198006894265,327510,0,20,190,0,152,1466030113,"From Adult Swim comes a game that's much different than you would expect from the company of the commercial bump. Wasted is balls to the wall hard rogue-like perma-death game where you vent out, grab irradiated booze, help a Dick that sounds like Richard Nixon from Futurama and get your ass handed to you by the PWN Squad when you sit around in a corner like a LITTLE BITCH.  Currently sub 10$ and 100% worth it.",True,1,1,0.48706895,0,False,english,1465582308,1465582308
76561198297147752,33930,0,14,200,0,200,1577649575,"Well, if you are looking for realistic and serious gameplay this game is perfect. Nonetheless, the game quality and the needed amout of performance is ridiculously high.",True,0,0,0.0,0,False,german,1620123782,1620123782
76561198245671848,594650,0,2,20914,0,9459,1695775521,este juego es GOD,True,0,0,0.47101447,0,False,spanish,1637078004,1637078004
76561198275657049,292030,0,2,56835,195,9077,1698362556,Best game that I've ever played.,True,0,0,0.0,0,False,english,1634692142,1634692142
76561198453873178,49520,70,5,53,0,53,1588435709,Oyun b*k gibi sakın almayın paranıza yazık!,False,1,2,0.52380955,5,False,turkish,1588588700,1588588700
76561198037801692,265990,0,23,2659,0,1790,1650593786,老子潜行弓好不容易升到19级，打邪教徒副本，我本来以为邪眼，邪教徒，地龙就已经是BOSS全部了，直到我看到了克苏鲁，你妈逼这是人能打过的？虽然克苏鲁旁边有个开关，但是谁能走到那玩意去？,True,2,0,0.5470383,1,False,schinese,1648711896,1648711896
76561198808730341,730,0,1,34037,0,2220,1642348991,Принцепе норм игра;) ,True,1,0,0.52380955,0,False,russian,1517575850,1517575850
76561198966502183,1668290,0,1,468,0,365,1693071631,This game sucks and is a waste of money. The combat system is absolutely frustrating to put up with.,False,3,1,0.49633956,0,False,english,1679371782,1679371782
76561198036526925,108600,0,2,2712,0,1113,1556924927,"This game blows my mind, waters out start drinkin from the terletss boi!",True,0,0,0.0,0,True,english,1420019662,1420019662
76561199051048293,635260,29,8,2027,0,1088,1693072629,car,True,1,0,0.52380955,0,False,brazilian,1641434618,1641434618
76561198094856766,271590,0,5,14271,0,3407,1610851713, 이게임을 한결과 처음에는 재미있었지만 게임이 계속튕겨서 재미가 없어지기 시작한다.,False,0,0,0.0,0,False,koreana,1429728586,1429728586
76561198380608800,531510,0,1,1303,0,941,1695435881,Buy this epic game about rescuing doritos! :D,True,0,0,0.0,0,False,english,1622744706,1622744706
76561198204574629,4000,40,7,27340,0,7,1697097375,Amazing,True,1,0,0.5217391,0,False,english,1587876461,1587876461
76561198109606896,431960,0,17,31,0,16,1496564282,Perfect,True,0,0,0.0,0,True,english,1489081389,1489081389
76561198036493698,394360,0,1,79594,139,15379,1697314759,Пока не починят ебанутую защиту конвоев можно не играть,False,2,1,0.47028154,1,False,russian,1541254456,1541254456
76561198409295510,730,11,1,80658,0,11009,1697367851,"Very good but very cheep, Iike ",True,1,0,0.50248754,0,False,swedish,1505222134,1505222134
76561198306339295,332310,0,5,25786,0,25764,1628968441,Игра детства,True,1,0,0.52380955,0,False,russian,1628966598,1628966598
76561197963814546,1181830,0,8,14865,0,11350,1669986791,+1,True,0,1,0.0,0,False,english,1619882932,1619882932
76561198044598922,440,0,7,6429,0,6429,1338620400,Divertido,True,0,0,0.0,0,False,brazilian,1488856072,1488856072
76561199173971339,730,1,1,812,0,400,1622730658,Gal,True,1,0,0.52380955,0,False,german,1622140674,1622140674
76561198338162059,730,24,1,224282,93,170233,1698751148,000,True,0,0,0.0,0,False,schinese,1607527359,1607527359
76561198310848593,1245620,0,8,7200,0,400,1679673254,"Very goooood, very niiiiice.",True,1,0,0.49102697,0,False,english,1645947471,1645947471
76561198392485488,730,47,1,70285,656,69426,1698613411,Da,True,0,0,0.0,0,False,romanian,1686499864,1686499864
76561199066842772,548430,79,8,14847,0,2165,1696423426,игра топ но есть много но с патчами раньше у меня на высоких настройках было 60-80 фпс теперь на средних 40-30 максимум сделайте пожалуйста как раньше было,True,1,0,0.52380955,0,False,russian,1645052254,1645052254
76561198360951820,1115640,0,1,8677,0,72,1678357872,一直很喜欢群侠传的游戏，支持支持,True,0,0,0.0,0,False,schinese,1675577270,1675577270
76561199196966471,1041320,0,1,6986,67,5976,1697960048,垃圾游戏,False,0,0,0.0,0,False,schinese,1686460164,1686460164
76561198310766390,769560,191,16,4003,370,3469,1698088295,一束光,True,0,0,0.0,0,False,schinese,1669516582,1669516582
76561198273813732,438040,75,6,822,0,813,1618769017,very good game,True,0,0,0.0,0,False,greek,1618426988,1618426988
76561199184599700,1172620,25,4,3217,0,2076,1694968087,I am very pleased. BUTTT a mike dababy character would be good,True,1,1,0.5140187,0,False,english,1629539156,1629539156
76561198297334983,48190,0,2,2886,0,2764,1682834562,nice game franchise,True,0,0,0.0,0,False,english,1682725129,1682725129
76561199242094345,1326470,149,18,1065,0,58,1690364972,Игра шикарна хоть еще и находится в раннем доступе и есть еще что дорабатывать. Очень понравилась первая часть и ждал эту с самого анонса и не зря,True,0,0,0.0,0,True,russian,1688124206,1688341308
76561198855342533,1281930,54,4,10844,0,714,1690215397,"Хуйня ебаная, каламити на 1.4 завезут, напишите",True,0,0,0.0,0,False,russian,1636528119,1636528119
76561198135882420,282900,203,4,468,0,370,1684890582,cute ,True,0,0,0.0,0,False,english,1597724672,1597724672
76561199068576238,1018800,0,8,1021,0,556,1640028845,good game,True,1,0,0.0,0,True,english,1615645610,1615645610
76561198268853666,505230,2080,166,19,0,19,1635443714,"this is one hardcore game to meek you feel like a useless meat sack, i hate it",True,2,0,0.4874106,0,False,english,1642504663,1642504663
76561198435305904,1174180,0,1,17114,0,11670,1684578176,스토리 짱짱맨!!! 온라인 핵쟁이들이 좀 있지만 아직 따라댕기는 사람은 없어서..  온라인도 잼남.. 돈벌기가 빡시긴하지만 적응되면갠츄네요...  만약 2명이상이시면 온라인도 잼나니 같이해보심!!! ,True,0,0,0.0,0,False,koreana,1674559222,1674559222
76561199023088246,1097150,0,4,2129,0,332,1697270452,z,True,0,0,0.0,0,False,koreana,1638691027,1638691027
76561199250284475,2050650,0,10,1621,0,249,1680531088,Because  Ada is lovelyI am simp,True,1,0,0.5034766,0,False,tchinese,1679684056,1679684056
76561198061144884,231430,0,3,97,0,49,1523235752,Im sorry my laptop cant run this Game although I love company of heroes I cant run it  because my laptop is not fast enough for it. Can you plz give me a refund,True,0,0,0.0,0,False,english,1451950716,1451950716
76561198796089802,1113410,180,51,0,0,0,0,missions=trash,False,1,1,0.48728812,0,False,tchinese,1655632439,1655632439
76561198003226465,473690,0,5,699,0,422,1522574044,"Купил на праздники - залип, очень достойная вещь, по скидке просто нереально превосходная!",True,4,0,0.51580745,0,False,russian,1515083929,1515083929
76561199377843025,2024860,0,1,1169,0,1169,1670681223,it sucks,False,0,0,0.4743833,0,False,english,1670681253,1670681253
76561198844542770,1268140,0,3,1416,0,1103,1641699403,剧情轻松温情，最喜欢菲和路伊啦~每次养成目标就跟完成KPI一样刺激hhh 总体难度不会高，尤其是第二周目开始，属性养成就容易多了。 感谢某星空网站的古早公略（都0几年的啦~）,True,4,0,0.5412419,0,False,schinese,1641562917,1641562917
76561199028397409,1167630,0,6,4408,13,2087,1697302258,i love destroying private property,True,0,0,0.0,0,True,german,1644665207,1695675023
76561198057058583,601150,139,5,10073,0,2342,1675056547,SSS rank to this game,True,1,0,0.52380955,0,False,english,1577386911,1577386911
76561198848885070,925580,0,14,0,0,0,0,"Наверное, лучшее дополнение к ЕТС 2, встречаются родные просторы, всем советую приобрести в первую очередь",True,0,0,0.0,0,False,russian,1643735836,1643735836
76561198202796359,346110,0,2,273116,0,163392,1677036127,meh its okay,True,0,1,0.0,0,False,english,1531254386,1531254386
76561198041427799,2392140,154,7,23,0,23,1684521441,"In such a short game, the deepest meaning lies, it is immediately clear that the developer has put his whole soul into the game. Although I learned a lot of new things, but I couldn't understand the true intention of this game. Masterpiece",True,1,1,0.52449566,0,False,english,1684413475,1684413475
76561199119507894,304390,355,19,1350,0,1149,1656002455,yes.                                                        fucking game,True,0,0,0.0,0,False,turkish,1636293719,1636293719
76561198243295280,1250760,187,14,1121,0,327,1653180982,好故事 行！,True,0,0,0.0,0,False,schinese,1630418342,1630418342
76561198854361861,1224000,43,41,0,0,0,0,"thank you spy for everything, gds, IV, garry's mod addons, thanks a lot",True,1,0,0.5217391,0,False,english,1684259374,1684259374
76561198152478499,203160,165,11,1729,0,1729,1488810893,好玩。游戏时长大约十几个小时，为了收集才到29。然而全收集有些难呀。 多人部分挺垃圾的，射击手感差，判定奇特，鬼服。,True,0,0,0.0,0,False,schinese,1499387587,1499387587
76561197981159039,1215280,0,84,227,0,227,1595708208,Mask of Mists is a short (about 4 hours to 100% it) first person action-adventure game. Kinda like a first-person Zelda. You explore the world solving puzzles and finding items to open new areas while fighting monsters with fairly simple combat mechanics. Solid choice if you like First Person dungeon delving.,True,1,0,0.46644753,0,False,english,1595869310,1595869310
76561198405237098,574980,84,10,1431,1,444,1698543322,ㅤㅤㅤㅤㅤㅤㅤㅤㅤㅤㅤㅤㅤㅤㅤㅤㅤㅤㅤㅤㅤㅤㅤㅤㅤㅤㅤㅤㅤㅤㅤㅤㅤㅤㅤㅤㅤㅤㅤㅤㅤㅤㅤㅤㅤㅤㅤㅤㅤㅤㅤㅤㅤㅤㅤㅤㅤㅤㅤㅤㅤㅤㅤㅤㅤㅤㅤㅤㅤㅤㅤㅤㅤㅤㅤㅤㅤㅤㅤㅤㅤㅤㅤㅤㅤㅤㅤㅤㅤㅤㅤㅤㅤㅤㅤㅤㅤㅤㅤㅤㅤㅤㅤㅤㅤㅤㅤㅤㅤㅤㅤㅤㅤㅤㅤㅤㅤㅤㅤㅤㅤㅤㅤㅤㅤㅤㅤㅤㅤㅤㅤㅤㅤㅤㅤㅤㅤㅤㅤㅤㅤㅤㅤㅤㅤㅤㅤㅤㅤㅤㅤㅤㅤㅤㅤㅤㅤㅤㅤㅤㅤㅤㅤㅤㅤㅤㅤㅤㅤㅤㅤㅤㅤㅤㅤㅤㅤㅤㅤㅤㅤㅤㅤㅤㅤㅤㅤㅤㅤㅤbrabo,True,3,0,0.56349206,0,False,brazilian,1669853365,1671588187
76561198810380777,527230,0,2,1078,0,919,1668351688,真不错啊真不错，我就玩一会儿，怎么天亮啦？,True,0,0,0.0,0,False,schinese,1667925452,1667925452
76561198134517146,745920,81,18,9579,0,199,1655328527,つ ◕◕ ༽つ TEMTEM DEVS TAKE MY ENERGY ༼ つ ◕◕ ༽つ,True,1,0,0.0,0,True,english,1579727413,1579727413
76561198098061627,405640,532,38,331,0,331,1594074179,"прекрасно просыпаюсь я, жаль не всегда.",True,1,1,0.52380955,0,False,russian,1594074233,1638117190
76561199130423142,1237970,0,1,389,0,389,1662187342,BT-7274！,True,0,0,0.0,0,False,schinese,1662187850,1662187850
76561198321575168,202990,150,42,6165,0,4808,1695929183,El Mejor Cod de Todos! Despues de Black Ops 1,True,0,0,0.0,0,False,spanish,1572960092,1572960092
76561198120332854,578080,251,3,19925,0,536,1644462219,"Pretty good game. Sound has to be fixed, litterally can't hear a door opening 10ft away or someone walking up behind me.",True,0,0,0.49982148,0,True,english,1491362783,1491362783
76561198365445388,24010,0,1,12263,0,6161,1695128758,Du kannst deine Eigenen Strecken bauen,True,0,0,0.48076925,0,False,german,1579718267,1579718267
76561198042514740,105600,0,18,77452,76,42616,1698371709,"Best Game Ever, hands down, Best game ever ! (Trust me on disonemate) ",True,0,0,0.0,0,False,english,1505500792,1505500792
76561198249114336,394360,128,12,26803,0,12253,1684068487,you gonna hve a lot of fun hr in it,True,1,0,0.50318813,0,False,swedish,1572811842,1572811842
76561198049521402,461840,0,8,121,0,121,1606650652,지금 할일이 없어 심심한데 1~2시간 즐기고 싶다면 그냥 아무생각 없이 사서 해도 좋음. 그림맞추기보다 스토리가 재밌었지만 속도가 느린게 답답한 사람들한테는 비추.,True,0,0,0.0,0,False,koreana,1624051930,1624051930
76561198975563998,1049590,0,5,431,0,340,1645801041,   挺好玩的。 ,True,0,0,0.0,0,True,schinese,1607527736,1607527736
76561199281743752,1293830,0,4,2361,0,741,1693907991,e,True,0,0,0.0,0,False,turkish,1690558869,1690558869
76561198966755929,578080,0,3,20051,1232,15046,1698689794,yes,True,0,0,0.0,0,False,english,1677334201,1677334201
76561198416753407,730,6,2,72932,291,584,1698748149,喜欢,True,0,0,0.0,0,False,schinese,1574318624,1574318624
76561198054983843,814380,0,42,4067,0,423,1612049478,я ненавижу и не понимаю эту игру,False,2,5,0.5,0,False,russian,1605271456,1605271456
76561198073482340,440,0,1,27953,0,24165,1674971094,초딩게임 시ㅡ발,False,0,0,0.0,0,False,koreana,1471438432,1471438432
76561198094041542,945360,0,19,1831,0,189,1691205675,"divertido, gostoso de jogar com amigo",True,0,0,0.0,0,False,brazilian,1600354117,1600354117
76561198996533277,1172620,219,11,221,0,210,1649980884,no,False,2,1,0.4562738,0,False,english,1615505846,1615505846
76561198394883056,495420,0,10,11829,0,2835,1695673336,Love the game. Such an improvement. the game has totally changed and its an amazing one as 2022,True,0,0,0.0,1,False,english,1661083323,1661083323
76561198207406656,231430,88,6,6461,0,4493,1663710590,good game,True,0,0,0.0,0,False,spanish,1593652688,1593652688
76561198885041645,730,0,1,29007,0,22889,1691086170,"Игра конечно хорошая, жаль читарасов много",True,0,0,0.0,0,False,russian,1602574578,1602574578
76561198852134427,681840,56,7,1357,0,736,1616916217,暇侯瑾轩，生死相牵,True,1,0,0.0,0,False,schinese,1614689322,1614689322
76561198029259229,307690,209,15,1873,0,981,1595945470,Классная игра даже в 2017.,True,21,0,0.69147664,0,False,russian,1506191061,1506191061
76561198282299058,550010,140,14,740,0,508,1670760070,sters atmalık oyun ve aşşşşırı zevkli içinizdeki cani kişiliğe bu oyunda ulaşırsınız,True,3,0,0.5652174,0,False,turkish,1635625431,1635625431
76561198159272144,730,11,1,114876,0,5061,1600892943,over9000 из 10,True,0,0,0.0,0,False,russian,1423235956,1423235956
76561198004261542,57690,0,2,4534,0,4534,1545333008,"When I'm craving a game that will keep me up far too late, so I can look and feel like garbage for the next 2 days, this is it.",True,0,0,0.0,0,False,english,1561927373,1561927373
76561198019732657,1794680,254,13,1934,0,1163,1651970136,"Addictif à souhait.  Je le conseille vivement pour tous les fans de rogue lite et action rpg, de type Hades.  La durée de vie est énorme.",True,0,0,0.0,0,True,french,1650319246,1650319246
76561198128029598,1475810,70,3,828,0,828,1650320305,They could have easily come up with a way better story without a typical cliché ending and zero replayability.,True,0,0,0.0,0,False,english,1669151963,1669151963
76561198121052307,227300,109,4,17385,0,12697,1675195265,"With over 200 hours in game, my kind of review is one of the crucial ones for if you are debating buying the game.  I purchased my copy of ETS2 in 2012, since then I have constantly played it on and off. Within the last year I fully got back into playing, connected it to steam and began purchasing cargo and map expansion DLC's. The game itself is smooth, realistic with beautiful landscapes. You are provided with a large area to drive through within the base game, and can optionally purchase map expansions, such as France and Italy.  If you are into truck driving and want to kill hours of time with a fun yet realistic game, ETS2 is the one for you.",True,1,0,0.5270271,0,False,english,1551123358,1558561760
76561198332958662,380600,381,97,106,0,106,1680829344,you can fish,True,63,13,0.7989744,0,False,english,1680855195,1680855195
76561198031168042,1250410,0,1,37334,0,30277,1688222938,Great for chilling out and seeing some of the great locations in the world.,True,1,0,0.5217391,0,False,english,1645470201,1645470201
76561198105752877,624090,296,42,1190,0,1140,1532679695,"как обычно только купил и сразу скидка, пошли вы  твари",True,3,15,0.46236637,0,False,russian,1521751173,1521751173
76561199007397727,977950,0,1,9023,0,742,1687692524,리듬게임 원탑!,True,0,0,0.0,0,False,koreana,1616740141,1616740141
76561198351237358,518790,114,3,3138,0,2300,1571799531,这其实就是个看风景的游戏   至于动物？ 不存在的,True,0,1,0.0,0,False,schinese,1511750499,1511750499
76561198149899488,251570,0,3,4698,0,3735,1589150214,"Pretty fun, even on my old laptop with lowest settings it is still eating up 10-12 hours of my weeks.",True,0,0,0.0,0,True,english,1588991910,1588991910
76561198107684830,1948800,44,7,4465,26,2230,1698330502,如果有手机端，将是绝杀。,True,0,0,0.0,0,True,schinese,1677919191,1677919191
76561198274554138,105600,40,4,5175,0,3801,1695795692,"Un juego divertido, con muchas horas de juego. hasta ahora, mi clase de mago es mi favorita",True,0,0,0.0,0,False,spanish,1667363462,1667363462
76561198105879268,414340,0,2,774,0,774,1561763525,Juegazo!,True,1,0,0.52380955,0,False,spanish,1561800932,1561800932
76561199172922853,1118200,19,4,12470,3,466,1697385152,fun,True,0,0,0.0,0,False,dutch,1637139953,1637139953
76561198006524375,976730,195,4,4014,0,3722,1607242602,WOW,True,0,0,0.0,0,False,english,1606389366,1606389366
76561197999672989,578080,0,3,4981,0,2116,1640118432,"A Review Of a Shipper !  -Gutes Spiel Manchmal ist die Beute aber Ziemlich Mager ! wenn die Beute Mager ist dann hat man keine Lust mehr auf das spiel ganz Erlich! meistens kommen die Juden auch immer von Hinten dann ist es auch Mager ! und wenn die Beute Mager ist, ist auch Das Spiel Mager ! MAN MAN MAN MAGER MAGER MAGER !!!  Ansonsten kauft euch das Spiel Leute ;)",True,4,6,0.53658533,0,True,german,1501674602,1501674602
76561198121408500,381210,59,3,57375,329,6104,1698340391,nice ,True,0,0,0.0,0,False,german,1634579680,1634579680
76561198880581824,823130,0,3,565,0,308,1681042765,this game is art,True,2,0,0.5,0,False,english,1653150489,1653150489
76561198001691609,12710,0,20,11859,0,6456,1676031554,"Me ha gustado absolutamente todo, tanto del primer juego como del segundo. Es una pequeña obra de arte. Super original y divertidisimo. La tercera entrega ya no ya no tiene nada que ver con los dos primeros. Muy flojo. Los dos primeros,  excelentes...!!!",True,2,0,0.52380955,0,False,spanish,1574379769,1574379769
76561199203053632,1016920,0,1,1018,0,1018,1644078404,非常 good,True,0,0,0.0,0,False,schinese,1659263274,1659263274
76561198193049382,359550,69,10,4610,0,3385,1697030227,Tahle hra je super doporučuju,True,0,0,0.0,0,False,english,1575463959,1575463959
76561198179062870,1091500,215,7,2718,0,2129,1607932823,"LOTS of bugs, but I still enjoyed the game",True,0,0,0.0,0,False,english,1607829116,1607829116
76561199194752174,1677740,0,1,2776,0,2374,1685160155,es re piola,True,1,0,0.52380955,0,False,spanish,1665361103,1665361103
76561198435399350,550,28,3,2801,94,488,1698075347,很经典，nice,True,0,0,0.0,0,False,schinese,1617371507,1617371507
76561198950542766,578080,1,1,52620,0,52617,1605757233,玩了800多小时的游戏说封将封还不提示是永久封还是只封几天，且这是我被封的第8个游戏了。,False,0,0,0.0,0,False,schinese,1605755066,1605755066
76561199122481120,747660,0,2,790,0,708,1653001861,so great lolz,True,0,0,0.47619048,0,False,english,1642384324,1642384324
76561198443693617,252950,182,6,1398,0,1004,1684704477,ta cheto,True,1,1,0.5,0,False,latam,1589845759,1589845759
76561198040377219,1604030,0,10,14455,0,2116,1684602222,"Very addictive, at least for me.  Try it! Seems really fleshed out so far.  Note: The progression is completely separate between worlds, you cannot transfer your character. Definitely most fun with friends, but still good solo!  Would like to see an update where nearby chest materials are usable at workbenches, no other critiques so far.",True,1,0,0.52380955,0,True,english,1653596344,1653596344
76561198217719200,330020,148,6,2672,0,660,1646337770,"Красота в каждом пикселе, атмосфера в каждой сцене и аккорде. Игра, которая легко может посоревноваться с топовыми играми этого жанра.",True,1,0,0.52380955,0,False,russian,1645420138,1645420138
76561199013093498,108600,0,10,1638,0,371,1684689746,I take better care of myself in this game than i do in real life,True,0,0,0.0,0,True,english,1647204698,1647204698
76561198357200407,730,175,23,59121,2,1982,1698027827,its probably the worst FPS I've ever played. 10/10 recommend it.,True,1,0,0.52586204,0,False,english,1576967206,1637687371
76561198325335163,465490,0,44,8620,0,1870,1669778032,"Игра кайфовая.  Хорошо проработана наземная боевка,  можно фанится с любым оружием, с различными бойцами в отряде и добится хороших результатов. В космосе битвы аркадные, но тоже приятные.  Удивило  что тут эпик выше легенды по статам, непривычно для старого ВоВера.  Из минусов пока что только типичная проблема для всех игр с генерируемыми мирами, много одинаковых локаций  с одинаковыми базами, но  такое мне много где попадалось.    Хотелось бы что бы в игру добавили больше разнообразных локаций и биомов.  Вообщем разработчику еще есть куда стремиться, потенциал игры высокий.",True,3,0,0.5182739,3,True,russian,1561759732,1669423534
76561198031824716,1170950,979,14,236,0,236,1639327640,"I bought this game due to the positive reviews and the supposed January 2022 release date. What can I say... the game is an unfinished broken mess and based on the current development state I don't see that change any time soon.  Initially it does have some Ultima Online vibes, but then it just falls short due to the unfinished implementation, bugs and lack of balance. I think the game has great potential some time down the line, but right now it doesn't even seem worth leaving the tutorial island.   Definitely not a buy at the full price. Wait until release or get it on sale.",False,7,0,0.54545456,1,True,english,1639327931,1639327931
76561198988853078,578080,0,1,103538,6224,79791,1698692557,老是莫名其妙检测，影响游戏体验,False,0,0,0.0,0,False,schinese,1690732107,1690732107
76561199015525609,223470,67,53,774,7,524,1697978283,Laughed every step,True,0,0,0.0,0,False,english,1686992286,1686992286
76561198072961409,292990,1532,43,863,0,832,1559142550,接触的第一个信长野望系列，日本战国历史模拟类佳作。日本战国类好像也找不出同类作品了，《全面战争：幕府》 算一个。如果预算足的话，可以直接入《信长之野望：战国立志传》，包含《信长：创造》的全部内容，包括战国传和君主模式，还有武将扮演的模式，合战部分也有加强。  优点： +战国传的加入大大增加了代入感，完成任务来解锁剧情和动画。给没有目标也不知道下一步干什么的玩家一个方向，也能看看故事。 +类似三国志的内政设定，人事，开发，建设城下町。 +半即时的战斗，随时可以暂停再指挥。比较像三国志9。 +比起战斗更注重战略，在大地图上部队可以卡位，可以绕后攻城和偷袭敌方部队。几百个城，一个一个自己操作战斗得打到天昏地暗，有效的利用资源比合战打得6更重要。 +可以拉拢野生的人众势力支援战斗。 +美工真的好看。  缺点： -光荣模拟系列的一贯的缺点，前期肝后期挂机。后面基本不用管，全部委托军团长就好了。 -合战拉近时候的部队模型又丑又平面。  总体来说个人还是十分喜欢的。轻轻松松打一般难度，愉快地看看剧情，还能学一些战国史。网上都会有各种战国传的出现条件。如果想卡时间在统一之前出战国传，可以把整体难度调高，就能慢慢打战国传。顺便私心推荐宫下英树的战国系列漫画，顺序是：战国外传桶狭间战记（织田信长打败今川）- 战国（信长崛起和反织田联盟） - 战国天正记 - 战国一统记。  如果有好的战国题材游戏，漫画或者历史文献欢迎各大佬留言。,True,2,0,0.507772,0,False,schinese,1534639469,1578858015
76561198206782183,730,0,4,112022,433,48874,1697979521,"sensacional , gosto muito do cs desde a versao 1.7 de 1998 .  top demais",True,0,0,0.0,0,False,portuguese,1552939713,1552939713
76561198268339979,1284190,0,1,1738,3,685,1698468846,未開拓の惑星に送り込まれ一人でコツコツと緑化作業に取り組む人物が主人公の緩いテラフォーミングゲーム 作れる物を作って装備を整え少し遠出出来る位になると飢えと渇きでヤバイなんて事がなくなる位の難度で敵性生物も無し  放置ゲーのように古い物を解体して良い物にして効率を上げていくのがメインの進め方なのだがアーリーアクセス故に今はまだそれ以外の部分がなく後半になるにつれノンビリやるなら放置時間が長く、効率重視なら拠点と打ち上げ台往復してロケット打ち上げるパーターンになる  建築に関してはサンプルのように土台の上に建物を建てる利点が薄いのが残念（土台と部屋なのど接続が自動でなくズレ易い・他のマイクラ系のように地面そのものの整地が出来ない為に物が傾くが土台に置ける物が限られている等 逆にその辺りをキッチリしないと気になるタイプでなければ十分楽しめるだろう  手放しで褒められる訳ではないが値段込みで考えたら良いと言える出来ではあるかと  最後にちょっとしたアドバイスを [spoiler]初期の低地等はフォーミングが進むと湖の底に沈むから本格的な居住地は別で造るべき[/spoiler] [spoiler]湖が出来る頃に氷が解け始めるがリサイクル装置で水を分解したら何故か氷になるぞ[/spoiler] [spoiler]藻のサンプルが無い？水に浮かべる発生装置から出た藻の下から伸びてる物がある、大丈夫！宇宙服があるから水中なんて問題ないそのままダイブだ！[/spoiler],True,0,0,0.0,0,True,japanese,1651769696,1651769696
76561198837749790,594650,0,1,220900,1032,129767,1698037886,mal optimizado y muchos usuarios con hack,False,3,0,0.48,0,False,spanish,1599016391,1599016391
76561199014766069,32440,0,14,2576,0,217,1658063361,we,True,0,0,0.0,0,False,english,1657733279,1657733279
76561198077550378,550,0,41,321,0,310,1511436277,"Игра старая, забытая, переиздания не жду. Валв пофигу деньги капаю, все же 500 тугриков за это???  2009 год- 500р, 2019-600р...",False,0,0,0.45013914,0,False,russian,1506444529,1506444529
76561198259806103,380600,6,1,9049,0,9031,1608152387,GREAT GAME ,True,0,0,0.0,0,False,english,1608151408,1608151408
76561198846941824,1113000,331,12,8364,0,3210,1695404813,HOLY FUCK I CRIED BEATING THIS,True,1,0,0.52380955,0,False,english,1592975453,1592975453
76561199005058101,730,0,2,34957,0,31622,1608032483,ну хуйня но это класно чтобы ебаться в жопу а так норм,True,1,1,0.52380955,0,False,ukrainian,1606392248,1606392248
76561198046604560,377160,128,13,5164,0,4333,1611578438,需要配合mod才有意思。dlc有点坑钱。好玩。,True,0,0,0.0,0,False,schinese,1484292418,1484292418
76561198004311443,581520,753,164,385,0,385,1555582435,"Great VN, MC is pretty funny and isn't a complete idiot for once. The story was enjoyable.  sequel pls thank.  7/10",True,0,0,0.0,0,False,english,1555583375,1656225750
76561197993747074,48700,0,5,8133,0,6945,1499936731,"No matter what i do, where i am, what game is hyped at that moment; Warband is the game i end up playing... Just looking forward to Bannerlords...",True,0,0,0.0,0,False,english,1511811499,1511811499
76561198418725362,444090,0,3,19094,0,14260,1616350813,very fun game!!!,True,0,0,0.0,0,False,english,1561808528,1561808528
76561198096815731,518790,265,39,131,0,50,1507108684,Interesting game...,True,1,0,0.50248754,0,False,schinese,1498586699,1498586699
76561198050344070,717690,0,99,30,0,30,1541527138,"Was really looking forward to this game.  However, the gameplay wasn't as fun as it should have been, the resoltuion multiplier setting was removed on launch (causing terrible performance in 4K without it), and server issues and bugs are rampant.",False,0,0,0.46089384,0,False,english,1541533249,1541533249
76561199284005621,476600,0,6,405,0,342,1673257498,好！,True,0,0,0.0,0,False,schinese,1673257620,1673257620
76561197979260961,204450,270,81,23606,0,4972,1683499626,Good game but the duels just kill the fun.,True,0,0,0.52380955,2,False,english,1571354875,1651185125
76561198300939790,271590,30,7,7980,0,265,1673109580,我的win10 1909版本玩不了GTA5，回退到1903后，真香,True,0,0,0.0,0,False,schinese,1580319695,1580468593
76561198067316711,677620,0,1,9208,26,1322,1697158797,LOVE IT!,True,0,0,0.0,0,False,english,1633118924,1633118924
76561199089224205,548430,23,14,712,0,368,1691034092,rock and stone,True,0,0,0.0,0,False,english,1689392696,1689392696
76561198810469246,774171,222,26,1518,27,1490,1698300772,艹,True,0,0,0.0,0,False,schinese,1639893795,1697389623
76561198314664185,381210,42,2,45236,0,19983,1694872511,this game it is soo f*** boroken do no buy this if u rage much,False,0,0,0.0,0,False,english,1596800202,1596800202
76561198079007668,975370,0,26,35375,2194,32784,1698200768,My addiction finally got bundled onto steam so I can take it anywhere easily. Great game and the support over the years I couldn't wait to get this game and have played it a lot.,True,1,0,0.0,0,False,english,1688448132,1688526846
76561198255891163,1145360,0,19,586,0,440,1653029203,загрей сексуален летающая зеленая голова со змеями тоже,True,1,1,0.52,0,False,russian,1609268157,1609268157
76561198412384587,325610,0,1,6358,0,1695,1696178785,Esta super fino,True,0,0,0.0,0,False,spanish,1596648895,1596648895
76561198084746328,359870,116,17,1676,0,1471,1657760986,Kanser edecek mekaniklere sahip.,False,0,0,0.0,0,False,turkish,1657667133,1657667133
76561199130665261,284160,0,4,12239,81,2998,1697659647,this gajme is poggers,True,0,0,0.0,0,True,english,1654902438,1654902438
76561199085184588,977950,0,1,7202,0,5276,1691846340,j너무 재밌어요 ,True,0,0,0.0,0,False,koreana,1662542996,1662542996
76561199096498807,730,16,1,40162,442,19810,1699004952,"I played this game for 330 hours and I think I learn to play pretty well. It is a competitive game, in witch you learn to be cooperative, to play into a team and to change your mental about shooting games. Sooo...... it is a great game that I love.",True,0,0,0.0,0,False,english,1641213906,1675085417
76561197963246600,728540,194,15,13,0,13,1531580697,"Had to refund due to an issue of immediatly crashing after the little splash screen at launch. I tried re-installing the game and a few other things, to no avail. If anyone has a solution let me know.",False,0,0,0.49027148,0,True,english,1531667551,1531667551
76561198951857958,264710,0,28,5278,0,2687,1696709420,its so fun and did i say its fun (WARNING VERY VERY SCARY),True,0,0,0.0,0,False,english,1613427780,1638583781
76561197973706677,65930,0,39,1041,0,1041,1405107809,"So another XCOM Game. This time a tactical 3rd person shooter eh? Whats good: Squad managment works well Story is interesting Interesting tactical combinations (ever tried to go with 2 shield/taunt frontliners? ...works amazing Oo) Combat mechanics and feedback work quite fine The 50s style is a big plus, i like that (but thats personal taste!)  Whats bad: Its too easy... even on highest difficulty and with achievmenthunting...its still fairly easy compared to other xcom games!  The amount of free choices are quite limited throughtout the game  The ai is dumb as fuck. Sadly that counts for the enemy as well as your own troopers  :/  Its fairly short and i estimate the replay value to be quite low. There isnt much too see after u played through it once. Sure there are some choices you could do different next time...but they are scattered so thin in between all the battles that its most probably not worth it  The character devolpment is quite shallow. And i mean that by all possible points: Equipment, skills and personality   Conclusion: If you like Xcom games or  50s style / 3rd Person tactic combat : Then i'd say u are safe to buy this one :)",True,2,0,0.54442346,0,False,english,1405108477,1405108477
76561197998847238,607460,213,18,3606,0,805,1649034359,"English: This is one of the best Games that I've played this Year. It's still a Beta, but It's a honor to be one of the closed Alpha Testers :D It's a very cute Game for all Ages. The Genre is very similar to many Team Battles like TF2 or CS, but you can move everywhere in the Game, even on the ceiling xD A very good variety for your Freetime. ;-) I also like the cartoonic Graphics :D You also can earn Coins to buy new Items. I really hope, Epic Snails will be awarded in one of the next Steam Awards xP  - Dialga22239  ----------------------------------------------- German: Es ist wirklich einer der besten Spiele dieses Jahres, welches ich gespielt hatte. Es ist zwar noch 'ne Beta, aber es ist eine Ehre, einer der closed Alpha Tester zu sein :D Ein sehr süßes Spiel für alle Altersklassen. Das Genre entspricht dem Spielmodi von TF2 oder CS, aber hier kann man wirklich überall sich hinbewegen, sogar auf dem Kopf. xD Ein Spiel für zwischendurch als Abwechslung ;-) Auch die cartoonische Grafik ist sehr gelungen :D Man kann Münzen verdienen, um Gegenstände zu kaufen. Ich hoffe sehr, dass Epic Snails einen Award bei den nexten Steam Awards bekommt :D  -Dialga22239",True,2,0,0.50495046,0,True,english,1512505010,1512505010
76561198182084291,224480,0,17,391,0,253,1685072718,i like it,True,0,0,0.47619048,0,False,english,1603079583,1603079583
76561198013258358,945360,0,1,1352,0,1205,1692295006,The game itself is simple and fun. Either attempt to coercively kill all the other members of your team or work together to complete tasks and vote out imposters. Its a game of cat and mouse. I think its fun to pop in for a couple rounds and then go about your day. For the price its not a bad game and if I were the developers I would have increased the price to make sure that future development is viable.   I do have some issues with the game. There needs to be a penalty for people who leave early; it immediately harms the game because people didn't get imposter. Same with leaving mid game there needs to be some type of punishment. There is a lot of room for improvement with this game to increase the flow of the game and to make it more viable long term.,True,0,0,0.0,0,False,english,1604001302,1604001302
76561198060687652,597820,0,9,4197,0,1175,1642137609,"El juego tarda en pillar ritmo y la narración está mal planteada pero después de esto es un juego muy divertido, muy bonito artísticamente y con una buena historia con un trasfondo muy contemporáneo y profundo. Crafteo, exploración y combate correctos.  Infinidad de misiones secundarias amenas y no obligatorias la mayoría para continuar la historia principal. Tampoco os esperéis que sean las secundarias del RDRII.   El juego cumple sus objetivos. Lo que tiene, funciona bien, se ve precioso y es divertido. Quizás el precio se podría haber ajustado un poco más.",True,0,0,0.0,0,False,spanish,1622302873,1622626391
76561198890467536,1190110,143,23,30,0,19,1594613635,"Hentai Sniper: Middle East, is hands down, then up, then down, then up, then down, then up until my tiny peenie weenie creamy weamys; the best game i havbe ever played in my hole life. Its so good  -your newest weeb, lil uzi",True,13,37,0.6350967,0,False,english,1579424070,1579850514
76561199006774208,1091500,2550,6,10964,82,8108,1698180900,"[h1]Тихая жизнь или смерть в лучах славы?[/h1]  [b]Сюжет[/b]  2077 год, Найт-сити. Развитие технологий привело к тому, что люди получили практически безграничные возможности в модификации своего тела: от простой смены кожи до возможности обрести бессмертие. Однако большинство таких возможностей доступны только самым богатым и влиятельным, а обычные люди должны довольствоваться малым и умирать в нищете, пока корпораты попивают дорогое вино у себя в пентхаусе. Некоторые смирились со своей участью, но не наёмник Ви, который желает вылезти из низов и стать легендой города. Постепенно выполняя заказы от фиксеров, связующим звеном между нанимателем и исполнителем, Ви вместе со своим другом Джеки Уэллсом повышают репутацию и спустя время они получают с виду невыполнимый заказ: украсть биочип бессмертия из под носа у Арасаки, одной из самых влиятельных корпораций в Найт-сити.     [b]Геймлей[/b]  Геймплейно игра напоминает Deus Ex и Vampire: The Masquerade – Bloodlines, разработчики разрешают игроку самому выбирать как проходить задание. Хотите пробраться по-тихому в логово банды? Не беда, гляньте на ту брешь в заборе и действуйте! Захотели почувствовать себя Рэмбо? Отлично! Заходите с главного входа и убивайте всё что движется!  Также на итог заданий влияет ваш выбор в диалогах, иногда даже один ответ может прервать или запустить целую цепочку квестов. К слову, диалоги влияют на события в основном только в побочных заданиях, в то время когда концовка игры зависит от пары выборов в конце, не учитывая секретную, что не очень хорошо для ролевой игры.  Что сделано хорошо так это прокачка персонажа, тут вам предоставляется большой выбор характеристик под разный стиль игры, всего их 5: Сила, Реакция, Техника, Интеллект и Хладнокровие. Каждая характеристика содержит в себе ещё вкладки навыков, а вкладки навыков - способности. Улучшить характеристики или приобрести способности вы сможете за очки выдаваемые после повышения уровня персонажа.  Помимо уровня персонажа существует ещё репутация, которая влияет на доступ к торговцам и лучшему снаряжению.  Оружия в игре не так уж и много, но стрелять из него приятно, а вот боёвка получилась довольно кривой и оставляет желать лучшего. Главная претензия к искусственному интеллекту врагов, даже на максимальном уровне сложности они действуют довольно глупо, а в закрытых помещениях имеют строгие рамки передвижения.  [b]Графика[/b]  Удалось ли CD Project Red совершить прорыв в графике? Скорее всего нет, чем да. Выкрутив все параметры на максимум, в том числе и трассировку лучей я конечно получил картинку из 48 минутного геймплея показанного в 2018, однако ей вряд ли сейчас кого-то удивишь. Графика хороша, но не впечатляющая, улучшает ситуацию лишь рейтрейсинг, который помогает добиться более кинематографичной картинки, однако не у всех найдутся лишние средства на видеокарты с поддержкой последних технологий.  [b]Саундтрек[/b]  Саундтрек получился неоднозначным лично для меня. Большинство песен мне совсем не понравились из-за того что я предпочитаю немного другой жанр, однако из этого большинства есть и те что мне полюбились, вот некоторые из них: Never Fade Away, PonPon Shit, Who's Ready for Tomorrow. Также отдельно стоит похвалить Марцина Пшибыловича, он в очередной раз порадовал уши хорошей музыкой.  [b]Итог[/b]  В первые часы игры в Cyberpunk 2077 я планировал написать весьма положительный обзор, однако, как вы видите, этого не произошло, а все потому что игру есть за что ругать и сокрытие перед релизом от игроков всех технических проблем это довольно подло и низко со стороны разработчиков. Но, даже несмотря на весь негатив, игра получилась добротной и сделанной с душой, а это сейчас редко встречается в игровой индустрии. Да, есть дыры в сюжете, множество багов, не лучшая оптимизация и отсутствие нужных механик, но я надеюсь что CD Project Red исправят большинство проблем с патчами и покажут что у них отлично справляется со своими обязанностями не только PR-отдел, но и вся команда в целом.   [i]«Если надо убить — убивай. Если надо всё сжечь дотла... пусть горит»[/i]  https://steamcommunity.com/sharedfiles/filedetails/?id=2336498503",True,13,0,0.5889679,2,False,russian,1609776052,1609956392
76561198257890768,447530,0,1,3691,0,1815,1688270577,"Un juego extremadamente bueno, que hará a quien lo juegue sentirse parte de la vida de los carismáticos personajes, con una atmósfera relajada y un gameplay fácil de entender, quien lo juegue sentirá calor en su corazón y le harán pensar que vale cada centavo que gaste en un su compra.",True,0,0,0.0,0,False,spanish,1672420824,1672420824
76561198091127811,1086940,0,19,19001,1014,283,1698795856,摇骰子大王就是我,True,0,0,0.0,0,True,schinese,1602163813,1602163813
76561198238892070,1580790,239,103,6983,350,3400,1698465512,不推荐那！阉割得比太监还太监！,False,0,0,0.0,0,False,schinese,1630079252,1630079252
76561198243908172,1023570,1134,245,71,0,71,1551265745,"[h1]My Rating[/h1] 7/10  [h1]Positives[/h1] + For achievement hunters like me(20 Achievements) + quick gameplay learning   [h1]Negatives[/h1] - bad soundtracks - bad puzzles   [h1]Story/Content[/h1] Just sweed<3  [h1]Helpfull[/h1] I only bought the game to test it and I  found it fun for the little money.  First of all, this game is just a buy recommendation for  people who have no problem spending money on games  just to grind the achievements.",True,0,0,0.44862288,0,False,german,1551265806,1613838168
76561198043570632,976730,0,8,19639,0,3339,1678610795,"Remember Xfire? Then seeing that weird little pop-up in the corner? Then Custom Edition came out? Then the flash videos when Halo 2 came out? Fast forward to Halo 3 on the xbox 360? I remember Christmases spent in the basement of a split-level home, chilled from the snow outside pressed to the half window while I spend the entire day clearing out Foundry... Now it's all back! With bugs! Horrible, horrible achievement bugs that bite and gnaw at your limbs, but you don't care, because you can remember the feeling of playing these games with your friends just like yesterday...",True,1,0,0.52380955,0,False,english,1587800829,1587800829
76561198013235491,1374300,0,20,0,0,0,0,"WARNING: THIS DLC IS BUGGED.   The blood flicker and glitches as soon as other effects happen on top of it, which make this mod useless since it is mostly for visuals.  I will change to positive when they fix it.",False,5,0,0.539945,0,False,english,1661807009,1661807009
76561198255525305,714010,23,4,468,0,179,1588161717,"Ohne Spaß wenn man das hier jeden Tag für 10 Minuten macht dann kann man im aiming wirklich besser werden.   Auch wie das Menü aussieht ist richtig krass ihr könnt Sniper Aim lernen,Tracking usw.   wäre geil wenn die Entwickler daran weiterarbeiten.  Nice xD",True,1,0,0.0,0,True,german,1552241324,1552241324
76561198131474557,15170,0,3,2516,0,669,1619879461,.........,True,0,1,0.0,0,False,russian,1480080515,1480080515
76561199093673223,322170,0,4,2142,0,1783,1696283335,d,True,0,0,0.0,0,False,english,1687509196,1687509196
76561198280759254,431730,498,8,48313,0,2148,1690214752,Ein richtig gutes Programm um zu Pixeln und genauso auch um Pixel-Animationen zu machen. Kann auch verwendet werden um Bilden den letzten Feinschliff zu verpassen. Empfehle ich auf jeden Fall weiter!,True,0,0,0.0,0,False,german,1536957825,1599505576
76561198077497430,1361510,0,4,25,0,17,1655701657,Classic beat-em-up.  Feels and plays exactly as you would hope it to. I love it,True,0,0,0.0,0,False,english,1655444384,1655444384
76561198024081874,1483870,0,34,1566,0,1483,1666499562,不知道玩什么的时候，呵呵呵笑一下歪掉的人，大家调侃下，挺舒服的。,True,0,0,0.0,0,False,schinese,1629306332,1629306332
76561198423800574,578080,17,1,90401,64,55712,1697809870,dkd,True,0,0,0.0,0,False,koreana,1580039417,1580039417
76561199013655991,945360,0,11,823,0,581,1680391968,:),True,0,0,0.0,0,False,english,1661279403,1661279403
76561198976485289,578080,1,1,96172,0,75553,1649898624,8月19号更新半天都没更新好 啥玩意,False,0,0,0.47619048,0,False,schinese,1597836776,1597836776
76561198004748840,271590,180,4,6277,0,6277,1611148395,"Just to note that I actually love the story with this game. I only played years later after the actual release of the game because of how interesting the story is with these badass crooks of Los Santos. Hence, I would always recommend this game to anyone who wants to just play the game for the story missions and get to know these different characters and understand what their motives and goals are. It really is a story about pain, just so much pain, with a whole lot of humour just camouflaging the whole entire thing. Anyway, I honestly love the story part of the game but uh I would never recommend anyone opening a GTO account. It is annoying to even play and requires a lot of time to grind. If you want, you can probably try FiveM but to be really honest, I either didn’t enjoy the servers that I am in at that time because the people that I RP with just either want to run me over or shoot me on sight, or the loading times are sometimes too damn long. Your mileage may vary of course since it’s just based on my experiences as I haven’t provided context on what actually happened to make me have this bad of an experience, but you can always reach out to other players who would probably say the same thing for GTO. Either way, I will definitely play GTA V again and again because of how addictive the story of the game is.",True,0,0,0.0,0,False,english,1633879455,1633879455
76561199347204899,648800,0,4,739,0,735,1694272528,çok iyi oyun alın ve götünüze sokun,True,0,0,0.0,0,False,turkish,1689691712,1689691712
76561198118080698,633251,23,1,28,0,28,1497708280,Echt gut!,True,0,0,0.0,1,False,bulgarian,1497708430,1497708430
76561199264482934,730,4,1,41204,1,37543,1698074479,крутой оптимизированый шутер,True,0,0,0.0,0,False,russian,1682667205,1682667205
76561198442544046,578080,1,1,198166,0,151432,1644839034,1616231,True,0,0,0.0,0,False,schinese,1572952352,1572952352
76561199040100399,1172470,20,6,5639,0,530,1677361887,балдёж  ,True,0,0,0.0,0,False,russian,1646595258,1646595258
76561198202515620,1438100,94,1,204,0,204,1609239816,"I can't stop, someone help me, why can't I stop?",True,1,1,0.48672566,0,False,english,1609239973,1609239973
76561197984747936,554310,0,76,61,0,61,1570886917,_ G O T Y _    forever.,True,2,1,0.52380955,0,False,spanish,1571369557,1571369557
76561199092594852,242760,48,23,540,0,338,1667959547,Oyun Çok İyi R E L İ Z İ M,True,0,0,0.0,0,False,turkish,1667947306,1667947306
76561198322693742,255710,0,2,1127,0,933,1680659350,"4/5 rating n my opinion. This game is a amazing city builder with lots of potential. Only downside to this game is that the traffic is kinda dumb but other than that the game is pretty good. Yes I got this game for free but i bought it on PlayStation. Also don't buy the console addition because you cant add mods that are almost essential to get past 100,000.",True,0,0,0.0,0,False,english,1680468114,1680468114
76561198121934406,903950,0,14,42838,0,23228,1688046920,É um jogo de sobrevivencia muito bom. A cada season fica mais dificil sobreviver e mais divertido...,True,0,0,0.47619048,0,True,brazilian,1661688899,1661688899
76561198086219361,235800,133,2,157,0,148,1620562526,very fun,True,0,0,0.0,0,False,english,1562263516,1562263516
76561197984181544,945360,587,7,475,0,475,1609554304,"Dear Green,  You're the worst. I didn't kill anyone and I never lied to you. In fact, I defended you! Still, you told everyone I was the imposter. I tried to defend myself but no one would listen! I told you I was in med bay getting scanned and if memory serves me right, even asked for someone to watch me. Doesn't matter though does it, BRADLEY! With you're little pilot costume, running around thinking you own the ship!? It disgusted me how you turned everyone against me, one by one using completely illogical reasoning. Still, they ate your little lies like a fat boy eating cake!  I'll never forgive you.   - Blue",True,1,1,0.52380955,0,False,english,1617606258,1617606258
76561198839477027,252950,24,25,43725,0,262,1695486271,ФУТБОЛЬЧИК,True,0,0,0.4838203,1,False,russian,1600609396,1600609396
76561199075722941,388410,213,164,335,0,59,1682876924,Я любитель подобных жанров игр,True,3,0,0.52380955,0,False,russian,1682119155,1682119155
76561198089288791,49520,0,4,6752,0,2653,1397424902,Great game with lot of hour of play,True,0,0,0.0,0,False,english,1392061411,1392061411
76561198028513039,519860,669,176,745,0,672,1680319089,Blood,True,0,0,0.0,0,False,english,1572810789,1572810789
76561198934066998,381210,24,6,17800,0,3276,1656157779,good game! hahahahahahahahahahahahahahahahahahahahahahahahahahahahahahahaha lol https://tenor.com/view/bingus-bingus-staring-cute-baby-bingus-gif-19148073,True,0,1,0.0,0,False,english,1607945335,1607945335
76561199027467607,1097150,0,1,299,0,213,1601473515,好玩,True,0,0,0.0,0,False,schinese,1598252139,1598252139
76561198081318908,602750,0,1,0,0,0,0,Testez le ne jugez pas !,True,0,0,0.0,0,False,french,1498750879,1498750879
76561198346666266,249230,326,56,254,0,117,1679084362,"Jugado en la Steam Deck.  Va a la perfección salvo que hay que configurar manualmente los controles.   Los anteriores Risen daban algunos problemillas con las Sombras, este parece que todo perfecto.",True,0,0,0.0,0,False,spanish,1678574253,1678574253
76561198347851758,333600,0,17,269,0,269,1546745027,巧克力真可爱。明日香之后对香子兰这种3无属性完全无感。,True,0,0,0.0,0,False,schinese,1546756369,1546756369
76561198104757836,346010,177,6,692,0,427,1696365409,Really interesting and dynamic as there is extremely complex thing to build but also concepts most people can understand which makes its enjoyable for all!,True,2,0,0.5052084,0,True,english,1451091263,1451091263
76561198123700759,105600,0,17,30632,4365,6762,1698736362,Very fun to play and has so much to offer. I love this game and I reccomend this as one of the best games on steam. 10/10,True,0,0,0.0,0,False,english,1503205859,1503205859
76561199084573984,552100,0,6,280,0,186,1634338288,is cool,True,0,0,0.0,0,True,english,1634264026,1634264026
76561198409088836,1213740,62,2,946,0,328,1675328632,跑步动作有点僵硬，一款刷刷刷游戏，总体来说还可以，希望能多加几位Succubus，多添点家园家具互动（监狱）~~~~~~~把“惩戒”体现出来 :p,True,1,0,0.0,0,True,schinese,1625335662,1625335662
76561198982023416,1035760,0,2,217,0,209,1687453855,救命喔 搭貓頭鷹到了棱鏡高原遇到惡性Bug 人物整個消失了,False,0,0,0.0,0,True,tchinese,1687453722,1687453722
76561198797508254,1794680,0,1,702,0,343,1695944932,ótimo jogo,True,0,0,0.0,0,True,brazilian,1644445060,1644445060
76561198059157274,244850,0,4,1750,0,407,1642715352,Impresionante la última actualización de Space Engineers,True,0,0,0.0,0,True,spanish,1448055534,1448055534
76561198114844531,201810,0,1,1345,0,1005,1569344327,if you like shooting nazies you should try this game,True,0,0,0.0,0,False,english,1480001333,1480001333
76561199131565202,1245620,0,2,6951,961,327,1698617630,"I keep playing expecting it to be fun. Or even just to feel anything. It's not fun exsactly, it envokes a feeling of anger and dread that won't be cleanched untill you've compleated your task. And there are infinet tasks. But once that something is done, you will feel the most amount of fealing there is to feel. 9/10. controles act up a bit when i have other things open. not the games fault, Im just a prick",True,0,0,0.0,0,False,norwegian,1681237251,1681237251
76561198292023799,4000,0,2,23765,0,15945,1653665170,меня выебали в очко класс,True,0,0,0.0,0,False,russian,1625921985,1625921985
76561198360815024,397340,20,6,5603,75,1143,1698838633,好玩,True,0,0,0.0,0,False,schinese,1575973190,1575973190
76561198391965737,252490,57,7,14996,0,2394,1691532124,Top game,True,0,0,0.0,0,False,dutch,1630609645,1630609645
76561198305513126,1289310,27,3,156,0,156,1623942566,"Lovely art, somewhat challenging, pretty demon girls. What more could you want?",True,0,2,0.0,0,False,english,1623943118,1623943118
76561198121163146,1245620,6,1,4592,0,3068,1676024658,用了猎犬步伐  说我作弊 还给我ban了  别买,False,0,0,0.47619048,0,False,schinese,1646919614,1646919614
76561198064997265,105600,0,1,9406,0,6533,1642037978,"it's fun and has a lot of content, mods are also super fun and online is really cool too",True,0,0,0.0,0,False,english,1584053223,1584053223
76561198380043755,1115050,0,3,9516,0,219,1655310400,"This game is incredibly fun! Squid's lines are hilarious. The game is a rage game, but I'm still able to enjoy it with the automatic difficulty changing. This game feels incredibly polished. A simple idea perfectly delivered.",True,0,0,0.0,0,False,english,1648938435,1648938435
76561198439477741,578080,1,1,19022,0,383,1552118553,配置需求很高，一般家庭电脑的PC根本无法运行此类游戏，建议官方进行游戏深度优化！,True,0,0,0.47619048,0,True,schinese,1509540222,1509540222
76561198001492899,662350,0,70,0,0,0,0,"It is meh, but ok to get in the deluxe edition.  More crowded citadels, a bit of new AC history (cheesy though), unnecessarily mountaineered terrain (which makes predator bow more functional) and not so good puzzles/walks with characters/simplistic objectives.",False,0,0,0.0,0,False,english,1636162880,1636162880
76561199000444597,730,1,1,66030,0,1511,1694959379,"Крутая игра, мне очень нравиться играть в эту игру особенно за терористов, но бывает и много читеров мне это не нарвиться так играть не очень, но в целом играть зашибительная!",True,1,0,0.52380955,0,False,russian,1572870132,1572870132
76561197984899141,948680,0,118,0,0,0,0,I almost lost my house in the settlement. Luckily my meat dropped the domestic abuse charges.,True,19,39,0.66049904,0,False,english,1552521187,1552521187
76561198354311113,365670,26,2,13281,0,3901,1695946868,просто удобно доступно многофункционально ,True,0,0,0.45547447,0,False,russian,1616346934,1616346934
76561199043581359,550,0,3,13598,0,2226,1646249456,esta bueno pero ay algo que le esta pasando ami left 4 dead 2 cuando me meto y psan 7 segundos el juego se me sale y quiero saber por que pasa eso??,True,1,0,0.52380955,0,False,spanish,1587158655,1587158655
76561198007532401,274520,284,2,917,0,318,1600739833,"Just a lovely game all around. It's relatively slow paced, but you need to be very careful as you proceed and find enemies. I've only been in the first area, and it's hooked me through Day 5. Looking forward to continuing.",True,0,0,0.0,0,False,english,1599566721,1599566721
76561198943725369,8980,0,8,2433,0,1229,1562395085,"I owned Borderlands when it first came out, and now got it on a special pre: Borderlands 3. Nice to play through again, Maps are interesting and it now has a great nostalgia feeling. Just as an important note: if you get this, and get the enhanced edition of the same game - you can import your character to the enhanced, which ports some achievements but not all - so if you are a completionist you will be doing some achievements in both games. This could take a long time if you plan on multiple playthroughs.",True,0,0,0.0,0,False,english,1559287889,1559287889
76561198136031406,752590,351,109,608,0,608,1674003232,"Comprei e comecei a jogar sem muitas expectativas, porem fui surpreendido, não imaginava a tamanha qualidade desse jogo, Historia, trilha sonora, gráficos e gameplay incríveis. Pra mim se tornou uma surpreendente obra prima, que termina já dando vontade de jogar a sequência.",True,0,0,0.0,0,False,brazilian,1673922864,1673922864
76561199169530717,1449850,0,6,2556,0,823,1683767891,amazing game but add some more cosmetics add cards,True,0,0,0.0,0,False,english,1643577533,1643577533
76561198414400529,1091500,25,9,12994,0,2092,1667908243,好,True,0,0,0.0,0,False,schinese,1608262287,1608262287
76561198383861838,252950,835,1,204824,259,72153,1698566734,Re piolo,True,2,0,0.5314798,0,False,spanish,1507856379,1542946252
76561198111261958,39150,36,2,5853,0,2248,1545255040,O melhor jogo de Playstation 1 que joguei.,True,2,0,0.51403886,0,False,brazilian,1389043693,1389043693
76561198074202651,4000,44,5,18857,0,17816,1652744620,get,True,1,0,0.52380955,0,False,english,1622764376,1622764376
76561198151547206,230410,0,6,124879,0,102488,1687958228,Play it do it now,True,0,0,0.0,0,False,english,1587927551,1587927551
76561198057380739,367520,0,16,5020,0,3618,1664448994,Amazing game and metroidvania.,True,0,0,0.0,0,False,english,1612043746,1612043746
76561198837818870,1649730,0,5,4831,0,2480,1670347345,这是一个微信小程序里很多挂机刷数值的小游戏的修改版（套了个修仙的外壳）。 这是一个玩起来很孤单的游戏（开了门派，但是其他电脑门派只是一段数据，你唯一能互动的只有攻打他，他不会反击，不会主动攻击，也不会有任何日常行为，从一开始到被你打下来，就一直是那样）。 这是一个玩起来比较枯燥的游戏（每个境界无脑学修炼速度的书籍，在突破大境界的时候把加攻击与防御的技能书学一下，没有空位了就把低级技能书删除了，然后花1分钟挑战、5分钟打一下秘境弄个等级高的突破宝才，一品就很简单了）。 这是一个修改存档数据特别流行的游戏，甚至于你百度搜索一下，10来块玩的游戏，10分钟就数值通关了（因为这个游戏完全没有任何主线剧情、直线剧情，没有任何NPC跟你互动，你没有好友、敌人、父母、伴侣）。 其他的，目前没有看到任何亮点。 最无语的是那个跟随时间进度流失的寿命，也就开篇3分钟让你有点懵逼，玩上10分钟，这个设定就完全无用了。 最搞笑的是宗门你招募的精英弟子，只能在宗门里增加一下宗门各个岗位的属性或者出去资源点从左走到右全自动捡材料，其他的就没什么用了，连出去打架他都只能增加点属性。 最沙币的是宗门里的渡劫塔，基础的时候每次只有1个人上去渡劫，动画时长是1秒钟以上，要修建一个阵法核心，每十级才加1个位置，也就是同时才能有2个人上去被雷劈。  按照目前这种状况，大家还不如去魔兽争霸里面玩带存档的RPG地图，毕竟那样的更精彩。,False,9,1,0.578704,0,True,schinese,1659252103,1659252526
76561198108090004,381210,32,3,31303,0,9671,1681725114,"Еб**ал вашу игру со своими багами, в патчах якобы фиксят баги, нет баги не фиксят, если первый раз не попадешь скилл чеком на осколке, то второй раз он не будет работать. А про баги типо трапер с бинзопилой вообще молчу, или спавн маньяк от 2-ух метров от сёрва. Незнаю классная игра, но очень очень многог багов, из-за этого нехчоется в нёё играть, х*йня е**ливая",False,2,0,0.47619048,0,False,russian,1483291910,1483291910
76561198079749040,646570,292,51,10156,0,2814,1695447077,Card game slash slash,True,0,0,0.0,0,False,english,1625560813,1625560813
76561198449216319,274520,0,2,1613,0,132,1695910024,这款游戏里的世界观如果你理解到一定程度会发现不是恐怖那么简单简直是诡异至极，一开始主角是一个人，但是到最后主角自己已经不能叫做人了只能称之为一种生物，他面对的东西包括事物已经超出了我们可以理解的范畴，单纯说游戏里边的东西你很小的选择到最后都会呈现出不同的结果，但是后来发现另一个恐怖的结局，把床搬开发现自己家的下边就是地狱，我在想为什么一定要追根溯源查询真相呢，在梦里消逝我认为是最好的结局，那个带面罩一直帮助我的陌生人，最后脑袋被人拿下来，死之前贴上一个骗子，我一直在想他为什么是骗子，其实玩到最后你们应该已经发现了答案...,True,0,0,0.0,0,False,schinese,1659000330,1659000330
76561199081075837,1191630,215,9,6,0,6,1689459753,"controller klavyeye göre yapılmamış, değiştiremiyosunda. oynamayı çok istiyodum ama oynatmıyor eğer controlleriniz yoksa boşuna almayın",False,0,0,0.0,0,False,turkish,1689459862,1689459862
76561198053173319,220200,0,2,5376,0,2933,1641849923,the best,True,0,0,0.0,0,True,english,1399517712,1399517712
76561199021960995,601220,26,6,665,0,36,1678996214,Такая себе взял из-за достижений 🐒,True,0,0,0.0,0,False,russian,1606752873,1606752873
76561198878402796,271590,4,1,6223,0,1351,1677182525,I like this game so much thank you creators,True,0,0,0.0,0,False,english,1604854615,1604854615
76561198165889215,227300,63,7,37770,0,6373,1695603398,muito bom,True,0,0,0.0,0,False,brazilian,1451864919,1451864919
76561199491084917,1938090,0,1,9489,80,5912,1698131850,love this game for ever,True,0,0,0.0,0,False,english,1683933297,1683933297
76561199100135883,386180,0,6,1352,94,395,1697636190,< ,True,0,0,0.0,0,False,russian,1646566226,1646566226
76561198099447290,460790,581,108,498,0,498,1529967071,"Yeah, it good",True,0,0,0.0,0,False,english,1571174622,1571174622
76561198344398325,1240440,0,5,4395,0,3745,1688741931,Amazing addition to the Halo Franchise! Campaign and Multiplayer rocks! There's a lot of empty space on the campaign map though? Maybe a DLC???,True,0,0,0.0,0,False,english,1640760448,1640760448
76561198201150671,1341930,6497,300,72,0,72,1602361874,"Если кратко, то это Симулятор Панина :) А если чуть более развёрнуто, то играть приятно. Плавная анимация, кусочки пазла надёжно встают на свои места (если их поставить на правильное место), музыка хорошая... Из минусов: местами головы собак ну совсем не подходят к телам (нарисованы негармонично), и из 40 картинок только 2 меня приятно порадовали :) 9 Паниных из 10",True,2,0,0.5255748,0,False,russian,1602362046,1602362046
76561198035752813,244450,388,126,4725,0,2271,1693548273,"""This is an amazing sequel to an amazing game. While it adds very little in the way of new units, the new maps and refined HUD are great additions. The new scenarios are fun and well thought-out, and help focus on the use of tactics besides """"kill everything."""" I'd have to say that this is one of the best games you'll find in the RTS or WWII genre.""",True,14,3,0.5794517,1,False,english,1416619267,1416619267
76561199113133418,1085660,0,5,4742,0,1178,1680355101,Nice Game,True,0,0,0.0,0,False,german,1645551376,1645551376
76561198076445856,361420,477,12,1156,0,313,1670429591,[h1] 提点建议	[/h1] 一款不错的游戏，就是希望可以多加点载具和原矿，另外，多修复一些鬼畜的BUG，比如飞船在太空没燃料了，可以让有燃料的飞船加快速度追上，对接，补充燃料，地面上的石头少点QAQ，车子一路卡住，小型风力发电的那个插在设备上有风了也不转（可能是风不够吧），氧气罐用了一段时间不能存氧气了= =站在地上在自己脚下加土容易卡到土里去= =还有就是为啥不弄弄关于地心引力的设定= =不管多大的星球，引力都一样QAQ，差不多了（暂时想到的） 最后，祝官方游戏越做越好QWQ    （纯属个人观点，鄙人知识浅薄，不喜勿喷，谢谢QWQ）,True,0,1,0.0,0,True,schinese,1483160579,1483160579
76561197980156615,1282100,437,21,6125,146,2203,1698437619,Amazing game with horrible performance optimization (don't even try to run it on Steam Deck or ROG Ally unless you like playing games with blurry graphics and 20 FPS).,True,0,0,0.0,0,False,english,1690526979,1690526979
76561198066889288,274190,0,106,5580,0,3615,1564667382,Broforce compiles the American spirit and creates a game out of it. A 2D shooter you have to stop terrorists and aliens from taking over the world. With your armada of 80's action movie hero's you shoot your way through terrorists to reach your end goal of killing the Devil himself. Broforce also has a good (slightly dark) sense of humor to it making you laugh your ass off while going on a terrorist killing-spree. If you like being American and saving the world from terrorist scum then this game is for you.,True,0,1,0.0,0,False,english,1436325060,1450817551
76561199106453569,518790,0,1,783,0,204,1625621886,慢热型游戏，需要主动学习一些游戏知识，适合有时间的兄弟们玩，没耐心的兄弟建议别入手，没什么游戏体验。,True,0,0,0.0,0,False,schinese,1624447952,1624447952
76561198355642756,274520,164,3,3917,0,1897,1601529579,捡垃圾使我快乐,True,3,2,0.5117541,0,False,schinese,1576029980,1576029980
76561198061635258,268650,0,5,26117,91,11188,1697926615,Boat Game Good,True,0,0,0.0,0,False,english,1690659080,1690659080
76561199078097585,1293830,31,5,406,0,180,1690574660,güzel,True,0,0,0.0,0,False,turkish,1689361964,1689361964
76561198028598941,218230,244,6,12325,0,12308,1631570858,Juego tipo MMO idoneo para divertise durante muchas horas con los amigos.,True,1,0,0.52586204,0,False,spanish,1631115664,1631115664
76561197971836812,381210,1229,6,29350,0,26944,1696199316,"Usually I am not a fan of multiplayer games/ But this game has something that makes me always come back. Despite its eternal balancing problems, core gameplay is very fun and is somethimg no other game can offer.",True,1,0,0.5210057,0,False,english,1669447431,1669447431
76561198052827579,629760,0,34,2100,0,1634,1657343678,"I put on angry music and brutally murder people in Mordhau to relieve the biological urge for competition, war, and violence. Good game.   Very high skill cap, but it solved some of the issues that Chivalry suffered from.",True,0,0,0.0,0,False,english,1614203378,1614203378
76561198363448210,386180,18,8,136593,3404,26562,1698319481,Doskonała gra 0 grindu,True,0,2,0.0,0,False,polish,1571033752,1571033752
76561199161281937,389730,28,7,64,0,55,1681935482,W,True,0,0,0.0,0,False,english,1681921054,1681921054
76561198878019459,108600,21,9,16979,213,496,1697741517,"Если хотите долго выживать, то вот совет! Делайте так, как бы вы сделали в реальности.",True,6,0,0.517048,0,True,russian,1599541320,1657132956
76561198883191048,444200,20,3,2165,0,353,1689403340,.,True,0,0,0.0,0,False,russian,1654762704,1654762704
76561198178247742,707010,65,11,6548,0,2985,1693055873,дождь в этой игре 10/10,True,0,0,0.0,0,True,russian,1585127996,1585127996
76561198139711225,203160,0,5,1345,0,1253,1412825595,후속작이 나와봐야 알것같다,True,0,0,0.0,0,False,koreana,1407210496,1407210496
76561198153187320,107410,0,3,82035,0,28849,1685008819,"I highly recommend this to anyone who is interested to something that is more, much more, than just a First Person Shooter. This is a masterpiece of a military simulator, and I cannot see a day that I will not enjoy playing it, except for the release date of Arma 4.",True,0,0,0.0,0,False,english,1561850806,1593322586
76561198008107842,411370,0,895,204,0,204,1594221279,님들 월희애니 나와요,True,4,0,0.5479452,3,False,koreana,1610460589,1610460589
76561198867626858,431960,106,9,1231,0,950,1690046200,壁纸确实很多（,True,0,0,0.0,0,False,schinese,1615077682,1615077682
76561198041439851,10680,460,84,417,0,217,1605562327,Surprisingly fun game but unfortunately it has a lot of problems running. I had pretty regular crashes trying to run the game at the highest settings but changing all settings to off or the lowest made the crashes way less frequent.,False,5,0,0.5271097,0,False,english,1588177647,1605498436
76561199054140497,108600,90,17,1851,124,567,1697968146,It's so badly nightmare-ish and a sense of terraria levels of wiki browsing that I like it. Very cool game you can drink bleach.,True,0,0,0.0,0,True,english,1653303629,1653303629
76561198331892125,714010,0,8,723,0,723,1666968706,yes,True,0,0,0.0,0,True,english,1631064698,1696789072
76561198103471063,252490,52,3,54090,0,16764,1692885278,Epic game :D... no davvero troppo bello anche per essere un gioco completo...invece e solo ALPHA! mi aspetto molto dai creatori e dal gioco :D Se volete entrare nel mio clan aggiungietemi agli amici do subito set kevlar e m4 ( hai piu esperti :D),True,1,0,0.52380955,0,True,italian,1394285383,1397912410
76561198242105628,2124930,69,4,363,0,204,1690085664,"""YES GUMBALL RUN WOOHOO!   DIFFERENT MAPS?    YES!!!!!  EPIC COSMETICS???    UMMMMM YES!!!!!  LOOT BOXES? I THINK YES   DON""""T FORGET A LEADERBOARD                                 GUM BALL RUN   YESSSSSSSSSSSSSSSS YES YES YES! GIVE ME IT NOW!!! GRRRRRRRRRRRRRR RRR GUMBALLS IN MY VEINS AND MY HOUSE  anyways yeah it's pretty much """"fun"""" (gumball run)""",True,0,0,0.0,1,True,english,1675618301,1675644828
76561198428511157,252950,229,1,59755,0,10460,1695156675,gpkfsdjgü*wosğ prfts mpğrfew,True,0,0,0.0,0,False,turkish,1550934996,1550934996
76561199064773364,1180320,7,1,10,0,10,1640951886,"Good,孩子很喜欢. 三国名将，免费突破. 公平竞技、实力至上.",False,1,0,0.5038168,0,False,schinese,1640952055,1640952055
76561198215525027,322170,0,3,3801,2,2616,1698290786,El mejor juego de ritmo pero le falta actualización para mas variedad.,True,0,0,0.0,0,False,spanish,1675295831,1675295831
76561198070655970,271590,0,11,26485,0,10076,1696612414,great with friends,True,0,0,0.0,0,False,english,1577946586,1577946586
76561198149555762,364360,186,13,1122,0,691,1555708806,"""- Total War ın en iyi oyunlarından biri. Total War serisinin en fazla tartışmaya yol açan oyununu olan Total War™: WARHAMMER® ilk izlenimlerime göre seriye farklı bir bakış açısı katmış. Serinin fanları  arasında büyük bir ayrılığa yol açan bu oyun """"Oyunu beğenenler (Benimde içinde olduğum) ve beğenmeyenler olarak ikiye ayrıldı. Şİmdi dilerseniz oyunun inclemesine geçelim: OYNANABİLİRLİK 6/10 Optimizasyon sıkıntısı bulunan bu oyun (GTX 980 ile test edildi) şimdilik oynanabilirlik kısmından geçer not aldı. HİKAYE 8/10 Hikayesi WARHAMMER Fantasy dünyasına uygun bir şekilde tasarlanmış benim gayet hoşuma gitti. KARAKTER SINIFLARI 10/10 Sınıflar çok uygun bir şekilde tasarlanmış.Cüceler ve insan modelleri birbirine benzerlik göstersede hepsinde farklılıklar bulunmakta. GRAFİKLER 7/10 Oyunun grafikleri strateji oyunlarından beklenebilecek düzeyde fakat daha iyileride var. TÜRKÇE DİL SEÇENEĞİ 10/10 Diagloglar mükkemmel bir biçimde çevrilmiş özellikle orkların konuşmalatının (GODOLUM vb) çevrilmesi hoşuma giden kısım oldu. Sonuç olarak Total War serisinin tartışmasız en iyi oyunlarından biri karşımızda duruyor. İyi Oyunlar...""",True,2,0,0.54545456,0,False,turkish,1464112852,1464112852
76561198056251305,218620,1102,74,52058,0,33784,1586625825,"como uma pessoa que faz muito sexo o tempo todo, posso dizer que este jogo é 100% preciso em ser parecido com fazer sexo com mulheres sensuais. como eu faço. todo dia. este jogo não me deixou com tesão no entanto. eu não sou gay. Eu apenas faço muito sexo com mulheres reais para passar mais de 15 minutos neste jogo. por outro lado, eu recomendaria este jogo para pessoas que não fazem sexo (ao contrário de mim, porque eu faço muito sexo com mulheres), pois há uma mulher nua nele e ela está nua. ela meio que se parece com uma das minhas muitas namoradas com quem faço muito sexo. eu tenho muito sexo. Eu também sou muito bonito e as mulheres SEMPRE querem fazer sexo comigo porque sou muito musculoso e bonito e muito bom em videogames. todas as minhas amigas dizem que sou muito bom em sexo, em jogar videogame e em ser bonito. uma das minhas amigas me pediu para fazer sexo com ela, mas eu disse a ela que estava jogando um jogo sexual, então ela começou a chorar e se tornou lésbica e se matou porque eu não fiz sexo com ela. Eu faço sexo com mulheres. não homens. eu não sou gay. eu sou muito legal e bonito, então as garotas sempre fazem sexo comigo porque eu sou muito legal e sexy. meu pênis é muito grande. todas as minhas namoradas gostam do meu pênis porque é muito grande e eu sou muito bom em sexo com minhas mulheres. toda mulher com quem fiz sexo é muito sexy e eu também. eu tenho muito sexo. Eu também sou muito bonito e sexy e faço muito sexo.",True,2,0,0.5221893,0,False,brazilian,1379699359,1690178022
76561198854564138,745920,18,1,5590,0,3885,1696391425,una buena opcion de probar otros juegos parecidos a pokemon,True,0,0,0.0,0,False,spanish,1689445596,1689445596
76561198425399020,739630,39,5,3441,0,2094,1689800953,"absolutely terrifying to start, gets a bit bland when ur good but with more maps equals more fun would recomend",True,0,0,0.0,0,True,english,1635542507,1635542507
76561198850045964,359550,60,5,122116,387,30927,1698330348,我到现在都没玩明白这游戏,True,0,0,0.0,0,False,schinese,1576915308,1599280293
76561197993909485,1551360,0,22,5522,42,4904,1697247534,"Great game, would recommend",True,0,0,0.0,0,False,english,1682020036,1682020036
76561198429791065,1948280,270,2,229,0,218,1671986105,Классненько,True,0,0,0.0,0,False,russian,1669282942,1669282942
76561199186690626,1118200,0,1,29371,0,1128,1690529745,i love it ,True,0,0,0.0,0,False,english,1626591321,1626591321
76561198085021994,1088850,0,17,1605,0,61,1640517051,아니 이럴거면 수동저장 왜 넣었는 지 모르겠다 수동저장해도 최근 체크포인트 부분만 저장됨  +번역 대충했는데 게임 자체는 재밌음,False,1,0,0.5,0,False,koreana,1639233492,1639909116
76561198127195552,359550,75,3,517,0,517,1460911785,malisimo,False,0,0,0.0,0,False,spanish,1670206802,1670206802
76561197988699272,42680,0,2,1986,0,92,1446760784,Beste Game ever :D,True,4,1,0.49722221,0,False,german,1397487104,1397487104
76561198096401371,292030,0,6,9623,0,4497,1686863569,ONE OF THE BEST GAMES EVER MADE,True,0,0,0.0,0,False,brazilian,1532534404,1532534404
76561199079317464,1703340,295,142,432,0,432,1682748170,（个人）9.99分，就像史丹利没有结尾，我不是很想打满分，总感觉还差了一点，但确实我也 想不到如何更好了。 OK直接进入正题，史丹利豪华版究竟是什么，它不是2，不是3，甚至扒开初代的内容它不是史丹利的寓言。争论的核心在于许多人觉得新增内容更多是作者的自怨自艾而不是游戏本身。于我而言，史丹利，是游戏更是史丹利，就像魔方是玩具但是人们很少将它和其它玩具混为一谈。如果十年前的史丹利是三阶魔方，人们对于横空出世的“续作”的期待是什么，是四阶?是花式?不，不需要了，如果史丹利是制作者独创的心血，那么续作仅仅是对一代的模仿和延伸，在我眼里，豪华版并不是传统意义上的续作，而是作者的表达，作者对自己的“魔方”的拆解。一个“桶”与更多想法，这就是作者自己所需要的全部。 初代的史丹利放在如今依旧惊艳，但已经不至于让我如此惊讶，毕竟时代有差，它的内容量也是有限，也不会有这么特殊的评价。每个人的想法不能说不同，只能说毫不相干，作者有作者的哲学，所有玩家内心也有哲学，没有谁优谁劣，没有孰是孰非，就像史丹利豪华版，可以接受，可以不接受，这仅仅是个取向，是个选择。就如史丹利没有真正意义上的结局，只有不同的选择。 我有时在想，没有物理意义上无限的游戏，史丹利即使没有一个完美的结局也会被删除，那么对于史丹利豪华版到底算什么的争论，是不是使史丹利的寓言变相没有真正的结尾，毕竟它是游戏，也可以不是游戏。,True,0,1,0.0,0,False,schinese,1682789922,1694833027
76561198079307496,359550,0,8,14346,0,7593,1621553384,"very cool and epic, i like",True,1,0,0.47619048,0,False,english,1574380289,1574380289
76561198113155570,733740,187,13,220,0,210,1571180252,"""one of the funniest pc gaming experiences ive had on steam. sakura cupid has blown my expectations away with its blatant only-made-for-sex-appeal writting, extremely lazy dialogue, and characters. there is a text to speech voice thing in the game that read """"mm"""" as """"millimeters"""" and it was the hardest laugh of the year yet.   10/10 would support this garbage company again :D""",True,54,115,0.6916575,6,False,english,1518494318,1518494318
76561198268916896,236390,397,1,185356,4,24189,1698068400,出海战了，非常棒！,True,3,0,0.5597485,0,False,schinese,1480292869,1480292869
76561198253059764,740130,51,3,3295,0,3284,1690160225,"For anyone who has yet to try any anime rpg game this is the one to get, especially when it's on sale. The game is not only visually appealing it has exceptional character development making it very hard to stop playing. The combat system is well done and super addicting! Final Rating 10/10",True,1,0,0.52380955,0,False,english,1643584700,1643584700
76561198929555558,976730,508,31,1245,0,1245,1623434977,站在路人的角度来讲，不愧是微软看家大作，世界观可以说是数一数二了，从现在也可以看到很多在当时来讲开创性的地方，车枪球的崛起halo必须有姓名。但也正是因为站在现在来看，游戏的地图重复性真的太强了，也很容易迷路，对于新生代玩家来讲，这些要素会大大影响游戏体验，不为别的，就单剧情halo我就吹爆 ,True,1,0,0.5037594,0,False,schinese,1648541456,1648541456
76561198155821425,379720,0,5,1324,0,198,1631222204,Sick soundtrack and fast paced action.,True,0,0,0.0,0,False,english,1629863087,1629863087
76561198072559816,1467450,433,19,4766,0,4766,1640824591,"Esto mas que un mod, es una obra de arte de juego. Para los amantes de la sga Gothic significa que los 4 años de espera tuvieron su merecida recompensa. Excelente historia, personajes, mundo, mecanicas nuevas, todo de acuerdo al lore de la saga, simplemente epico.",True,0,0,0.0,0,False,english,1640824658,1640824658
76561198338270668,602960,133,7,66755,106,66662,1698033657,this game is just memories gone by,False,0,0,0.52380955,0,True,english,1593552147,1697866667
76561198171740297,730,0,2,43736,0,925,1556475161,Bardzo fajna oraz interesująca gra ,True,0,0,0.0,0,False,polish,1426008652,1426008652
76561198119640018,1092790,0,1,627,0,626,1642637070,Dan always finds a way to make me feel so paranoid at everything for simply existing.   I hope the team never stops and feels good with the incredible writing they do <3,True,0,0,0.0,0,False,english,1637795481,1637795481
76561198344391107,1207590,49,44,361,0,220,1583349972,"Nice game, here my clip gameplay https://youtu.be/Lqt-vFhEVxs",True,0,0,0.0,0,True,italian,1583318246,1583318246
76561198331500774,227310,86,9,0,0,0,0,Bardzo ładne tereny są ma tej mapie,True,0,0,0.0,0,False,polish,1512678501,1512678501
76561198160346666,427780,603,622,281,0,281,1591476190,"Головоломка с оптическими иллюзиями. Разгадывая иллюзии, помогаем рассказчику вспомнить прошлое.",True,0,0,0.0,0,False,russian,1591478588,1591478588
76561198115751752,440,43,2,17994,0,11356,1546355089,COOOOOOOOOOOOOOOOOOOOOOOOOOOOOOOOOOOOOOOOOOOOOL!!!!!!!!!!!!!!!!!!!,True,0,0,0.0,0,False,koreana,1398571386,1398571386
76561198101493140,218620,0,3,18101,0,10041,1482714639,Good game.,True,0,0,0.0,0,False,hungarian,1419770927,1419770927
76561198167949557,1284410,0,4,134,0,133,1606589859,"Für alle, denen nicht genug Gwent in Witcher 3 gespielt wurde: Hier seid ihr richtig!",True,0,0,0.0,0,False,german,1606589747,1606589747
76561198203828093,1832640,288,4,439,0,193,1670064976,三消很好玩就是右边的女人有点碍眼[spoiler] （bushi） [/spoiler],True,1,1,0.52380955,0,True,schinese,1644388932,1644388932
76561198262782576,1868140,0,5,1393,0,603,1681008241,"好玩! 一不小心就玩到半夜. 一種遊戲多種玩法, 原本的潛水捕魚,壽司店經營到Dave的智慧型手機上的小遊戲和(神X寶貝)收集卡!  有兩個小缺點,可能我還沒玩到,但是像是兩個boss或是主要關卡過的地圖再回去裡面就是空的. 如果可以隨機加上一些東西會更好, 另外一個就是潛水地圖就是那三四個在換, 魚也都會在同一個點. 很容易記得接下來會出現什麼魚.  但是總體來講以$20美金遊戲來講,很不錯!  ",True,0,0,0.0,0,True,tchinese,1667315313,1667315313
76561199103317661,1206560,0,4,22154,0,3055,1697446133,e,True,0,0,0.0,0,True,english,1676154580,1676154580
76561198122730896,251570,168,1,166094,0,118092,1688953349,"This game is absolutely amazing, and the developers are constantly pushing out updates. Keep it up guys.",True,1,0,0.52380955,0,True,english,1600916713,1600916713
76561198000250535,1029690,0,3,32866,83,15617,1698499740,Un joc SUPER ! Mult mai bun decat versiunile anterioare !,True,0,0,0.0,0,False,romanian,1670835820,1670835820
76561199055849040,365670,74,8,58919,2444,7470,1698205322,world's best game ever,True,0,0,0.0,0,False,english,1673588930,1673588930
76561198429423683,20900,0,1,6321,0,4559,1662222085,"Gostei do jogo, não tentem matar a Queen Kikimora, derruba os pilares da caverna, se quiser pegar o loot na caverna faz isso rápido antes de tudo cair e não deixa a Queen te alcançar, em uma batida você morre, e quando entrar nas catacumbas no ultimo capitulo, tome todas as poções que dão buff e a blizzard durante batalhas em salas fechadas, perto do fim fica tudo mais estratégico, o que te faz querer morrer, mas é top quando da certo.",True,0,0,0.0,0,False,brazilian,1584756842,1584756842
76561197980575327,17470,0,8,1258,0,1258,1336374000,"Great game, great video game serie! I highly recommend playing both Dead Space, if you like to jump from the chair scared to death, and also enjoy a good story and gameplay!",True,0,0,0.0,0,False,english,1403919455,1403919455
76561198011275971,1049590,0,2,109761,2009,106544,1698279373,그냥 서비스 종료만이 섬악귀들을 구원할 수 있는 유일한 수단  이 게임은 갈수록 퇴보하고 있다.  캐릭터 디자인 하나는 잘 뽑으니까 그거 살려서 IP로 미연시나 만들고 다시는 게임 업계에 발을 들이지마라 님블뉴런  ,True,1,1,0.5070422,0,True,koreana,1661325401,1661325401
76561198040559754,730,260,10,65753,0,25873,1696428305,Game crashes more than an asian woman,False,3,5,0.49281314,0,False,english,1424939917,1424939917
76561198007309378,373370,326,11,0,0,0,0,"Can't recommend this game. I have a CTD about every 5 or 6 years (game time) I have memory leaks (menus start to go blank save and reload game) then it is fixed (for around 2 to 3 hours playing time) then it is back again.   Paradox did you even check this DLC before release? Oh BTW this is after the three hot fixes.  And for the price of Cossacks, don't have a problem if everything worked without bugs. But there is so many not worth $20.  Save your money wait for a bunch more patches. Worst DLC from paradox to date for EU IV IMHO.  ",False,27,0,0.5033441,0,False,english,1450085472,1450085472
76561198054389111,1085660,60,3,117746,49,20113,1698261198,dope game yes,True,1,0,0.4787234,0,False,english,1593741555,1593741555
76561199091975436,859570,45,3,1158,0,831,1688410659,топ игра,True,0,0,0.47619048,0,False,russian,1620983443,1620983443
76561198271741900,236390,0,5,27379,0,19058,1658048261,просто чил,True,0,0,0.0,0,False,russian,1612179934,1612179934
76561198034789513,255710,0,1,13105,0,1681,1689135882,Great fun and wonderful way to pass time,True,0,0,0.0,0,False,english,1585708952,1585708952
76561197997549676,782330,524,11,1472,0,905,1688646431,Big shoots,True,0,0,0.0,0,False,english,1606623081,1606623081
76561198420395990,1782120,0,19,8064,250,1079,1698759191,Dopo 100 ore posso solo dire che è stupendo.,True,0,0,0.0,0,True,italian,1671969772,1682608338
76561199083039335,1293180,28,3,1593,0,840,1682186639,"as someone who played both the early access and this game i would like to say ITS AMAZING! right now its kinda short but HOPEFULLY (yes this a suggestion in a way) with later updates it is a bit of a longer game bc i beat the game in like a day i think but i do think its a very VERY good game and it deserves some love and what i wanna say is, developers you have made an amazing game best thing ive played in a while and this game deserves all the love it can get",True,0,0,0.0,0,True,english,1627426463,1627426463
76561198115098321,1882867,245,11,0,0,0,0,"it unlocks everything that you can buy. other wrestler you have to unlock in showcase so i would get it if you do not want to grind 38,000 VC",True,7,0,0.5990654,0,False,english,1647444855,1647444855
76561198988489302,516750,43,11,8775,13,1383,1698268066,You are such a character with that car of yours,True,2,0,0.54545456,0,True,english,1613690267,1613690267
76561199026744618,477160,69,11,1125,0,181,1673604338,6666,True,1,0,0.5217391,0,False,schinese,1586135551,1586135551
76561197981072682,730,314,4,46955,0,18964,1684344586,"Meiner Meinung nach eines der besten Multiplayer Games im Shooterbereich. Abwechslungsreiche Modes und altbewährte Karten sind eine gute Mischung. Das beste denke ich ist das man sich individuell einbringen kann in Map, Player und Waffengestaltung.",True,0,0,0.0,0,False,german,1385633398,1385633398
76561198854051507,1256380,0,7,44,0,34,1589603609,"I'm not entirely sure of what I'm playing, but it's a lot of fun",True,1,0,0.0,0,False,english,1587444646,1587444646
76561198149873293,250820,0,18,3182,0,1036,1696339536,The layout of the HUD is hard to navigate and I always have issues loading games or getting SteamVR to work.,False,0,0,0.0,0,False,english,1656900100,1656900100
76561198821519311,1085660,44,2,22184,0,1228,1646613884,gud ,True,0,0,0.0,0,False,english,1604986988,1604986988
76561198271627674,594650,0,2,47,0,27,1531950247,its a hard game to get into feels like it would have a better life if it went to consoles instead of a steam title,True,0,0,0.45353195,0,True,english,1533629354,1533629354
76561198075607623,1675900,0,3,633,0,238,1676502061,good troll game,True,1,0,0.0,0,False,english,1675913727,1675913727
76561197971324709,1151340,0,9,661,0,661,1642303175,"Want to play this game offline? The $60 price tag doesn't cover that. Want to play using difficulty settings? Not covered. It's all micro transactions. I'm sure the developers put a lot of love into this game but the powers that made this game into a casino instead of an RPG should be horribly ashamed of themselves. 0/10, stop messing up games with your greed.",False,4,0,0.5214605,0,False,english,1642702404,1642702404
76561198317891319,346110,0,1,13273,0,9704,1525503600,mmp,False,0,0,0.0,0,False,schinese,1516538952,1516538952
76561198263140683,218230,0,5,1713,0,1713,1679425458,"This game has a lot of potential yet the devs don't really care about the feedback they had from the players, why invisibility is a thing? why infils can access to snipers and also be invisible? not gonna talk about the very obvious hackers... improve graphics and visibility, remove invisible bulshit from the game, have a better anticheat system for your game, maybe if this is done I will give your game another chance untill then adios!",False,1,0,0.5037975,0,False,english,1683431844,1683431844
76561199005713396,359550,0,1,1117,0,181,1574988619,"Siege is an amazing game and crucial for learning certain skills for people wanting to play FPS. You have to take it slow, as a run and gun strategy will usually result in being killed by a strategic player.",True,1,0,0.52380955,0,False,english,1574844066,1574844066
76561198373780613,1293830,36,3,2597,0,1010,1675291366,"Fun to play, what else can I say about it? Well, a few things: 1) Runs almost perfectly on Debian Testing using an AMD RX580 8GB GPU over a PCIe 3 x16 link. Force the use of Proton 7 and it should run fine. 2) Full controller support works fine. Pair up that old Xbox controller and have some fun. 3) Runs pretty well from a spinning hard disk. (2TB WD Black 2003FZEX for reference). SSD recommended for best results, as well as *AT LEAST* 32GB of DDR3-2400 RAM running in dual-channel mode. Any less RAM and you risk running out of memory whilst loading or playing the game. Any slower and you'll have stuttery gameplay. Also pair it up with an i7-4790K or better as to avoid bottlenecking the hardware. And I shouldn't have to mention this, but make sure that the SSD that your Steam library lives on is indeed a SATA III 6Gbps SSD and is connected to a SATA III 6Gbps port on your motherboard. 4) I can't think of anything else to say. Go buy the game and play it!",True,0,0,0.0,0,False,english,1653534687,1653534687
76561198328545447,444200,216,152,73,0,36,1519874926,it's a decent game but war thunder is the better game out of the two. still recommending it.,True,0,0,0.0,0,False,english,1521008215,1521008215
76561198058762256,253250,261,128,9865,0,8540,1661454146,Bardzo fajna gierka dużo zabawy fajnie się buduje i zarządza ludzikami. Grafika jest idealna prosta i przyjemna nie zmieniajcie.,True,0,0,0.0,0,False,polish,1565902095,1565902095
76561198112185052,2820,0,46,6072,0,1791,1618455977,This one is the best one of the x3 games. in short..older than Albion prelude and still has the earth space station Torus. Playing a superior human alliance bent on taking over? this is the game to try.,True,0,0,0.0,0,False,english,1519649262,1637122149
76561199019667598,291550,0,1,357,0,357,1587304657,es como smash pero no tanto ta weno ,True,0,0,0.0,0,False,spanish,1590262181,1590262181
76561198840770650,222480,0,7,822,0,431,1625666928,好玩.剧情也很好看 ,True,0,0,0.0,0,False,schinese,1625407567,1625407567
76561198045587296,1222690,62,3,182,0,182,1684674640,"Even in 2023, they still don't have the phucking Chinese version, ya kidding me?",False,8,0,0.54951316,0,False,schinese,1684756986,1684756986
76561198352037665,730,0,1,82697,0,26784,1579209743,nice game every time but many hackers,True,0,0,0.0,0,False,german,1498390015,1498390015
76561198182869667,323190,0,4,1702,0,577,1604304522,Not bad.,True,0,0,0.0,0,False,english,1561985157,1561985157
76561198329658758,275850,259,15,6633,0,3916,1632213612,现在看来这款当年口碑崩坏的游戏反倒后续越来越好了，制作组少说话认真做事比天天逼逼很cool的某sm组不知道高到哪里去了，很棒的开放世界星际题材游戏，缺点就是很多bug和不好的优化，最近还出生物飞船和机甲了，在有生之年的星际公民正式发售前可以当卡通风替代玩一玩，还是很不错的。希望官方能更好的优化一下。,True,3,1,0.54036534,0,False,schinese,1587326705,1606637374
76561198089025377,361630,0,2,123,0,44,1452381631,"Great game, I downloaded it after seeing it was a free game. I thought it was going to be boring, I was wrong. The soundtrack is great, I enjoyed listening to it and kept me enticed in the game. I wish I could buy the soundtrack. The controls are easy and smooth, I had to turn up the sensitivity a bit but that's it. I would recommend downloading this game, it's fun and easy to play plus it's just great.",True,0,0,0.0,1,False,english,1429409180,1429409180
76561197981801006,976730,0,21,8985,0,581,1687120184,"It's Halo. You know if it is a game you like or not. The PC port seems pretty great. Except in cut scenes (locked at 60) my frame rate hasn't dropped below 100 fps for me and my GPU is a few years old, running at 1440p. In a PC title, I generally expect more graphical options (such as anti aliasing) but am very glad they offer unlocked frame rate and high resolutions (unlike some other console ports)  Pro tip: for co-op, don't look under the multiplayer menu.  cons mostly stuff common to online multiplayer: Took a while to figure out why the mic wasn't working (but that was windows screwing up settings after an update) Server Migration booted me and then banned me, but only for a minute. You know the people you'll end up playing with/against. occasionally you'll get that team mate that goes -1 because he's working with the other team of 4... so you get 22 of your teams 21 points while he tries to get himself killed. or discovered that anyone can buy a microphone, there is no obnoxiousness test. but you can mute them fortunately. lag - it happens chat window takes up a little too much room Considering the price and the hours i've put in (and will put in), it was well worth buying.",True,0,0,0.0,0,False,english,1575600471,1580072071
76561199505121504,1293830,0,2,100,0,100,1685870803,"世纪之作，优秀游戏值得我们花费购买知识产权，永远支持地平线4,冲就对了。",True,0,0,0.0,0,False,schinese,1685960195,1685965097
76561199149108172,105600,20,9,855,11,587,1698232383,freshfresh,True,0,0,0.0,0,False,german,1647361212,1647361212
76561198120715063,990080,0,83,3834,0,245,1677914214,"진짜 겜 안 하고 돌아다니기만 해도 넘 재밌어요 ㅠ 복붙이 아니라 하나하나 다 신경써서 만든 게 느껴져서 너무 좋음 ㅠ 아직 초반이라 마법 하나 제대로 배운 게 없지만 저도 곧 죽먹자 할 수 있겠죠? 후후후후...  >> 는 초반 감성이었고, 개인적으로는 위쳐3 하위로 마법학교라는 배경을 빼면 별다를 게 없음 서브퀘도 스토리 깊이가 깊지도 않고 그렇다고 세계관에 대한 심도 깊은 이야기 이런 것도 없고 전부 메인퀘 하위의 퀘스트 늘리기용으로 느껴져서 다음에 해리포터 IP로 게임을 만들 때는 호그와트 신입생으로 학교 생활이랑 깊은 스토리가 함께 했으면 정말 좋겠다 싶음 ㅠ 하지만 돌아가는 꼴 보면 이런 겜 또 안 나오겠지... ㅠㅠㅠㅠ",True,0,0,0.0,0,False,koreana,1676189596,1677914504
76561198062019037,393380,0,8,17709,0,14076,1693099523,"It's hard to say whether I like or dislike this game. The game play itself is great. And when you get a good squad, it's also great.  The problem is you're just as likely to get a suckass squad and squad leader.  Common issues: Person makes a squad so he can get a certain role (usually sniper, which for strange game mechanic reasons is an almost useless role anyway) then promotes someone else to squad leader.  Squad leader's buddy shows up and they boot a squad mate so he can give his buddy a plumb role.  Not to mention the constant issues with man-children having temper tantrums and team killing.  There are other issues.  Temper tantrums over who gets the heavy hardware like the BMPs and tanks.  And the problem that anyone operating artillery might find himself booted from a server if some idiot on his side ignores where friendly artillery is being dropped and gets killed.  The only way to really enjoy the game is getting off the noob servers as fast as you can learn the game and join up with one of the more serious servers where they demand team play.  But then you have to be able to commit regular and often significant amounts of time.  Which for those of us who live in the real world is barely possible.  But if you have the time, it greatly increases the potential of the game to be enjoyable.  So, all in all, while I am checking YES on this game, really how I feel about it is mixed.",True,1,0,0.5176471,0,False,english,1666966899,1666966899
76561198956781177,751780,752,3,367,0,339,1683776190,god,True,0,0,0.0,0,False,spanish,1647920076,1647920076
76561199145613237,835570,0,1,36772,0,967,1633169097,玩法挺多的 ,True,0,0,0.0,0,False,schinese,1621343173,1621343173
76561198378179432,2212330,73,36,2231,34,363,1698446347,"nice game :D  your only move is hustle is like a turn-based strategic fight game. the game kind of represents the old stick figure flash stuff back in the day (like if you remember that). you might be thinking, how is this game turn-based and strategic in a fighting game? well let me sum it up for you, each player moves on the same turn, and picks one of their many options to control their character. that is all, but there is way more once you play the game!",True,2,0,0.52380955,0,False,english,1676124037,1676124037
76561198051956893,1142710,293,4,14601,1149,3469,1698331292,"Greatest, largest and most fun-filled entry in the Total War franchise. Setting is epic, battles are fun and intense, chart your own story in this thrilling saga. Settra does not serve!",True,0,0,0.0,0,False,english,1661490697,1661490697
76561198880048423,677620,0,13,2160,0,1479,1658266977,"i love how it brings my two favorite memories together, portal and halo",True,1,0,0.52380955,0,False,english,1628097010,1628097010
76561199504325452,394360,0,12,15506,1051,500,1698255247,"Gelmiş geçmiş en iyi strateji oyunları arasında başı çeker. (bence) Biraz fazla detaylı ve her geçen gün dahada detaylandırılıyor, ama detaylar oyuna keyif katmış eğer detaylı stratejiyi seviyorsanız önerebilirim. (NOT: sakın Alman oynarken arkayı tutmamzlık etmeyin ingiliz çıkıp ...) Neyse iyi oyunlar.",True,0,0,0.0,0,False,turkish,1689600640,1690145026
76561198196610850,1687950,115,6,5751,0,2982,1683734830,别想太多，P5天下第一，买就完事了,True,0,0,0.0,0,False,schinese,1666643409,1666643409
76561198017546296,356190,0,43,4092,0,4092,1602316144,"Тени Войны - это доработанная и улучшенная версия Теней Мордора, которая, в свое время, наделала немало шума. Открытый мир с элементами РПГ и множеством неплохо работающих механик, куча разнообразных, красивых локаций, динамичный геймплей и доработанная система Немезис не дадут вам заскучать и не оставят равнодушными. Крошить головы уруков направо и налево все еще весело, а новые фишки, включая полеты на драконах, которые заметно разнообразили игру и пошли ей только на пользу, заставят вас погрузиться в мир Средиземья с головой на очень продолжительное время. Если вам понравилась первая часть, то во вторую вы просто обязаны сыграть! Рекомендую. 8.5/10.",True,12,0,0.6161867,0,False,russian,1602318728,1602318728
76561198044450506,252010,2176,60,60,0,60,1493629461,"""Yet another """"old school retro"""" game with """"old school retro"""" difficulty that's just an excuse for cheap level design and cheap enemies.  Also it'd be awfully nice if the cutscenes would stop trying to give me a seizure.""",False,8,3,0.51411384,1,False,english,1493629653,1493629916
76561198145576953,413420,404,75,3854,0,3678,1630597403,First game felt like a paradise after I tasted the real despair in this one,True,0,0,0.0,0,False,english,1627415143,1627415143
76561198202347317,1286830,0,2,1628,0,336,1635686830,"laat ontdekt, veel opportuniteiten om je karakter te ontwikkelen.",True,0,0,0.0,0,False,dutch,1634571141,1634571141
76561198128016487,552500,0,6,3184,0,3022,1631201539,Neat game,True,0,0,0.0,0,False,english,1619631665,1619631665
76561198145054166,335300,0,1,3551,0,2101,1594255548,我是傻逼 就硬堆怪，仇恨联动和怪物仇恨范围离谱，地图设计总会有一些恶心人的方面，冷不丁的给来个死亡陷阱，boss设计感极差，还有废渊黑溪谷这两张地图到底是咋的了，带着耳机玩被咚咚咚的心脏声音烦的要死。 打折入手，推荐后面的萌新谨慎入手，不是特别想体验的，还是去玩黑魂3要来的舒服,False,1,0,0.5217391,0,False,schinese,1593432125,1593432125
76561198141720751,460790,0,52,3399,0,1464,1662124212,贝姐的身材值得,True,2,1,0.54385966,0,False,schinese,1661606955,1661606955
76561199210055781,466240,0,2,4490,41,1692,1697348931,好玩 ,True,0,0,0.0,0,False,schinese,1657590790,1657590790
76561198801985139,264710,0,1,7446,0,2988,1582293149,有谁和我一样皮往时间胶囊里塞了一只自爆鱼,True,3,3,0.5416667,0,False,schinese,1527767496,1527767496
76561197968611427,252490,65,4,156993,0,120713,1662562869,don't buy that shit or you're losing your job,True,1,1,0.52380955,0,False,french,1609791988,1610039961
76561198168306557,107410,46,1,310797,0,253049,1542136348,"tres bon jeux, plusieurs mode de jeux disponible.",True,7,0,0.5801105,0,False,french,1505702075,1505702075
76561198305881206,252490,0,1,90605,0,43728,1597184879,tres bon jeux,True,0,0,0.0,0,True,french,1509294656,1509294656
76561199141117191,1203220,34,2,42262,411,12131,1697724501,非常推荐,True,0,1,0.0,0,False,schinese,1645365681,1645365681
76561198804294079,1245620,12,2,1763,0,523,1662140074,好游戏，入手不亏！,True,0,0,0.0,0,False,schinese,1646484289,1646484289
76561198290246965,835570,0,5,38344,0,31020,1643959423,垃圾游戏，更新个版本，又不是让你重做游戏，全是BUG，你是没给员工发工资吗？退钱！！！！,False,0,0,0.0,0,False,schinese,1625731226,1626340538
76561198372609608,740130,0,6,4408,0,2367,1646717954,传说剧情几分相似，总体来说值这个价，500块的快乐,True,0,0,0.0,0,False,schinese,1633559109,1633559109
76561198872269571,1599340,14,2,3422,0,249,1645235540,Buenardo el juego,True,0,0,0.0,0,False,spanish,1644636934,1644636934
76561199506457882,268910,0,3,1418,0,727,1696046636,topp demais,True,0,0,0.0,0,False,brazilian,1688878453,1688878453
76561199119035915,738060,18,1,395,0,138,1641763102,"Bastante bueno, estoy en sala de urgencias con diabetes y sida, 100% recomendable",True,0,0,0.0,0,False,spanish,1641614124,1641614124
76561198249331260,400,179,1,604,0,604,1527212453,Даже сейчас заходит на ура!!!,True,0,0,0.0,0,False,russian,1669205392,1669205392
76561198335687042,397950,76,13,331,0,78,1567699554,"The game is beautiful and so much action platforming fun with the whole well, not whole famlily cause it's singleplayer but the whole body I hope. If the controls was more fun to use, I would give it 8/10 but i'm gonna give it 7.8/10.",True,0,0,0.0,0,False,english,1495545648,1495545648
76561198066720155,1063730,0,12,22317,0,20897,1665335234,fun level 0 - 40 Grind Fest,False,0,0,0.0,0,False,english,1653877868,1653877868
76561198183745522,1091500,22,2,3868,0,302,1640705846,挺好玩能出多人就完美，,True,0,0,0.0,0,False,schinese,1607699748,1607699748
76561198089582472,267530,0,1,710,0,588,1559801529,ITs FUN and EVERYTHING IN IT IS AWESOME,True,4,0,0.53142434,0,False,english,1428209036,1428209036
76561198047747249,280160,410,4,560,0,517,1631542819,Really fun game! Definitely worth playing.,True,1,0,0.5172414,0,False,english,1588826854,1588826854
76561198024089736,730,0,2,52312,0,6002,1615091084,Muito bom esse game !,True,2,0,0.533503,0,False,brazilian,1480075244,1480075244
76561199028972373,848010,704,592,221,0,221,1688657414,✅İndirimdeyken alınıp kartları satılarak kâr edilebilir.  Hesabımda bunun gibi birsürü inceleme var kâr yaptıran oyunlar mevcut profilimden bakabilirsiniz.  Üstte kalması için incelemeye geri bildirim bırakmayı unutmayın.,True,0,0,0.0,0,False,turkish,1688819659,1688819659
76561198105236269,504230,174,23,5831,14,1249,1697479545,trans girl climbs hill (epic style),True,0,0,0.0,0,False,english,1669647733,1669647733
76561198283727936,218620,11,1,2020,0,2020,1520083221,ffeff,False,0,0,0.46875,0,False,russian,1520083292,1520083292
76561198317944294,779340,455,77,8339,0,8097,1649049951,"以全战来讲不如罗马,战锤, 以三国来讲不如光荣三国志, 整体就是全战换皮魔改版本,  中华大陆的关隘一个都没,  武将恶性bug数月不修复,  所谓真正的史实战略根本不存在,  只要你肯付费,就能一键获得黄巾仙人队.  能赚钱就行了,bug,剧情,玩家体验什么的根本不在乎.",False,2,1,0.4850746,0,False,schinese,1565776046,1565776046
76561198177836427,1174180,23,5,406,0,304,1594235731,Рекомендую),True,2,0,0.52380955,0,False,russian,1580784817,1580784817
76561198121253863,703080,0,32,19351,0,451,1687068078,힐링 근본 겜 .. 꾸미다 보면 시간 가는줄 모름 추천! Good!,True,0,0,0.0,0,False,koreana,1585999888,1585999888
76561198404329377,1178830,17,1,134,0,92,1644053587,挺好玩，画面nice，就是bug有亿点点多，飞着飞着就出地图了.....,True,0,0,0.0,0,False,schinese,1643916266,1643916266
76561199076702565,227300,62,20,1887,0,334,1677527854,mto foda,True,0,0,0.0,0,False,brazilian,1635954902,1635954902
76561198878333729,1509090,165,22,73,0,48,1671034848,我最喜欢第3个女孩画风。求以后多来点那个画师画的。立绘很不错。,True,0,0,0.0,0,False,schinese,1619851329,1619851329
76561198138447026,12210,61,5,1252,11,75,1697479534,Roman is best character - 10/10 would bowl again,True,0,0,0.0,0,False,english,1645491948,1645491948
76561198374624799,730,8,1,196838,664,135477,1699006244,gg,True,0,0,0.47619048,0,False,english,1633673580,1633673580
76561198803267833,466240,71,8,4457,0,2343,1644242923,Класс,True,0,0,0.0,0,False,russian,1584434365,1584434365
76561198027958401,410320,668,1,3155,0,3036,1560680361,"buggy at times, but lots of chaotic fun.",True,1,0,0.50248754,0,False,english,1480294302,1480294302
76561198358235988,552990,95,6,55391,0,26655,1668764299,2023.8.23 更新 泰酷辣家人们，大箱子一刀对半砍，为了不动周年庆奖励？ 真到周年庆给你奖励再对半砍的嘞 碧蓝联动涨价涨价，单买的涂装变成塞了一大坨屎的礼包链 新的钢船又来捆绑销售整提前体验 看大伙差评太多突然塞个arp复刻回来堵嘴，一点新东西没有，哦不对，有新的箱子来噶韭菜辣 喜欢我们窝窝屎吗？  运营这操作是属实不把玩家放在眼里 先是出个弱智研发局，5条X级解锁，萌新根本看不到这玩意，重置一条线直接把你船收了重新爬，还只还你一半银币，又来个造船厂所谓“免费获取”的波多黎各，然后投票投出200w全局的特种驱逐，顺带剧情收益砍爆全局收益来源直接没了， ifhe+船壳改动砍了金币船却不给任何补偿，ifhe改动舰长理所应当的免费洗点还需要去找到新闻底下的按钮去触发，因为cv加入了公会战所以不用改点的理由取消公会战免费洗点，把本来只要拿到船再打个几十局就能拿到的传奇插扔进研发局，让巴尔斯摩棱斯克两艘好船从兵工厂下架，老早放出毛巡分线的消息说：可能会有补偿，大家都积极地去爬毛巡，然后现在屁都不给 wg策划飞个马,False,6,1,0.5250212,0,False,schinese,1586928085,1692080342
76561199121928163,1486350,0,25,562,0,208,1692284621,great for making VRchat avatars ,True,0,0,0.0,0,False,english,1673178659,1673178659
76561198208671884,252490,229,9,73145,0,54191,1696140351,Top 10 tips for Rust. 1. Don't talk to anyone with a spear. 2. Naked's are always stacked. 3. Always scream LOADED and MAKING PLAYS even if they are empty and u missed every shot. 4. Don't ♥♥♥♥ing ask when wipe was. (It says in the server info) 5. Bring friends because Rust is a numbers game. 6. SHADOWFRAX is the best Rust Youtuber. 7. Your either a 1 click Eoka guy or a 9 click. 8. Always dislike Rust Academy videos. 9. Don't cry in chat when u die. 10. Don't Alt Tab when loading in if you have a ♥♥♥♥ computer.,True,0,0,0.0,1,False,english,1507350273,1576860198
76561198369332185,458770,222,89,712,0,208,1659470476,RICO,True,0,0,0.0,0,False,spanish,1656567410,1656567410
76561198029829839,228180,49,18,5917,0,4292,1610078099,Excelente software para filmagem e streaming de Gameplay. Simples e intuitivo!,True,0,0,0.0,0,False,brazilian,1585352579,1585352579
76561199097122704,812810,0,7,49,0,21,1687205527,i have a crush on all of them fuck,True,0,0,0.0,0,False,english,1603366146,1603366146
76561198048423404,945360,189,8,538,0,538,1603517315,j,True,0,0,0.0,0,False,english,1603517326,1603517326
76561199080753606,1245620,0,3,3454,0,1737,1695765863,"n,",True,0,0,0.0,0,False,french,1689802196,1689802196
76561198836616321,947300,63,11,123,0,123,1542554247,Это игрушка необычна я сам в шоке!,True,0,0,0.0,0,False,russian,1547193712,1547193712
76561198383094599,620,2,1,1143,0,831,1633952282,Bestes Spiel . Schade das es keinen 3. Teil gibt.,True,0,0,0.0,0,False,german,1578305299,1578305299
76561199102602004,251570,0,4,16663,502,8377,1697232279, :),True,0,0,0.0,0,True,german,1626544176,1626544176
76561198002933497,607080,0,5,1162,0,1162,1631382828,wonderful game,True,0,0,0.0,0,False,english,1631382847,1631382847
76561199032264028,774171,0,7,17588,26,727,1697901342,很塞，但我喜欢（,True,1,0,0.52,0,False,schinese,1593690593,1617354639
76561198275193811,359550,0,1,5403,0,4740,1532097516,Game In the camp Ubisoft  Good Not . T_T  i play Game Not.,False,0,0,0.0,0,False,thai,1528194055,1528194055
76561198236914158,774361,78,31,70,0,70,1613822346,"2D DarkSouls good game, it's hard but good",True,0,0,0.0,0,False,english,1617102780,1652638557
76561199102378529,271590,0,1,19181,0,3270,1686722154,nice,True,0,0,0.0,0,False,english,1633502660,1633502660
76561199193266026,10,41,3,848,0,330,1678749476,жжб,True,0,0,0.0,0,False,russian,1635887623,1668717968
76561198260199172,381210,131,36,49451,2995,43520,1698691373,geiles Game aber leider sehr viele opf Leute in der Community   Müsst ihr wissen!,True,0,1,0.0,0,False,german,1641209850,1696548595
76561198077288501,730,0,5,12309,616,8823,1698834533,상자깡 확률 씨XX들아,False,0,0,0.0,0,False,koreana,1668960593,1668960614
76561198961144948,578080,0,1,52650,0,24902,1696429583,666,True,0,0,0.0,0,False,schinese,1628052014,1628052014
76561198042133031,1167630,345,9,410,0,241,1651025674,Beam NG mixed with Minecraft 10/10,True,0,0,0.0,0,True,english,1604016979,1604016979
76561198451085002,526870,0,4,21984,0,10849,1664011561,Good game,True,1,0,0.52380955,0,True,danish,1606579015,1619529921
76561198020020876,460930,381,14,703,0,703,1523800155,"After enjoying 'The Division' but also being a bit light in the pocket i was glad a free weekend came around for this, it would give me an idea weather or not this is a must have. Whilst the game addresses the one major annoyance of The Division (drilling 100 rounds into an NPC's head it not always a garunteed kill) it still failed to catch me overall. It's a nice game, but not >AUD$100 worth of nice. If it were significantly more affordable this might be a positive review, but as it stands the entertainment/dollar ratio is poor. I'm obviously not the kind of guy to give 5 stars to anything that mildly entertained me. Others might think differently, but there are many opinions and this one it mine.",False,1,0,0.49517685,0,False,english,1524183765,1524183765
76561198350962398,287980,0,5,1233,0,357,1665442764,"This game was simultaneously the most relaxing and anxiety inducing game I've ever played, my first of the genre. Difficult to control at first, but manageable with practice. 8/10",True,0,0,0.0,0,False,english,1627799804,1627799804
76561198262287922,730,85,3,180751,43,52450,1698582086,"The only thing I can complain about it probably the toxic community that surrounds this game, this game is something you hate but you will always come back and play.",True,1,0,0.5,1,False,english,1504084817,1504084817
76561199056167431,2089840,0,6,0,0,0,0,Bien bonitos los zapatos xd,True,0,0,0.0,0,False,spanish,1668380321,1668380321
76561198179390627,1623940,0,1,479,0,479,1683214206,"Мрачная но настоящая сказка, где скандинавский фольклор это кровь и плоть, это душа и дух самой игры. Я не ожидал такого, игра меня поразила! Буквы собираются только в хвалебные слова. Если вам нравится подобный жанр, если вы любите скандинавские мифы, обязательно сыграйте.",True,2,0,0.54545456,0,False,russian,1683216683,1683216683
76561198356521470,1954200,0,1,164,0,164,1664787767,这个游戏真的不行 很没意思 玩了那么多款游戏这一款感觉最差,False,0,0,0.3959208,0,False,schinese,1666457875,1666457875
76561198065001534,222940,337,30,485,0,88,1652791945,왜... 케릭을 고른후 다음 화면으로 안넘어가고 멈추는걸까....,True,0,0,0.0,0,False,koreana,1578324836,1578324836
76561198975351876,1326470,0,3,941,0,611,1694900397,Pesimo servicio. un ending de mierda sin ningun jefe ni nada una historia LAMENTABLE.,False,1,0,0.5045872,1,True,spanish,1677481612,1677481612
76561198206950565,1239020,0,15,597,0,589,1686481798,上香,True,0,0,0.5393635,0,True,schinese,1684578044,1685105646
76561198078412082,1974050,0,4,940,0,798,1676480429,Roligt spel,True,0,0,0.0,0,True,swedish,1675977814,1675977814
76561198195792266,632360,163,32,7535,0,2475,1695958335,yup pretty good game,True,0,0,0.0,0,False,english,1645305149,1645305149
76561198072750439,365450,316,13,879,0,680,1690370662,The last mission was sooo good. PLAY THIS,True,4,0,0.53144014,0,False,english,1557599468,1557599468
76561199031759058,1173200,70,5,287,0,252,1653272905,pretty poggers ngl,True,0,0,0.47619048,0,False,english,1651552561,1651552561
76561198016915978,427290,0,32,1217,0,1217,1600982258,"I really liked Vampyr. I can't believe it took me so long to finally play it!  I don't understand some of the complaints people have. I've not encountered a single bug. The fighting system is well done and just the right difficulty (I only died once, during the vampire hunter boos battle towards the end). The characters are memorable and dialogues well written! The graphics on highest settings looked absolutely beautiful! :)  It took me about 20 hours to finish it and I by the end I felt that this was enough. More, and the game would've lost me.   Honestly, I've had a great time ;) Don't listen too much to negative reviews - it's solid. It's good stuff. It's the best vampire game out there!   Thanks developers! :)  -Happy customer",True,5,0,0.59363955,0,False,english,1600982741,1600982741
76561198040214765,1282730,37,2,860,0,726,1616077495,Addictive,True,0,0,0.0,0,False,english,1616006254,1616006254
76561198847113495,248570,67,20,5918,0,2401,1694917891,"La mecánica del juego es algo difícil de aprender, pero con el tiempo de juego iras aprendiendo cada vez mas cosas, eso si los tutoriales son esenciales para aprender a moverte al menos algo decente... Prácticamente esto seria tu experiencia de juego: 1.- jajajaj este juego esta bien cagado 2.- esto es muy raro no lo jugare 3.- ok si se veia bueno si lo aprendo a jugar sera bastante bueno 4.- es la polla Juegalo con amigos si tienes",True,4,0,0.5416667,0,False,spanish,1626576818,1628998012
76561198092355654,878380,0,2,10737,0,9788,1693423031,역시 동방겜은 꿀잼이지(167시간),True,0,0,0.0,0,False,koreana,1598297499,1598467746
76561198283525342,939960,33,2,722,0,268,1691326648,"конченные уебаны делают игру за 2000+ рублей и допускают ошибку не сохранения блять данных игровой сессии, заебали со своей толерастией",False,0,0,0.47619048,0,False,russian,1606739296,1606739296
76561198138599504,105600,0,8,149607,0,102700,1683060430,its gud,True,0,0,0.0,0,False,english,1584919511,1584919511
76561198006857381,578080,0,5,30694,0,16070,1643911548,"Если в мире нет БОГА, то кто придумал ПАБГ??? 10 килов из 10, но мотоцикл убьёт тебя раньше...",True,0,1,0.0,0,False,russian,1542830920,1542830920
76561199455920332,451340,0,5,1059,0,378,1688522535,Fun/Grinding!,True,0,0,0.0,0,False,english,1685210233,1685210233
76561198145355924,218620,268,2,15801,0,3510,1675805323,Great Game  It's a complex game which I really like :3 (Im really not good at writing XD),True,0,1,0.0,0,False,german,1441028410,1441028410
76561198137424389,1786800,42,4,55,0,49,1640374668,SCHLECHTESTE UND VERBUGGTESTE SPIEL DAS ICH KENNE. nicht kaufen oder spielen!!!!,False,4,1,0.5125,0,False,german,1640374282,1640374282
76561198171255259,408760,211,7,3386,0,3074,1616086979,"Your save game will work long enough that you can't refund it and will then corrupt, crashing the game anytime you try to continue it, forcing you to start again with another save game that will crash",False,3,0,0.5597799,0,False,english,1557662693,1557662693
76561197993840120,342180,480,18,125,0,100,1573868061,"It's an ok game but it misses the mark in my book. As an occulus player the guns seem jsut slighty off where I would think they should aim. The zombies have unaturally erratic movement that goes form walking animation into hard stumble animation suddenly with no transition. This is obviously meant to be a difficulty factor to make you miss shots but it comes across as extremely frustrating. the reload mechanic in the game isn't the most fun and it's not super obvious when you fire the last bullet in your magazine so you end up lining shots up with no ammo in the gun which can lead you to getting killed. If you really want the game don't let my review stop you, but the game does have it's problems and if this wasn't a vr game I don't believe people would be so willing to overlook them.",False,0,0,0.4195804,2,False,english,1517801743,1518539840
76561198155073388,1128810,0,1,46350,93,1056,1697760993,"Fun, lively game just to have a cup of coffee and enjoy.",True,0,0,0.0,0,False,english,1629552551,1629552551
76561198057846241,217200,0,60,1403,0,1148,1688094562,god i hate the ninja rope so much,True,0,0,0.0,2,False,english,1687470462,1687470462
76561199168172339,1150690,0,3,835,0,371,1687584484,"Worth every penny. This game somehow finds a way to be too charming. Coming from fps and triple A rpg games this is a pretty good breath of fresh air, sprinkled with some darker moments, I'm only 5 hours in though so we'll see how things turn out. Solid 9/10",True,0,0,0.0,0,False,english,1627357637,1627357637
76561198423041760,729000,0,3,857,0,857,1686715968,"This game is charming, attractive, and straightforward. It's a puzzle/quest game with a single story line, lots of crafting, and a strong personality. It took me 14 hours total to complete and I enjoyed it overall. I'd rate it 3.8 out of 5. The design and functionality were great, the characters were memorable and unique, and it was beautiful to look at. I didn't encounter any bugs and I never had to look anything up and I never got stumped; I had enough info and guidance to play through without frustration. My only reservations are the premise of the main quest (rescuing a fair maiden is very overdone), the twist ending (predictable from the beginning of the game), and the lack of replayability (once the quests are done, there's nothing else to do). But overall it was a relaxing and enjoyable game that I would recommend to anyone who enjoys puzzle and quest games.",True,0,0,0.0,0,False,english,1686716384,1686716384
76561199473644003,939400,0,2,152,0,101,1688889161,和对象玩的，很好玩,True,0,0,0.0,0,False,schinese,1675530624,1675530624
76561198214572699,49520,0,16,104,0,104,1560361504,fun,True,0,0,0.0,0,False,english,1561937700,1561937700
76561198154829044,238320,145,46,814,0,672,1673726483,Little Pig.,True,0,0,0.0,0,False,english,1613188771,1613188771
76561198401663294,1916290,82,8,10,0,10,1659393840,"Un jeu tout simplement revolutionnaire, j'ai retrouve ma foie en l'humanite grace a ce monument du jeu video. A ce jour je me pose encore la question de pourquoi ce jeu n'est pas utilise par l'education nationale pour apprendre aux enfants des faits historiques tels que '' la guerre de staline face a l'invasion des japonaise''. les graphismes sont eblouissants, et le gameplay innovant. je recommande cette merveille videoludique et je souhaite de tout coeur que ce jeu devienne un pionnier de l'industrie du jeu video.",True,2,1,0.54545456,0,False,french,1659394114,1659394114
76561198261419492,284160,0,4,3414,0,3290,1691182151,Very good game,True,0,0,0.0,0,True,finnish,1675532290,1675532290
76561198116089519,1091500,30,2,4582,0,561,1648324708,6666666666666666666666666666666,True,0,0,0.0,0,False,schinese,1607740597,1607740597
76561198059538639,225260,238,8,861,0,158,1399141390,"3 слова: ЭПИК,МЯСО И МЕТАЛ",True,1,0,0.5217391,4,False,russian,1387960980,1387960980
76561198074256068,447530,682,45,1082,0,961,1484452429,"Well... Shortly, this one is GREAT!  It is hard to describe why. The game has neither big drama, no action, no serious challenges. Not even some epic plot. It is basically just a visual novel. With some stories about some people. But... I really wish there would be more games like this. With such atmosphere, that makes you like, really feel something. Something good and warm.  Also this game can make you wish to learn bartending :)",True,0,0,0.0,0,False,english,1484449383,1484449421
76561198998676207,1097840,229,9,29585,0,317,1696824834,戰役的場景很細緻~,True,0,0,0.0,0,False,tchinese,1577946583,1585999298
76561198094954649,252950,0,2,1263,0,134,1618074438,me pregunto si ya corrigieron el error que no se podia autoguardar,True,0,0,0.0,0,False,spanish,1446914157,1446914157
76561198084588332,992300,765,12,80,0,80,1574878445,Its good if youz like big tiddie Anime Girls,True,0,1,0.0,0,True,english,1574878822,1574878822
76561199187128349,1792610,0,11,383,0,60,1674836286,"Great game! Great artstyle and really really relaxing and beautiful music. I really enjoyed playing it, all of its creative levels, with controls that are actually great! The hitbox in this game is also on point and i really can't complain about anything. Managed to play through in exactly 42:55.674 in my first try and without hesitation, i can say that this is one of the greatest games i have ever played! For all the ones who search a nice relaxing game that still catches you and that is genuinely fun to play trough, this is your game! I really wish to write more but it is currently 2:00 AM  and since english isn't my mother tongue i am waaayyy too tired to write good sentences. Long story short: Amazing game, amazing music, amazing artstyle, creative with the levels, not too hard and not too easy, great controls, great hitboxes, nice skins that you unlock with playing and a really nice ending. <3  Edit: On my second try i managed it to complete the game within 25 minutes and i gotta say, those two skins are really really beautiful!",True,0,0,0.0,0,False,english,1640653944,1640785343
76561198049020554,306130,4036,363,11270,0,2050,1654464018,"TLDR at the bottom.  Having played ESO a couple of years ago and logging over 300 hours (honestly not a lot) over the years not on Steam and watch the progression of the game, I can only say positive things about ESO.  When ESO originally came out, it was buggy, not really balanced, and a big cash grab. That's quite frankly why the game originally was a big let down. However, over the years, they've made many major improvements. Some of the major improvements include getting rid of the mandatory subscription model, making everything scale, allowing players to venture over all of tamriel without getting to max level. These changes, along with more omptimization really made the game a lot better.  As for the gameplay, it is a very typical MMO style game. There is melee, magic, and archery as the three combat styles. You have a bar of spells you can use (5 normal, 1 ultimate). Some spells are support spells, some spells are combat spells, some spells are situational spells. There is a roll dodge feature so that you can avoid certain abilities, and the sneak ability comes in handy especially during multiplayer (I will talk about multiplayer a bit later). You can group into a party of up to 4 people to do quests on a normal basis, with a full raid party of up to 24 people (6 groups of 4). Generally for the PVE only, you can also do everything solo no matter what class you are. Additionally, like many other MMOs, ESO has a crafting system that is rather nice. Whether it be increasing enchating, alchemy, smithing, woodworking, etc. there are a wealth of noncombat skills to level up and gain experience in.  A little on guild side now. Similar to other MMO games, you can join a guild to interact with people. There are dungeon guilds, PVP guilds, trading guilds, casual guilds, etc. You can even make your own guild as a personal extra bank for items. Trading guilds are a great way to make money faster by selling your ingredients or items (way more than NPC merchants will buy them for). You can also use guilds to buy ingredients or items you need or want. If your guild gets rich enough, you can even bid for a guild trader.  The game also has a really awesome dungeon system where you can do them in a group. There are the basic dungeons that you can go in with 4 people and simply kill monsters till the end. But there are also bigger, harder, and more experienced dungeons that require a more tryhard team. Some dungeons are even scaled to the point where you should be going in with a 12 man party sometimes (trials I beleive). Dungeons are a great place for loot and keep the game interesting, whether it be casually or more tryhard.  Lastly, the best part of the game is probably the multiplayer. When I say the best part, I actually mean it. The basis of multiplayer is that you are part of your faction, whether it be daggerfall covenant, aldermini dominion, or ebonheart pact. Each faction holds keeps and buildings that can be captured by another faction. Each faction also starts off with 2 elder scrolls each, and these can be stolen/captured. Now this might not seem that good, but trust me it is. There are trebuchets, ballistas, flaming oil, etc. for sieging and defending. Imagine this but with a full 50 v 50 v 50 in a three way battle. I have actually gotten to the point the battle is so big that my sound cuts off. That is truly some good stuff. Additionally, the multiplayer scales your player, so even at lower levels you can enjoy multiplayer to a degree.  Overall, the game has gotten much better since I originally started playing, so much that I bought it again for steam. I would highly recommend any person who is a fan of MMORPGs and not stuck with World of Warcraft to consider playing ESO.  TLDR: ESO is a very improved game from what it originally was with a good PvE, fun dungeons, and AMAZING multiplayer.  Rating: 9.3/10 Recommend Price: $20 for base, DLC may vary",True,90,7,0.82270676,7,False,english,1510795939,1510795939
76561198821874190,815780,29,15,204,0,103,1641647119,ебаный геймпад,True,0,0,0.0,0,False,russian,1638053685,1638053685
76561198402115634,238960,0,10,1379,0,1379,1562322194,the fking company is owned by tencent need it say more ? idk about other clown addicts but im not gonna support these chao mao pao clowns,False,4,1,0.33975407,5,False,english,1592633144,1592633144
76561198198855754,730,21,2,27796,0,801,1696711486,СЛАВА УКРАЇНІ,True,0,0,0.0,0,False,russian,1677881715,1677881715
76561199028972373,486850,704,592,214,0,214,1684910385,✅İndirimdeyken alınıp kartları satılarak kâr edilebilir.  Hesabımda bunun gibi birsürü inceleme var kâr yaptıran oyunlar mevcut profilimden bakabilirsiniz.  Üstte kalması için incelemeye geri bildirim bırakmayı unutmayın.,True,1,0,0.5217391,0,False,turkish,1685044136,1685044136
76561198441509429,1942280,0,19,64,0,64,1664373358,吃我倒讚,False,0,0,0.4140527,0,True,tchinese,1664883655,1664883655
76561199080675300,1236990,0,8,458,0,458,1627716854,yes,True,0,0,0.0,0,False,english,1627716887,1627716887
76561198841597506,105600,35,12,3518,0,226,1665827176,"Super gra, szczególnie ze wazy 200mb ",True,1,0,0.4961832,0,False,polish,1586254787,1586254787
76561198975166234,359550,25,8,13123,0,2350,1697242351,its a very fun and tactical game that you can vs your friends on and just hangout,True,0,0,0.0,0,False,english,1585012907,1585012907
76561198299681239,1604030,0,8,5747,0,2291,1691116122,probably the most fun ive ever had in a game couldn't recommend it enough,True,0,0,0.0,0,True,english,1689831591,1689831591
76561198021919071,450390,0,6,67,0,34,1613782436,Tons of satisfying mini games and areas. I loved it!,True,0,0,0.0,0,False,english,1613433516,1613433516
76561198803687214,271590,40,1,7825,0,3067,1684086523,CA,True,0,0,0.0,0,False,english,1573759651,1573759651
76561197999461293,480490,0,2,655,0,655,1494976126,"Bio Shcok meets space, with more chocies, loved it",True,1,0,0.52586204,1,False,english,1511505506,1511505506
76561198313630768,1196590,176,54,3632,0,1484,1680924802,"Un juego hermoso, pero aunque cumplo con los requisitos Minimos, las cinematicas se atrasan con las voces y me van a 12 fps,llega a ser molesto.",True,0,0,0.0,0,False,spanish,1622511839,1622511839
76561198326754499,359550,48,3,29256,0,26378,1687702610,1,True,0,0,0.0,0,False,schinese,1625917181,1625917181
76561198116947111,1263850,0,4,153024,0,3047,1632960694,nice,True,0,0,0.0,0,False,english,1606411220,1606411220
76561199118204084,17390,0,6,1141,0,912,1681250213,clássico,True,0,0,0.0,0,False,brazilian,1644102945,1644102945
76561198107223365,730,84,32,50632,0,13359,1691353102,"plz don't play this i can't stop russian plague i... can't...  Россия (. Россия Россия, Россия, и произношение), Россия (Россия Российская Федерация, Российская Fiedieracyja, и произношение.) - Государственный простирающаяся от Восточной Европы через северную часть Азии до Тихого океана. Россия является самой большой страной в мире по площади и шестой по величине в истории мира. С точки зрения населения занимает 9-е место. Россия является одним из крупнейших экономик в мире по объему ВВП занимает 6-е место в мире. Русское государство занимает первое место в мире природных ресурсов и энергии источников. Россия является членом многих международных организаций, в том числе один из пяти постоянных членов Совета Безопасности ООН, G20, Евразийского экономического союза, Содружества Независимых Государств, Шанхайской организации сотрудничества и играет значительную роль в мировой политике.",False,3,0,0.5604964,1,False,english,1481211586,1481211586
76561198858468497,1057090,459,321,596,0,596,1662275822,[h1] “如果你还没有玩奥日，那我们之间已经有了一层可悲的厚障壁了” —— 鲁迅[/h1],True,300,126,0.9360232,0,False,schinese,1662276118,1662276118
76561198052104563,17410,501,150,200,0,200,1577829409, Buy on sale.,True,0,0,0.0,0,False,english,1577830331,1577830331
76561198048404777,1029780,0,1,64960,0,6436,1694283407,"I really enjoyed this game, Building a home and community is fun, and building houses and castle walls is highly entertaining. Once I felt like I had played-out the whole game, I discovered the fun of building an underground city inside a mountain.  The raids are easy to fight off, but enjoyable, and I looked forward to them.  Once I understood how to play I rarely lost a settler, although it took some practice to get to that point.  Archers in towers are great, while melee soldiers seem pretty useless by comparison.  With some time and development, enemy soldiers can easily be pulled into kill zones, which is very fulfilling.  I look forward to continued development in this Early Access game.  Currently there isn't much of an end to the game.  Trebuchets/catapults start showing up with the raiders, and I look forward to eventually raiding/using catapults against other towns.  Still, in the current state it provides many hours of entertainment, assigning jobs and so on, building things.  Although each settler supposedly has their own identify, they're very hard to distinguish aside from, aside from their skill set (and what they contribute as a result).  Some skills are far more usable than others, but anybody without relevant contributions can help haul items to stockpiles.  I learned that if you build a tower too high, it's out of archers' ranges to hit the ground.  Arrows only travel a certain distance, and the ground can be too far way.  Who knew???  I look forward to continued improvements to this Early Access game.",True,0,0,0.0,0,True,english,1636931613,1636931613
76561198154540573,292030,0,3,8782,0,8279,1671142296,Лучший симулятор опиздюливания свинопасов ведьмаком.,True,0,0,0.0,0,False,russian,1574797113,1574797113
76561198883583302,274230,97,13,1315,0,220,1669470538,ITS RONIN TIME,True,0,0,0.0,0,False,english,1669230032,1669230032
76561198838143235,1174180,0,4,38149,0,11362,1681133086,nice game ever,True,0,0,0.0,0,False,english,1606338335,1606338335
76561198353395082,1789480,254,15,165,0,69,1665846779,"I literally cannot play the game because matchmaking is garbage. I cannot connect to a match no matter what I do, all the servers are either private or they'll kick me because they're full (despite all of them having only one player.) It looks fantastic and I hope this is fixed, but wait to buy this game.",False,1,0,0.485466,0,True,english,1665785673,1665785673
76561198080220966,105450,171,169,1493,0,1493,1577902428,"I leave the thump up here, just to support one of the best games ever made.  I am glad the Definitive Edition is so good and gets support until today.   If you wanna try AoE3 go for DE Editon!",True,2,0,0.47608507,0,False,english,1642077660,1642077687
76561198393664733,1085660,160,15,357876,892,45501,1698818429,^^♥,True,0,0,0.5217391,0,False,schinese,1585204506,1663339757
76561198187889959,2011470,88,7,2768,0,657,1668062884,/SHOW ME THE MONEY 作者你是不是有大病？运气10然后胎死腹中，红色天赋然后突然头疼去世，你是不是傻？这就跟让霍金、牛顿原地爆炸一样，你能不能做的合理一点,False,3,0,0.5112782,0,False,schinese,1655380718,1655380718
76561199084636744,271590,21,1,5275,163,41,1698666555,Niceee,True,1,0,0.52380955,0,False,vietnamese,1671123846,1671123846
76561198374489036,271590,0,1,72242,0,43656,1696438300,牛逼,True,0,0,0.0,0,False,schinese,1626750374,1626750374
76561198817839491,1249800,0,12,456,0,456,1604129670,目前感觉还好，除了一点外，有人说游戏里除了主角团剩下npc的脸都不忍直视，但个人觉得主角团的也做得很离谱，尤其是小时候的男主和长大后的湘儿。,True,0,0,0.0,0,False,schinese,1604289876,1604289876
76561198123551976,1091500,0,2,3346,0,3293,1675228083,Awesome game. It has risen to my top 10 favorite games of all time. The aesthetics and story line to this game are amazing.,True,1,0,0.0,0,False,english,1675203700,1675203700
76561198913605188,578080,0,1,16037,0,6558,1695869222,sddddd,True,0,1,0.0,0,False,koreana,1573973886,1573973886
76561197996841467,542050,838,60,417,0,417,1531123139,"El arte de este juego es excelente, 10 / 10, dibujos de estilo clásico, animaciones fluidas, muy hermoso en general. La historia en sí no me atrajo mucho, aunque es innovador el concepto de los objetos perdidos. La jugabilidad no es mala, aunque en algunas partes me frustró un poco el sistema de salto que tiene, nada grave.  En general muy bien, terminé el juego en 7 horas, y si bien hay 2 finales y la historia cambia un poco según tus decisiones (parecen ser sólo algunas cinemáticas y diálogos) no sentí muchas ganas de rejugarlo, capaz si alguien quiere desbloquear todos los logros, encuentre más motivos.  En general un 8 / 10.",True,0,0,0.0,0,False,latam,1532243705,1532243705
76561198321903547,646570,0,19,6874,0,1767,1675259125,这游戏上头,True,0,0,0.0,0,False,schinese,1580807371,1580807371
76561198924968716,369990,97,4,649,0,467,1672664806,很棒的产品，但是希望能多出一点dlc来丰富内容，并且地图就两张，玩多了有一点枯燥，不过还是很棒的游戏,True,0,0,0.0,0,False,schinese,1642582623,1642582623
76561199185642186,218620,46,1,202,0,30,1678375588,NB,True,1,0,0.50174826,0,False,schinese,1660726922,1660726922
76561198295899475,10180,0,1,389,0,378,1511783032,"Muito bom o jogo, mas pode melhorar em questão de armas e mapas :)",True,0,0,0.0,0,False,brazilian,1489066857,1489066857
76561198098923380,1193990,0,7,90,0,90,1645275298,Sconvolgente! Da non perdere.,True,0,0,0.0,0,False,italian,1645287761,1645287761
76561198970676099,644560,0,11,183,0,183,1592301488,anime girls go uwu This glizzy go brrrr,True,2,1,0.52380955,0,False,english,1595071559,1595071559
76561198008141356,427520,80,1,9259,0,3089,1691710255,yes,True,1,0,0.0,0,True,english,1587591920,1587591920
76561198414938513,730,29,1,88131,0,59963,1696113673,"Если вы думаете стоит играть или нет, то определенно стоит",True,0,0,0.0,0,False,russian,1627295013,1627295013
76561198889493617,1137460,7,2,1442,0,102,1677321595,진짜 너무 재밌다,True,0,0,0.0,0,False,koreana,1642236456,1642236456
76561199001074415,730,6,1,76278,732,498,1698761956,打击感很好 ,True,0,0,0.0,0,False,schinese,1576901186,1576901186
76561198377493561,1172620,0,1,34174,620,14009,1698283801,"This game is, similar to a Siren's song, going to pull you in close and drag you into the depths. I've no lifed since I reinstalled it, and it's genuinely been worth it. If you're a casual player, it's definitely a more fun experience with friends, but there's a lot of competitive potential with the new Hourglass PvP update.",True,0,0,0.0,0,False,english,1675531050,1675531050
76561198236537146,359550,43,15,15496,0,2504,1643902560,"咚咚咚。。。投票1/4,2/4。。。您因为击杀队友40分钟不能进行游戏",True,0,1,0.0,0,False,schinese,1534730676,1534730676
76561198128217583,340810,386,16,8,0,8,1439087028,"srsly, just go get terraria, this game is not worth it even though its free",False,13,2,0.42283532,2,True,english,1430538216,1430538216
76561198052606930,319540,0,40,320,0,320,1675720790,Нету ФПСа. Совсем нету.,False,0,0,0.4557377,0,False,russian,1675720894,1675720894
76561199109854570,578080,73,6,310,0,310,1650810932,好,True,0,0,0.0,0,False,schinese,1651153280,1651153280
76561198985462510,1222140,89,53,1615,0,916,1598333349,之所以有人会无限卡死，是因为显卡驱动问题，把n卡驱动退回到446.14就可以了 我玩完了一周目 暴力路线 领袖马库斯舔诺丝抱得美人归，但途中双小伙伴祭天，不过革命最后成功了。  亲妈卡拉枪杀爱丽丝人类父亲，过海关时只能捡别人的票但又归还，只能拿卢瑟祭天而去渡河，但是爱丽丝最后中弹过了河以后就死了  康纳良心发现归顺耶利哥好汉，与副警长关系亲密无比并且从假康纳手中救了他，他也成功带着生命中新的仿生人出来，也成功从那个世界出来。   这个结局我不满意呀！ 再玩！,True,1,0,0.52380955,0,False,schinese,1593352084,1593399240
76561198316670864,945360,10,13,1497,0,614,1602287001,Amongus,True,1,0,0.52380955,0,False,english,1599782425,1649864198
76561198282182385,440,62,5,11648,0,10314,1681954179,si,True,0,0,0.0,0,False,spanish,1591648431,1591648431
76561198023872627,274170,158,264,7472,0,7421,1504861366,ภาคนี้ขอบอกเลยว่ายากมาาาาาาาาาาาาาาาาาาาาก ผมนี่แทบจะบ้าตายตอนเล่นระดับยาก ตายไปไม่รู้กี่รอบ สะดุ้งไปไม่รู้กี่ครั้ง ศัตรูตอบสนองไวสุด ๆ เข้าไปในรัศมีมันเมื่อไหร่เป็นต้องเดี้ยงทุกที ทุกย่างก้าวสำคัญยิ่ง เพราะถ้าเดินไปไม่ระวังอาจโดนศัตรูจากนอกสายตายิงเอาได้ ต้องคอยกด Shift ลาดเลาตลอด อีกทั้งศัตรูบางตัวยังสามารถหลบกระสุนได้ด้วย บังคับให้เราต้องใช้อาวุธประชิดไปต่อกร บ้างก็วิ่งเร็วมาก พร้อมจะพุ่งเข้ามาจับหัวเราโขกพื้นได้ทุกเมื่อถ้าเข้าใกล้ เจ้าอ้วนเองก็ยังปรากฏตัวในภาคนี้ หนำซ้ำบางตัวมีปืนอีก แต่อย่าเพิ่งท้อไป เพราะตัวละครของเราแต่ละตัวก็มีทักษะเจ๋ง ๆ พอจะเอาไปรับมือกับพวกมันได้ เช่น บางตัวสามารถปลดกระสุนได้ บ้างกลิ้งหลบได้ บ้างสลับอาวุธหลักกับอาวุธประชิดได้ บ้างล้มไอ้อ้วนได้ บ้างกางแขนยิงสองฝั่งได้ บ้างใช้ศิลปะการต่อสู้ได้ บ้างทั้งเลื่อยทั้งยิงได้ นอกจากนี้ก็มีอาวุธแจ๋ว ๆ ด้วย เช่น เครื่องพ่นไฟ ไรเฟิลซุ่มยิง ปืนกลเบา บลา ๆ ขี้เกียจร่ายยาว เอาเป็นว่าใครชอบภาคแรกไม่ควรพลาดครับ,True,8,1,0.6047904,0,False,thai,1448980088,1537199615
76561198218341297,220,107,10,1618,0,776,1588888287,que agregar de este tremendo juegazo que no se sepa?,True,7,0,0.58950293,0,False,spanish,1551736159,1551736159
76561199059525937,359550,34,1,45041,0,1823,1697202461,感觉不错 ,True,0,0,0.0,0,False,schinese,1593601605,1593601605
76561199014852635,12210,26,8,2447,0,2178,1653356949,no esta muy bien optimizado pero es jugable si tienes una pc gama media,True,0,0,0.0,0,False,spanish,1651173595,1651173595
76561198004438421,940910,0,129,68,0,68,1567107287,"It's basically like Reverie Under the Moonlight except worse in every way, so not really that much like it. The character models have a charm to them at a distance but look terrible in the closeups they keep getting in cutscenes. The environmental detail is completely absent so every room looks the same and the enemy variety is nonexistent, and the lack of enemy AI / moves is made up for by everything killing you in 3 hits if you just stand still and let yourself get hit by the braindead normal enemies. The bosses are easy if you want to beat them normally but a chore if you want to kill them without getting hit for the missable items they drop if you do, and I quit as soon as I noticed the second boss has two attacks that both start with a purple flash around her followed by about 0.3 seconds of waving her arm differently, where one is then a sword slash and the other is then blades rising from under your feet. The animations are mediocre and the player character's walk cycle is remarkably bad, while her attack animations are weak and lacking in any impact which they tried to make up for with aggressive hitstun (is this the right term? the slowdown when hitting an enemy) that's just obnoxious.  The level design up to the second boss was just not good, with every room being a hallway with the same few enemies in it or a series of platforms with the same few enemies in it. A particularly ridiculous example comes in with the room with the second library warp point: You enter the room from the right. There's a locked door to your left and a ladder going up, so you go up and to the left, then drop through a platform to land on a savepoint and some jump flowers underneath it that can take you back up. You go to the right to see the library warp point and another ladder, which leads you back up to the locked door and the switch to open it. This roundabout path in this room serves literally no purpose other than to make you waste a few extra seconds pretending there's something actually going on when there isn't, there aren't even any enemies in the room, and you can't enter it from the other side to begin with. I feel like this encapsulates the level design experience pretty well based on what I played of it. Oh, and there are also fake walls that you have to hit with your sword to reveal, with no visual indication that they're fake, which always a shit idea because it just means hitting every wall in the entire game. Shame on the devs for this one.  I could make a few other nitpicks, so I will. Why do I have to go through a confirmation prompt when interacting with a library warp point? What part of walking over it and pressing up on the D-pad made you think I didn't want to go to the library? The same applies for returning from within it. You were smart enough not to include this pointless prompt on save points, so why is it here?  Why is there no quick access button for new archive entries you pick up? They're not even marked as new in the menu. Not that they're very interesting in the first place, as just infodumps of areas and events in the world that you aren't dealing with. Maybe it'd get interesting later as you find more so you know more about the world to form a frame of reference, but I feel like adding some artwork to the archive pages would have gone a long way to flesh things out and make it more immediately interesting. The items menu has icons, at least. And speaking of making things more interesting, while the UI does look kind of nice, having the exact same font for everything in the entire game is rather dull, even if it's a different colour in a few spots. Oh and having the princess have more than one basic mission reminder line in the library would've been nice. It would also have been nice if your assistant showed up there and could be spoken to, rather than just having her rarely-changing R1 quips.  Performance-wise the game alternates between being totally smooth 60fps and running super choppily for several seconds, and in cutscenes there seemed like a few times where the characters were animating at a lower frame rate than the background elements, though I wasn't able to reproduce this reliably. I haven't had any crashes at least.  In summary the game feels like a step down from everything Reverie did well, especially the art direction and combat, while in itself it feels rather undeveloped. I can only say I'm disappointed because after Reverie I was really looking forward to what they'd do next.",False,9,0,0.4847023,0,False,english,1567108573,1567139099
76561199197592861,236390,0,9,705,0,312,1653473924,fun war game,True,0,0,0.0,0,False,english,1651917409,1651917409
76561198205629827,386360,47,11,617,0,617,1662564621,3D Lol hemde Allahlarla oynuyon daha ne olsun,True,2,4,0.49129692,0,False,turkish,1662724566,1662724566
76561198065294290,55230,673,48,4119,0,2896,1458004214,"It fun. PC version tend to be glitchy, but still fun. Should look to get on a console system if you can help it before choosing to get on steam.  And fuck Pierce's A.I.",True,0,0,0.46728972,0,False,english,1423790667,1423790667
76561198146678846,527770,214,18,102,0,101,1622646760,"[h1]Don't buy it to play a good game, buy it to solve the enigms and drink vodka.[/h1]  This game is ironic from A to Z Home made sounds Home made music WTF powers WTF money 1 hour playing life easter eggs ah and there is cards  graphisms 9/10 (to a pixelart game) controls     7/10 (controller compatibility but Qwerty locked and no possibility to change controls) music        4/10 (handmade guitar) sounds      2/10 (ironic beatboxing) puzzles      10/10 (you can never predict how to solve them) bugs          8/10 (only collisions like monster behind walls or wall hitbox)  The irony make the game hard to note but i really recommend it if you want 1 hour to laugh and solve enigms.",True,3,0,0.5620438,0,False,french,1496844510,1496844694
76561198401430503,736260,100,53,852,0,701,1694912748,game is swag,True,1,0,0.5217391,0,False,english,1647713711,1647713711
76561198032583530,248820,0,13,5572,0,3395,1661660311,"Ive never raged so hard and been so happy to do it again, since my ex.  10/10 would [strike]date[/strike] play again.",True,1,2,0.4616666,0,False,english,1471225794,1471225794
76561199225071088,1041320,36,19,12091,0,432,1685231671,"Классная стратегия, долгое и увлекательное развитие, из минусов много доната и тяжело без самого дона развиваться.",True,0,0,0.0,0,False,russian,1641900315,1641900315
76561198417747927,381210,0,1,4457,0,615,1571458344,재밌어요,True,0,0,0.0,0,False,koreana,1552290262,1552290262
76561198109651308,460930,0,94,24,0,24,1507943625,클로즈 베타 때랑 지금이랑 그래픽 설정이 나아진게 1도 없음 진짜 더 디비전이 최적화 잘한거라고 생각될 정도,False,0,0,0.0,0,False,koreana,1507943666,1507943666
76561198092995886,761790,0,37,294,0,294,1668782871,"Hat mich nicht halten können, habe ich abgebrochen. Die Story war für mich nix, die Charaktere mochte ich nicht und die Minispiele und das Platzzuweisen ging mir auf die Nerven.",False,0,0,0.0,0,False,german,1690802047,1690802105
76561198037456923,367500,123,8,6624,0,6033,1667376454,"""This is literally what happens if Capcom had a DnD Session and Itsuno the madman who brought DMC back with DMC5. And said:""""Yo that Berserk Manga was pretty spicy let's do something like that."""" And here we are. With a good fucking JRPG game.""",True,1,0,0.52380955,0,False,english,1604555523,1604555523
76561198349093099,1358140,514,68,68,0,44,1645850766,There is a gas tank in the kitchen sitting by itself...... Also you can order blow torches...,True,0,1,0.0,0,False,english,1645474870,1645474990
76561199229736959,1938090,0,1,15909,0,8412,1674685004,LITTY LIKE A TITTYYYY,True,0,0,0.0,0,False,english,1669323412,1669323412
76561198313295108,550,86,10,13303,0,7817,1690042954,L4D2玩了好多年了，回头再来玩 依然还是原来的味道，不会感觉腻，就是人越来越少了,True,1,0,0.5217391,0,False,schinese,1480177219,1480177219
76561198220311524,242050,129,24,3627,0,3627,1634490466,who doesnt love pirates? also sea shanties 10/10,True,1,0,0.52380955,0,False,english,1657445060,1657445060
76561197976878602,1240440,0,2,5168,0,4060,1642563804,multiplayer is total dogshit. server desync out the ass. waited this for long for dogshit multiplayer with no modes and possibly the worst progression and customization system to date. get fucked,False,0,0,0.0,0,False,english,1641523061,1641523061
76561198006562071,1157390,205,15,4353,0,1514,1672488464,"Świetna, warta uwagi, nieco problem z wydajnością, widac ze optymalizacja lezy, duzo gestych modeli,  no kiepsko niekiedy z rozdzielczością tekstur, nawalone fx zeby nie było widać, ale niestety widać... co do gameplay to o dziwo całkiem zgrabnie to wyszło, gra wciąga niesamowicie, niektóre mapy nieco nudne.  Po 70 h gry, stwierdzam że gra naprawdę jest ładna, grafika na kolejnych etapach mocno sie poprawia, wciągająca, i trzyma klimat, bardzo fajne bitwy, naprawdę zaskakująca, chyba najlepsza poza Battle Brothers gra w jaka zagrałem w tym roku.",True,1,0,0.0,0,False,polish,1670848714,1672436295
76561198022318084,1650650,0,310,0,0,0,0,Daf ładny jest ale nim nie jeżdżę przynajmniej gra żyję jak coś dawane jest do gry,True,0,0,0.0,0,False,polish,1662819486,1662819486
76561198114779190,1756130,37,4,0,0,0,0,我tm就问问闪退怎么处理啊 真是 舞文弄墨,True,0,0,0.0,0,False,schinese,1636703170,1636703170
76561198082983328,238460,64,2,759,0,759,1546893934,Не оптимезированный кусок калла,False,0,0,0.38596493,0,False,russian,1546894057,1546894057
76561198201107567,632360,0,1,5780,0,597,1631712461,不同装备搭配带到的游戏体验很好,True,0,0,0.0,0,True,schinese,1583755663,1583755663
76561198114162374,387990,0,6,2993,0,2291,1475645948,I love this game. I build my own building and very hard. Lol. This game needs to improve more.   I created my first flying machine and I dont know where that go..    ,True,0,1,0.0,0,True,english,1453710023,1453710023
76561198447314729,1326470,19,1,3728,0,2110,1679246327,好玩,True,0,0,0.0,0,True,schinese,1677758191,1677758191
76561198015369946,292030,0,1,3119,0,888,1587483080,.,True,0,0,0.0,0,False,german,1583668485,1583668485
76561198842674154,977950,56,1,2577,0,716,1658582278,确实好玩儿！,True,0,0,0.0,0,False,schinese,1584411651,1584411651
76561199187109343,1811260,0,1,14799,0,13066,1695479674,This game is bullshit ,False,0,0,0.0,0,False,english,1688235794,1688235794
76561198407189214,775940,0,22,620,0,147,1677337246,cool,True,2,0,0.53139335,0,True,english,1537219163,1677275112
76561198032129502,8500,0,19,424,0,222,1661426345,Gut,True,0,0,0.0,0,False,german,1647381315,1647381315
76561198081772564,578080,0,1,74231,0,59604,1635514836,買わないほうがいい,False,0,0,0.0,0,False,japanese,1530277553,1537793789
76561199384801180,730,0,10,11943,0,3148,1695155455,залупа ,True,0,0,0.0,0,False,russian,1665475492,1665475492
76561198972664666,550,0,1,5340,0,626,1635343462,ok,True,0,0,0.0,0,False,english,1633350079,1633350079
76561198127305835,846770,0,5,327,0,278,1647094068,This game is unplayable without an Xbox / PS controller and support for these controllers is really wonky. The controller simply does not work. I regret buying the game and hope that this issue is sorted out as soon as possible.,False,0,0,0.4285714,0,False,english,1640930931,1640930931
76561198385129875,1474700,0,50,3921,0,253,1688904372,748,True,0,0,0.0,0,False,german,1657796044,1657796044
76561198140820363,10,33,4,79888,0,16966,1517594602,"Godna polecenia, specyficzna grafika, wiele trybów. Świetna ;)",True,0,1,0.0,0,False,polish,1408547652,1408547652
76561198188738387,698780,61,9,484,0,241,1577320757, Just Monika,True,0,0,0.0,0,False,polish,1546203250,1546203250
76561198100375984,449960,124,25,1295,0,118,1595856213,"The game gets more challenging the more you play it, I recommend this game to those who seek challenge while having fun. This game is very worth it--   Still playing the game, will write more about it after finishing the game.",True,0,0,0.0,0,False,english,1545226667,1545226667
76561198850360732,252490,32,2,96874,0,58815,1697336236,It's ok i guess  [Update]  Not bad :/ [Febuary 24 2021]   interesting i guess idk,True,0,1,0.0,0,False,english,1581204185,1614188851
76561198353148767,1281930,14,3,5194,0,3881,1688425318,"very fun addition to vanilla, GREAT with friends",True,0,0,0.0,0,False,english,1667759548,1667759548
76561198152512426,433850,83,1,37959,0,32242,1602880616,cool game,True,0,0,0.0,0,True,swedish,1511633566,1511633566
76561198313778413,1446780,61,5,12011,0,10856,1692440989,다음 작품도 내놔,True,0,0,0.0,0,False,koreana,1676471672,1676471672
76561198852603492,271590,48,5,22427,0,1277,1689060584,GTA万岁,True,0,0,0.0,0,False,schinese,1574516935,1574516935
76561198127218414,230410,67,17,1135,0,963,1515782320,"This is that kind of game, which gets the friends together to play, and you can spend hours in it, and you won't lose the excitement.",True,1,0,0.52586204,0,False,english,1515506232,1515506232
76561198261261493,1276790,452,12,5648,0,1024,1673020237,Fantastic game for any league fan and the lane attack mechanics add a new entertaining twist to the gameplay,True,0,0,0.0,0,False,english,1637853562,1637853562
76561198004474113,730,0,1,39864,0,16902,1600884707,amazing game crapy hit box,True,1,0,0.52380955,0,False,portuguese,1403959083,1403959083
76561198027329483,225080,0,2,220,0,220,1388344737,"This is one of those rare games that, while very short, leaves a lasting impression. The story does a lot with very little. You don't need crazy amounts of dialogue or things pointed out to you here. The game shows you what you need to see and keeps things moving along at a nice pace. Don't go into this game looking for a challenge; there is none. Don't expect a lengthy adventure as it is only 3 hours long if you take your time. Do not dismiss this game as a child's game simply because it has a whimsical graphical style. This game ventures into very dark territory that many games shy away from. The controls do take some getting used to, but there aren't many moments where it can really get in the way. This is one of those games that really can be considered art, and even without the sale price is well worth admission. Do yourself a favor and play this game.",True,0,0,0.0,0,False,english,1388379213,1388379213
76561198042353277,244850,426,9,11384,0,872,1677600128,"Очень классная игрушка с космической физикой, неиссякаемыми возможностями для творчества и просто бродилка по космосу. В команде очегь весело строить.",True,2,2,0.52513105,0,True,russian,1440790956,1440790956
76561198146293692,578650,0,2,1731,0,1630,1614695976,Very nice,True,0,0,0.0,0,False,danish,1608286381,1608286381
76561198389311729,289070,0,23,26193,0,8294,1678961038,이제 조금 알겠네요...^^  많이 해보고 다시 얘기할께요ㅎ,True,0,0,0.0,0,False,koreana,1634802158,1634802158
76561198434144228,444200,0,2,1283,0,799,1610911031,<3 ,True,0,0,0.0,0,False,turkish,1525017229,1525017229
76561198097366725,550,13,4,1703,0,1690,1598448595,good game,True,0,0,0.4931473,0,False,czech,1597850543,1597850543
76561199091852766,730,0,1,1203,0,755,1692273688,HAOWAN,True,0,0,0.0,0,False,schinese,1675083631,1675083631
76561198211322347,440,80,25,8647,0,5944,1693136489,yeg,True,0,0,0.45267487,0,False,english,1572675307,1572675307
76561198970516446,1091500,0,3,3869,0,1280,1697474645,我覺得劇情很棒，戰鬥模式也很有趣，可以選擇不同流派。 但是不得不說，畫面優化有待改善。BUG我就不說了，遊戲裡面的路人想傻子一樣，6年前的GTA5 都做的比你好很多 而且都2077年了，為什麼汽車不能改裝呢？？？而且為什麼不可以買房子？？？這真的讓我們玩家感到很失望。7年前的GTA5 很多遊戲創意 和遊戲性做得比你好！！！ 不得不說20777其實可以改善的點太多了，色偶就兩個？？？能不能給我搞多幾個？ 不過這款遊戲確實比我想象中的好玩。,True,0,0,0.0,0,False,tchinese,1608560127,1608560127
76561198309204095,7110,0,1,1547,0,200,1689021235,"Look, I played Jade Empire on the xbox for years and almost crapped myself when I saw it on steam so I could play it again. This version is a little buggy but there are easy fixes out there if you do a simple google search. I don't understand the bad reviews about the controls, I was able to very easily set up the controller so that it played almost just like the console version. The reason this is a negative review, however, is that there is one bug that makes the game unplayable. Out of nowhere, when you try to enter a loading zone, the game will just reload you at your latest save. That save cannot be deleted, the bug persists even if you start a new game, and seemingly the only way to fix it is to reinstall the game. I love this game so much but I can't reinstall and get invested in another playthrough now, for fear that I will lose all my data. Just do yourselves a favor, don't buy this copy of the game, it's not worth it.",False,7,0,0.47401184,0,False,english,1509372603,1509372603
76561198993893075,381210,0,1,12049,0,991,1645419135,There is a lot of variation in game play because of the different characters and perks.,True,0,0,0.0,0,False,english,1575602821,1575602821
76561198171692361,861650,0,2,3133,84,2776,1698916193,better than skater xl,True,0,0,0.48150516,0,False,english,1682386625,1682386625
76561197974555432,1350650,0,1,522,0,368,1686114851,"錢拿去 ,快出第2季",True,12,0,0.6666667,0,False,tchinese,1685776562,1685776562
76561198107528956,878580,1469,37,30,0,30,1590084989,"I started the game, and i like it !",True,2,0,0.53535354,0,False,french,1636896958,1636896958
76561199072977998,1245620,0,1,16729,0,12395,1675728597,"As someone who has lived with Dark Souls alot, Elden Ring is just a glorious piece of art. The world is so massive, No matter how many times I start over Im STILL finding something new in some areas. I adore this game so much.",True,1,0,0.52380955,0,False,english,1650361407,1650361407
76561198406115698,1238860,67,37,10503,0,2137,1667056046,"Хорошая игра по скидке, без не берите.",True,6,0,0.54910344,0,False,russian,1598348155,1598348155
76561198970961453,1091500,22,3,30671,23,9336,1698263986,"С первого запуска словил балдеж, сдпр респек",True,0,1,0.0,0,False,russian,1635417365,1678272835
76561197961126828,236150,202,1,203,0,186,1620150261,waste of money at eny price range.,False,3,1,0.4788775,1,False,english,1440291176,1440291176
76561197971345227,560130,1268,21,7106,0,7106,1581648706,una jodida JOYA,True,0,0,0.0,0,False,spanish,1581648727,1581648727
76561198356622227,620980,0,3,268,0,54,1663383654,"cant play with friends online anymore because the devs decided it was too much fun, private lobbies only which strips all the fun from multiplayer with friends. For this reason alone i can not recommend this game",False,0,0,0.47826087,0,False,english,1662107842,1662107951
76561198116275103,230410,123,1,59884,0,36431,1694011454,Cool!!!,True,0,0,0.0,1,False,english,1449081770,1449081770
76561198023964784,1051690,430,26,9826,0,2187,1686504035,honestly the most fun i've had on a game in a while. the bosses if you don't know their pattern can be a bit difficult. only game where i nuked doom guy with a nuke rocket launcher well over 10 times cause more spawned after. doing a second run through since there's nothing to do after chapter 2 which i wish there was just to get more money so you can go through the skill tree. you could probably beat the game in 2 days until more is added. if you do other things than gaming a week maybe.,True,0,0,0.0,0,True,english,1635837703,1635837703
76561198969891758,227300,3,1,313,0,188,1643741709,Неплохая игра,True,0,0,0.0,0,False,russian,1643615808,1643615808
76561199022765663,578080,0,1,17147,0,3101,1595618642,外挂太多,False,0,0,0.0,0,False,schinese,1590568906,1590568906
76561198015593524,1272580,152,7,679,0,627,1622146126,"Really fun game.  I was immerged in this game from start till finish. It's a short game, give or take 10 hours (i'm an avarage gamer) but very funny and well written.  I don't think the shooting mechanics is that bad and all the other aspects of the game more than make up for it.  Really do hope the creators come up with more games like this. Thanks for letting me play this!",True,2,0,0.5536791,0,False,english,1622143192,1622143192
76561198100483235,559100,0,30,1950,0,1950,1604524451,fun. needs dlc.,True,2,2,0.40893027,0,False,english,1604636128,1604636128
76561198302044546,1120810,0,13,236,0,228,1627127806,做的挺好的,True,0,0,0.0,0,True,schinese,1597836998,1597836998
76561198854409745,578080,2,1,110901,0,23033,1664027115,挺好玩的就是外挂太多了,True,1,0,0.5132744,0,False,schinese,1545273680,1545273680
76561198143570928,1426210,177,1,1145,0,1013,1657461159,有意思 很不错的游戏,True,0,0,0.0,0,False,schinese,1627801980,1627801980
76561198380904751,302830,4,1,46,0,37,1583335458,Game for retarded kids,False,0,1,0.47619048,0,True,polish,1516441383,1516441383
76561199302131526,254700,0,1,32,0,32,1655539692,Controls are weird and i just dont like it,False,4,0,0.48459804,0,False,english,1655540392,1655540392
76561199373394245,367520,0,3,11497,0,1954,1681020820,好玩,True,0,0,0.0,0,False,schinese,1658980409,1658980409
76561198799944601,730,0,1,224,0,224,1515080834,dostal  jsem  vac  jen   tak  za  nic  ,False,1,0,0.50617284,5,False,czech,1515079283,1515079283
76561198047834857,1527950,166,8,4353,0,3127,1679946261,"Normalerweise sind rundenbasierte Kämpfe nicht mein Fall, aber ich habe sehr viel Spaß am Spiel.",True,0,0,0.0,0,True,german,1645737775,1645737775
76561198050357608,1091980,770,17,4554,0,7,1568466424,"Great music and just scratch the right dungeon crawler itch of mine. And btw, the performance has greatly improved.",True,3,1,0.4484173,0,False,english,1566990914,1566990914
76561198162589879,268500,0,1,24786,0,2416,1691308688,"Best strategy game I've ever played. Immersive gameplay, immersive story. Can't wait for XCOM 3",True,0,0,0.0,0,False,english,1602277286,1602277286
76561198100956457,252490,108,21,2874,0,1544,1438719669,"Great game, the people in it can be a bit of jerks, but it is getting better, buy it and support it, you won't regret it in the future. If you like building stuff, killing things, or being a jerk to people, I recommend this DayZ like game.",True,0,1,0.0,0,True,english,1405948914,1405948914
76561198028043570,976730,0,8,52211,0,4068,1695432930,"Just as good as the old Halo days. My only complaint is that there were many AFK players and no way to punish them. I hate the idea of a vote to kick system, because you would get kicked if your team didn't like your play style or if they didn't like something about you :( Other than that though. The Campaign for Halo: Reach was great and I'm looking forward to playing the other ones as well. I also personally like the free battle pass system in place to get cosmetic items for your character. I pulled up Halo Reach on the Xbox 360 and remember putting at least 500 hrs into the grind of getting cosmetics only to have half of the less expensive ones. I also understand you not always wanting to get things you don't want first, but I feel like that just makes the cosmetics you want more desirable.   TLDR: + 6 Halo games on PC/in one game. + No payments needed to Xbox Live. +/- The free battle pass system replaces how you unlock cosmetic armor (This is preference though). - Can't customize every control button, for example, V is stuck to voice chat. - Wide screens will have disembodment when meleeing an enemy.",True,0,0,0.0,0,False,english,1576533830,1576723383
76561198972040773,620,69,5,1362,0,652,1682092299,best game ever,True,0,0,0.0,0,False,dutch,1574890395,1574890395
76561197960412770,692850,0,36,1909,0,1909,1561229518,"A perfect sequel to SOTN, Iga has outdone himself. This game is truly phenomenal. Since you're reading this review on Steam you've already passed to test, you won't have to deal with any of the issues found on the console versions!",True,0,0,0.0,0,False,english,1562015597,1562015597
76561198117998444,1282730,0,13,1288,0,743,1657124147,"Much like with the toil and tedium of my everyday life, I find myself compulsively plugging away at my silly little loop as though I might someday find meaning in this endless charade. 10/10 simulation within a simulation iykwim",True,1,0,0.52380955,0,False,english,1656895578,1656895578
76561197987175561,238960,0,4,44436,0,25719,1690694418,fantastic game!  At first i was daunted by the sheer depth and complexity of this game.  However that changed the more i played it.  Now i love the depth and complexity.  You can easily tell that the dev's love the product they are making and actually care about it.,True,0,0,0.0,0,False,english,1575160187,1575160187
76561198084543556,391220,999,73,1007,0,798,1542485116,"Rise of the Tomb Raider is a great game, looks amazing, and has a pretty good story. Just like the 2013 Tomb Raider, there are so many little details in this game that make the world more immersive. If you stand near a fire Lara will warm her hands, ice forms on your coat if you are wet in cold areas, she dries out her hair when getting out of the water, as well as other things. Another thing I liked was the conversations the enemies have with each other, some of them even talk about the island from Tomb Raider 2013. The game has changed quite a bit from its predecessor but it has still kept a lot of the same mechanics and improved them. Scrap is more valuable so instead of having 100's of it you only have a bit and the weapon upgrade system allows for more choice.   Pros: - Graphics - Audio - Little details - Performance - Story - No Camera bob  Cons: - QTE's - Button Mashing (Less compared to the last game)",True,0,0,0.0,0,False,english,1520204930,1591750171
76561198082147161,1676130,275,5,495,0,138,1691367311,"The game has a great baseline. Movement, gunplay, core mechanics are great. Neat aesthetics, visual design and music create vibrant but distinct feeling that matches fast paced gameplay quite well. Devs are on the right track. Build up content (classes, guns and abilities options, enemies, maps, bosses and etc.), tweak and refine progression system here and there and add variety to in match and base upgrades and the game would be a banger! Huge potential. Can't wait to see the final product!",True,10,0,0.0,0,True,english,1666195797,1666195797
76561198798022085,730,0,1,29059,0,22163,1696350221,Counter-Strike life changing game,True,0,0,0.0,0,False,english,1602437396,1602437396
76561198039376472,1088850,0,3,1521,0,1521,1643456735,"Dog report item: awesome game.  Honestly super fun, characters lines are amazing. Full of sarcasm and humor. Walking the wrong way, don't be surprised to be told you are stupid for going there in the first place.  Combat is cool, even though you only can play as Peter Quill, the way you can ''lead'' your friends into the battlefield by letting them do abilities. And those wombo-combo's can get really cool.  Details in the world are amazing aswell.  Overall a great game, can't wait for a sequal!",True,1,0,0.52380955,0,False,english,1638743156,1638743156
76561198359470225,431960,31,18,806,0,182,1697404418,it do be wall tho,True,0,0,0.0,0,False,english,1613863728,1613863728
76561198366357592,546560,110,27,883,0,883,1656739304,진짜 재미있음 VR기기 있으면 꼭 해보세요,True,0,0,0.0,0,False,koreana,1689431537,1689431537
76561198351507516,261550,31,2,12931,0,1490,1693492037,Very well made game! 24h in and no bug found. Recommended!,True,1,1,0.0,0,True,english,1647272120,1647272120
76561198087081555,620,53,1,1458,0,650,1648732767,аааа,True,0,0,0.0,0,False,russian,1606434297,1606434297
76561197992070148,1599340,0,2,205489,0,86457,1674183639,Why delete Pheon after your own mistake ? Terrible PR move,False,0,0,0.0,0,False,english,1655627849,1668463988
76561198420903763,578080,0,1,16408,0,594,1632138014,垃圾垃圾垃圾垃圾垃圾垃圾,False,0,0,0.0,0,True,schinese,1508938086,1508938086
76561198843166320,270880,2,1,3056,0,2827,1643630125,I like it!!!,True,0,0,0.0,0,False,english,1632953067,1632953067
76561198841559260,311290,0,1,8137,0,2179,1657149354,Это настоящий шедевр! Отличное сочетание RPG и RTS. Сюжет компании цепляет и не отпускает до самого конца. Искусственный интеллект на очень высоком уровне. Однозначно рекомендую: 10/10.,True,1,0,0.48351648,0,False,russian,1571168701,1656581255
76561198203712191,1173790,0,10,945,0,945,1663385804,"Ah yes, the game that introduced the job system to the Final Fantasy franchise. It is still fairly easy overall, but there are even more missables in this game than in FF2, and that's saying a fair amount given how many missables FF2 has.  On top of that, the main plot is still pretty bare bones, especially next to some of the newer Final Fantasy titles. Thankfully this game is easier than FF2 so you shouldn't have to worry too much.",True,0,0,0.0,0,False,english,1663470548,1663470548
76561198372476695,376210,0,3,33121,0,16329,1690838357,"j'aime beaucoup ce jeu mais bon les MAJ prennent beaucoup trop de temps a arrivé.... après elles sont plutot prometeuse. Le jeu vaut sont prix, mieu vaut le prendre maintenant a ce prix plutot que dans 2-3 ans pour le double voir le prix si il est fini (20e) en tout cas en ce moment, du coup pour eventuelle nouveau - il y a de tout du pvp, battle royale, rp etc... il faut juste trouvé un bon serveur si vous en trouver 1 n'oublié pas de lire les regle  Si vous etes un peu timide et que vous voulez joué avec des gens sans leur parlé pas de probleme il y a le chat, ou allez y en loup solitaire, ca a ses bon coté aussi",True,0,0,0.47619048,0,True,french,1573952480,1573952480
76561198076332894,990080,90,3,2155,0,1802,1692927222,(h1) Rating 8/10 (/h1)  + gute Story + schöne offene Spielwelt - teilw. nervige Quests - Entscheidungen kaum tragend,True,1,0,0.5217391,0,False,german,1678621202,1678621202
76561199000713666,311210,0,2,2488,0,353,1692091895,good,True,0,0,0.0,0,False,english,1643435449,1643435449
76561198049145696,330710,122,6,27,0,27,1418232556,"Puzzles. Philosophy. Kittens (at least in the logo). Lasers. Looks like a must-play for a Portal fan.  The only downside: the puzzles are dangerously unlethal. After all, if you don't smash it (e.g. consciousness), it's not science. Ask a particle physicist if you don't belive me.",True,0,0,0.0,0,False,english,1418234123,1418234123
76561198118803294,378645,0,3,0,0,0,0,Mini Side-quest!! love it! ,True,0,0,0.0,0,False,english,1499704211,1499704211
76561199034730878,851850,0,2,3915,0,3101,1689967575,目前很棒的一款粉丝向漫改游戏，希望做出更好的游戏，细节再加强,True,0,0,0.0,0,False,schinese,1660904826,1660904826
76561198124907707,212680,87,4,15769,0,14334,1687041695,Probably the only game where you can find a death beam randomly floating in space. 10/10.,True,0,1,0.0,0,False,english,1644358776,1644358776
76561198078619291,49600,0,7,488,0,488,1560853543,"Летаешь, стреляешь и слушаешь музыку!",True,0,1,0.0,0,False,russian,1561828224,1561828224
76561198300804176,1891700,0,5,2263,0,2132,1682533998,veri gohd,True,0,0,0.0,0,False,english,1674818455,1674818455
76561198063399564,322170,775,19,1267,0,403,1656354986,Bom para a concentração.,True,0,0,0.0,0,False,brazilian,1437393015,1437393015
76561199024666981,730,4,1,58310,0,21262,1668464916,"игра нормальная но тимейти токсики в основном, как только заходишь в эту игру сразу -настроение, но я все равно продолжаю 'играть в это чудо юдо )))'",False,0,0,0.0,1,False,russian,1603426347,1603426347
76561198145446955,206440,165,1,237,0,237,1607759098,神作,True,0,0,0.0,0,False,schinese,1607759114,1607759114
76561198043233578,424370,0,1,11713,0,1990,1642779001,"Игра хороша, хотел бы ее порекомендовать всем кто играл в Diablo и Path of Exile, т.к. она может легко затмить их, потенциал велик, жаль что этому пока не суждено сбыться. Игра только вышла и у нее слишком много багов, которые необходимо фиксить, многие пассивные таланты и перки способностей не работают, бафы и дебафы отображены криво либо не отображены вообще, недопилены локализации. Из хорошего могу отметить продуманную сюжетную составляющую (наконец-то авторы не скупились на ЛОР), приятную для глаз графику, боевую систему надо еще корректировать, но уверен что все доведут до ума, как говорится через месяцочек допилят. Вердикт 7/10.",True,1,0,0.0,0,False,russian,1582188638,1582188638
76561198119621324,1604030,0,119,4473,0,353,1691369723,<3,True,0,0,0.0,0,True,english,1689195185,1689195185
76561198104206527,242760,0,14,1868,0,1835,1693829850,식인종 잡아먹으면 면서 식인종 되는겜 음음,True,0,0,0.0,0,False,koreana,1601816734,1601816734
76561198893191854,414700,63,49,801,0,284,1650566751,допустим,True,0,0,0.0,0,False,russian,1632524316,1632524316
76561198088293966,20900,0,4,1359,0,784,1470964890,"This game is incredible so far. really good story.  the battle mechanics are not as bad as some people say, and if you are looking for a good story you can set the dificulty to low and enjoy the narrative  the leveling up is a bit confusing at first, but you will understand it eventually",True,1,0,0.5187166,0,False,english,1392668151,1392668151
76561198325609343,460930,0,10,3225,0,2792,1559052578,总体来说是一个非常不错的游戏，大概60小时的时间体验了一次玻利维亚之旅，只玩了本体，DLC不做评价。 ,True,0,0,0.0,0,False,schinese,1504955075,1504955075
76561198973452924,519860,127,46,88,0,88,1635672370,its getting a bit sunny,True,0,2,0.4797048,0,False,english,1635756583,1635756583
76561198344760664,242860,0,20,785,0,297,1645735244,"Un bon jeux historique, fidèle à la réalité ! loin des franchise de battelf et call  of. Un jeux réaliste et avec un vrai challenge !",True,1,0,0.52380955,0,False,french,1586976052,1586976052
76561198129901806,1091500,0,9,1115,0,601,1608502676,GOOD,True,0,0,0.0,0,False,english,1607818555,1607818555
76561198285745206,730,73,18,2385,0,1061,1696625824,I lost my college savings.,True,0,0,0.0,0,False,english,1671991923,1696045240
76561198400438765,305620,17,2,191,0,112,1581422044,"The Long Dark, size yazın ortasında bile serinlik veren, oyunu dibine kadar yaşatan fevkalade bir oyun. Taş ile bayıltıp öldürmeye kıyamadığınız tavşanlar, hiç beklenmedik yerde üstünüze atlayan kurtlar, 30 mermi yese de yaşayan ayılar, zararsız zannettiğimiz fakat size boynuzu geçirince 2 haftaya anca toparladığınız vahşi dağ geyikleri, ve yemeğe doymayan karakterlerimiz ile Kuzey Kanada'nın bir felaket sonrası terk edilmiş topraklarında sonsuz bir yolculığa çıkarıyor. İlk indirimde parayı basın ve alın.",True,2,0,0.54198474,0,False,turkish,1562842650,1562842650
76561198337078536,945360,40,9,2686,0,259,1680644581,pay the $5 for the pc 1 it is so good,True,0,0,0.0,0,False,english,1601412489,1601412489
76561198243915798,34030,89,7,12461,0,6538,1696864793,2011年入坑，当时用的还是ca的光碟，用父亲新买的联想一体机玩。和罗马全战共同构成了童年的重要组成部分，也是后来本科和研究生都选择历史专业的原初动力。很难评价对全战全系列的感情，这是我唯一愿意终生入手支持的系列游戏。感谢陪伴了我最无忧无虑的一段时光。,True,0,0,0.0,0,False,schinese,1647417975,1647417975
76561198336910080,271590,19,2,60753,0,23584,1640445289,",",True,0,0,0.0,0,False,polish,1576112309,1576112309
76561199151937939,227300,12,2,11729,0,10468,1687190534,"Гра мені сподобалась, ставлю 9/10",True,0,0,0.0,0,False,ukrainian,1657896874,1657896874
76561198248570516,440,162,37,3176,0,3176,1603949785,"Un juego el que jugué por mucho tiempo, pero que desafortunadamente fue muriendo de a poco gracias a tanto cheater y jugadores más tóxicos que pichula de waren, en su momento fue entretenido, ahora kk u.u",False,0,0,0.0,0,False,spanish,1630974807,1630974807
76561198003030375,334210,3084,747,541,0,541,1455059037,"FORTIFIED: ~~~~~~~~~   The Earth has been invaded by Martians! The population is terrified to the see flying saucers, robots and god knows what the hell these little creepy metallic spider thingies are coming down the street! Oh god, what are we going to do? Well, our prayers have been answered! The American Army has assembled a small and unique task force to pulverise these rather nasty aliens! Welcome to the 1950’s!     Fortified is a 3rd person shooter/strategy/tower defence game inspired by the 1950’s comic books genre. You will be able to play 4 different characters (The Captain, The Rocket Scientist, The Agent and The Spaceman) either on a solo or co-op game and try to beat 12 progressively challenging levels.  At the start of each level, you will choose your loadout which is 2 weapons and some structures. Each characters have their specific structures or weapons. Structures will cost money to layout, so choose carefully (important when you get further into the game) and place them in the right spot so you can inflict maximum damage to those “NASTY INVADERS (1950’s commentary voice)”. In a nutshell, you will defend one or several rockets and destroy the upcoming waves of aliens. The waves can attack from the ground or from the air so make sure you have the right combination or your rocket will probably be destroyed. Upon successfully beating the level, your character will increase his level and you will be given points which you can use to unlock new weapons and structures; you can also choose to upgrade your current weapons or structures.   I like the gameplay - it is fast and frantic especially in the latest level. Either you play solo or co-op. Killing Aliens will give you money and even during the gameplay you can purchase and place a new structures and you do not have to wait between the waves to do so.   The graphics are great and the game runs brilliantly and the audio is perfect. This is FUN, FUN, FUN gaming time!  Positives:  ~~~~~~~     -	Great graphics -	Solo & co-op modes -	Great Gameplay with good replay ability -	Straight out of the 1950’s comic book -	Frantic & Fun -	Achievements & trading cards  Negatives: ~~~~~~~~    -	Probably need a matchmaking for multiplayer  This is a brilliant game, good on every aspect and the price is right!  9.5/10  Key provided by developer/publisher for review purposes. Any opinions expressed are entirely my own!  [url=http://steamcommunity.com/groups/thecptfroggyclub/discussions/1/613948093875100001/][b]MORE THE_CPT_FROGGY REVIEWS HERE[/b][/url]  [url=http://steamcommunity.com/groups/thecptfroggyclub#curation][b]FOLLOW THE CPT FROGGY CURATOR PAGE HERE[/b][/url] ",True,10,0,0.47611094,0,False,english,1455066451,1455066451
76561198123056113,210770,0,30,724,0,445,1403139483,"Simple but vey welldone gameplay, nice FPS/Tower defence. Good graphic. Bon gameplay, facile a prendre en main... Graphisme sympa. 7/10",True,1,0,0.5243903,0,False,french,1401229632,1401230564
76561199087861515,203140,0,4,989,0,222,1630589531,Jogo muito top...Recomendo,True,0,0,0.0,0,False,brazilian,1606404646,1606404646
76561198817603549,252490,67,8,53902,0,22173,1694286136,ive been banned from speaking and in playing multiple servers for saying things that might contain racial slurs,True,1,0,0.5070422,0,False,english,1639100400,1677039498
76561197972088206,233720,0,134,500,0,311,1519105725,"I couldn't afford to go to medical school, so I turned to Surgeon Simulator for my education. It didn't help, and now five people are dead. Worst three bucks i've ever spent.   Final Verdict: (1 out of 5)",False,4,0,0.49761406,2,False,english,1396593027,1396593027
76561198017709647,1049320,453,23,2758,0,730,1675564245,"Este juego es un agujero de conejo, si intentas investigar algo de el, seguiras haciendolo por horas y horas, esta lleno de referencias en todas partes, de tanto contenido que tuvieron que recortar jefes en el proceso de desarrollo del juego, es muy divertido, aun cuando lo termines siempre se siente como si hubiera algo mas que hacer en el",True,0,0,0.0,0,False,latam,1646713236,1646713236
76561198413919770,602520,54,7,60,0,12,1563635748,的确是款好游戏 弟弟非常喜欢,True,0,0,0.0,0,False,schinese,1538826013,1538826013
76561198016061224,960781,0,2,0,0,0,0,"this is real shit, cant download",False,0,0,0.46437997,0,False,english,1582531911,1582531911
76561199149187233,730,0,2,3176,0,2570,1693354096,nice ,True,0,0,0.0,0,False,english,1641173881,1641173881
76561198169743730,391540,0,7,1085,0,839,1648924720,"Joder que buen juego, hace tiempo que no me sentía así, recomendado incluso si no te gusta los rpg.",True,0,1,0.47619048,0,False,spanish,1619285553,1619285553
76561198311951511,304050,69,4,1768,0,1239,1576432206,Polecam #POKASOWE,True,2,0,0.4312929,2,False,polish,1498916231,1498916231
76561199050669379,1293830,46,15,5274,0,2584,1696318719,新史低，我半价买的，我是傻逼,True,0,0,0.0,0,False,schinese,1646562537,1646562537
76561198281105120,1189630,0,1,3690,0,290,1667105363,在傳書中有一個任務清理山中猛獸  破完全部條件結果被師父吃錢啦 視角控制可以正常一點  整體來說這價錢還算是一個不錯的遊戲,True,0,0,0.0,0,True,tchinese,1588508517,1588508517
76561198078176649,524910,686,15,124,0,101,1649260890,Наимилейшая игра в жанре поиска предметов.,True,0,0,0.45405406,0,False,ukrainian,1606372282,1606372282
76561198201668725,8930,122,25,2903,0,2842,1506869397,Civ 4 war deutlich besser das ist alles was ich sagen kann dieses Spiel war enttäuschend,False,3,2,0.46005413,0,False,german,1522372205,1522372205
76561198883623317,1222690,203,10,5416,0,2152,1673118475,It is the first game that I actually pursue and have interest in the dialogues! Good voice acting gives personality to characters!,True,0,0,0.0,0,False,english,1641496235,1641496235
76561198068503606,207610,0,13,909,0,796,1445090395,Awesome fucking game!!!,True,0,0,0.0,0,False,english,1441685795,1441685795
76561198834136771,730,0,1,75284,0,21633,1660966749,buenardo,True,0,0,0.0,0,False,spanish,1589959686,1589959686
76561198167100669,1332010,0,4,663,0,663,1658856893,Cat,True,0,0,0.0,0,False,french,1658854765,1658854765
76561198051552104,611670,176,39,3967,0,678,1632566550,"It's Skyrim, but VR what do you expect because it's probably that.  Though the ability to mod is extremely nice.  I've made Skyrim VR a home I'd like to live in.  Try it out for yourself, especially if you can mod.",True,0,0,0.0,0,False,english,1598736447,1598736447
76561198049145696,400,122,6,925,0,925,1329206400,A great puzzle game!,True,0,0,0.0,0,False,english,1511471928,1511471928
76561198079913445,1649240,1684,57,8084,0,332,1684616533,"A Rouguelite mix of Mass Effect meets Metroid Prime spun in with Outland and Dark Souls and even adding some spice of Prometheus, Sunshine and Moon from the movies.   Its a Bullet 'Hell', nightmarish, eerie, unforgiving world with fast paced combat and tough enemies, acting from the lead role is great, the ambience of the world is believable and the sound score pulls you into this Sci-Fi setting.   Graphics compared to the PS5 are hugely improved upon, all settings are a mass improvement over its console counterpart especially if you have the hardware for RT, it just makes the atmosphere/immersion that much more impressive, a great port and amazing so far!   EDIT: I'm now finished with Returnal after farming all Achievements, the lore has been some of the most evolving and thrilling I've ever had the challenge of collecting, this game has become one of my all time favourites, shame we will never see a sequel, at least now i've uninstalled this game, Selene is finally at peace. 9.5/10",True,6,0,0.56087494,0,False,english,1676505937,1684623094
76561198314940481,739630,98,3,1056,0,422,1630932446,挺好玩的 期待以后能更新出更多的内容,True,0,0,0.0,0,True,schinese,1604515048,1604515048
76561198022743975,73020,186,26,219,0,157,1604231876,"Jeux de strategie tres sympa et original! Pas mal d'humour et des campagnes plaisantes. Dans Majesty, on necontrole pas ses sujets. Ici nous sommes dépendant des heros qui peuplent notre ville. Il faut les chouchouter, leur construire des tavernes ou ils peuvent raconter leurs exploits, leur construire des forges et des Halles ou ils peuvent s'equiper avant de partir en quete sans oublier de leur donner de bonnes recompenses pour qu'ils puissent depenser leur argent dans nos commerces ;)",True,0,0,0.0,0,False,french,1397051456,1397051456
76561198151632821,381210,113,1,12599,0,11473,1697309653,Bardzo Fajna Gra Polecam.,True,0,0,0.0,0,False,polish,1669408567,1669408567
76561198361381986,255710,133,8,61203,11,2753,1698302155,Fun,True,0,0,0.0,0,False,schinese,1647071285,1647071285
76561198271207328,431960,11,1,1477,0,560,1695306581,超级好用，壁纸神器！,True,0,0,0.0,0,False,schinese,1668324787,1668324787
76561198815482534,578080,0,1,2933,0,1494,1629552161,xihuan,True,0,0,0.0,0,False,schinese,1584355308,1584355308
76561198066080202,883710,624,43,1509,0,1438,1666330762,10/10,True,1,0,0.52380955,0,False,english,1576293002,1576293002
76561198324777349,232090,1530,45,566,0,510,1627796627,An amazing horror shooter. You fight off demon and monster in waves with other players. If you were/are a big fan of CoD zombies then you'll probably enjoy this a lot.,True,0,0,0.0,0,False,english,1625729327,1625729327
76561199011470901,736820,0,11,715,261,103,1698784176,Good,True,0,0,0.49897316,0,False,english,1670864607,1670864607
76561199008885273,477160,106,4,255,0,220,1618044717,这款游戏侧重于合作，每个人要了解目前要做什莫，充分控制自己的身体，去完成。所以这是一款很好的游戏,True,1,0,0.5217391,0,False,schinese,1583889210,1583889210
76561198146320227,291550,0,20,7082,116,1374,1697813036,Jogo ótimo muito divertido só que as vezes dá raiva pq sempre tem alguém viciado mas o jogo é muito bom,True,0,0,0.0,0,True,brazilian,1484754887,1484754887
76561198002287850,681110,0,55,38,0,22,1577313851,"Hab noch nicht viel gespielt, aber verdient jetzt schon aufgrund der wunderschönen Grafik eine positive Bewertung! Zudem viele Optionen, Einstellmöglichkeiten...die Steuerung ist etwas gewöhnungsbedürftig (wer schießt schon mit Eulen?), aber das Spiel ist wirklich sehr gut gemacht.",True,1,1,0.5217391,0,False,german,1577235549,1577235549
76561198402575715,105600,0,2,21136,0,9054,1696078689,这个游戏很友好    充分的体现了外国风于冒险,True,0,0,0.0,0,False,schinese,1512429396,1512429396
76561198805520952,578080,0,2,23903,0,19602,1529914041,垃圾蓝洞 游戏负优化，只知道坑钱,False,0,0,0.0,0,False,schinese,1529802595,1529802595
76561199130770414,1483870,111,11,265,0,195,1664069036,休闲娱乐必备,True,0,0,0.0,0,False,schinese,1629284663,1629284663
76561198131472536,50300,1624,21,363,0,353,1522604220,"U will think this is game like most of action shooter games,but never know what gonna happend 10/10 recommended to all !!!",True,3,0,0.45815518,0,False,english,1489781605,1489781605
76561198418918221,346110,0,1,4434,0,1080,1598380918,草泥马,True,0,0,0.0,0,False,schinese,1597915415,1597915415
76561198085447402,990080,0,1,39569,0,10316,1686796030,Great Game.  Looking forward already to expansion packs.,True,0,0,0.0,0,False,english,1679611154,1679611154
76561198329870379,271590,208,9,40181,0,36063,1683124028,GTAV—永远的神,True,1,0,0.52380955,0,False,schinese,1480143883,1585057141
76561198415276707,1366540,0,3,13256,0,1156,1666184483,好玩，国产良心 ,True,0,0,0.0,0,True,schinese,1612535062,1612535062
76561199014479622,238960,0,2,54718,0,19378,1694112838,Will take over your life and be the only thing you think about. Trust me its worst for you than any other games but other than fucking love this game,False,2,0,0.5031056,0,False,english,1664413942,1664413942
76561198012301269,489630,167,28,4057,0,1632,1616719207,"Great game,   + deep tactical gameplay,  + tarrain playing a huge role, + great replayablity,  + random generated maps.  All Warhammer 40k can wish for is more DLC with more units and factions / sub-factions!",True,1,0,0.0,0,False,english,1596283715,1596283715
76561198315437514,48000,0,2,218,0,218,1656293727,legal,True,1,0,0.52380955,0,False,brazilian,1656293770,1656293770
76561198800746585,264710,0,1,12819,0,9862,1604529766,FANTASTIC GAME ,True,0,0,0.0,0,False,english,1528397350,1528397350
76561198290415280,2021910,55,4,29,0,8,1679346972,this is the most fun chess game i have ever played you should tell your friends about it,True,1,0,0.0,0,False,english,1666505240,1666505240
76561198091470748,2098350,0,19,182,0,182,1665260754,Good,True,0,0,0.0,0,False,english,1665260885,1665260885
76561198897063501,291550,0,2,20787,86,4080,1698586813,需要時間練習不然會沒有遊戲體驗 ,True,0,0,0.0,0,False,tchinese,1625630023,1625630023
76561198317546458,202970,36,3,1481,0,1054,1605201696,One of the greats in Call of duty  Still people playing the game amazing  A little too much for dlc,True,0,0,0.0,0,False,english,1575152665,1575152665
76561199401262648,324800,77,8,308,0,256,1690964125,没体验到什么，纯萌新没看攻略，就一个：爽！,True,0,0,0.0,0,False,schinese,1684053475,1684053475
76561198435768000,834530,0,33,2189,0,2189,1651211019,>becomes chairman >trolls tojo clan >leaves >doesnt elaborate  ,True,1,0,0.52380955,0,False,english,1651211481,1651211481
76561198024055172,801630,0,1,8711,0,5168,1684364659,>Pick Eltnum. >1ST CLAUSE >DIVIDE >236 B  Works every time. 10/10 ,True,0,0,0.0,0,False,english,1562053585,1562053585
76561198033621599,550,156,1,143800,79,118779,1698891596,It's awesome,True,0,0,0.0,0,False,english,1511385040,1511385040
76561198138340682,301860,855,140,297,0,37,1523895060,Animasyonları biraz kötü olsa da basit ve rahatlatıcı oyun. indirimde iken aldım 3tl civarı kesinlikle değer oyunun hikayesi de güzel indirim bitmeden almanızı öneririm,True,0,0,0.0,0,False,turkish,1507029364,1595465013
76561199111119455,346110,27,1,9569,0,769,1689930755,6,True,0,0,0.0,0,False,schinese,1631102773,1631102773
76561198980736285,1238810,0,1,20316,0,1736,1673074606,总是没有外挂就很舒服,True,0,0,0.0,0,False,schinese,1626139488,1626139488
76561197965746363,578080,0,1,141207,504,85734,1698317574,好的额额度基地啊减肥【鞍山酒店；卢卡斯京东方；卢卡斯的法律框架阿三；；搭街坊； 了可是大家发士大夫啊是大实打实的发士大夫阿斯顿,True,0,0,0.0,0,False,schinese,1575639539,1575639539
76561198021460026,629760,128,4,1552,0,1009,1588266696,Un giocone della madonna. Spero in costanti update!,True,0,0,0.0,0,False,italian,1562342372,1562342372
76561198141076503,730,8,1,19076,0,6625,1453722735,Крутая игра!!! ,True,0,0,0.0,0,False,russian,1419093215,1419093215
76561198358231101,285900,21,5,1259,0,1259,1544310580,Pretty cool.,True,0,0,0.0,0,False,english,1576617668,1576617668
76561198228532072,213650,417,27,506,0,440,1625103437,"Mal juego, muchas faltas y muchos errores. Tedioso de jugar, repetitivo y aburrido. Intentando completar el logro de jugar 1 hora en normal, me quedaban 2 minutos para ganar y aparece agua de la nada, solo un desperdicio de tiempo. Además ya no sirve poder jugar la versión gratuita para conseguir el logro de Killing Floor por lo que estas obligado a comprar la versión completa.",False,1,1,0.4965157,0,False,latam,1601247838,1601248227
76561198161064850,1443780,78,25,0,0,0,0,"Not for everyone, but very fun to play. Love the extra missions.",True,0,0,0.0,0,False,english,1609016575,1609016575
76561199110561779,1237970,0,3,1262,0,387,1696447640,short and fast paced but over all enjoyable,True,1,0,0.0,0,False,english,1644210117,1644210117
76561198977257877,105600,42,10,6872,0,6326,1656394574,除了老是鸽外，其他都值得满分,True,0,0,0.0,0,False,schinese,1601799130,1601799130
76561198152748986,882020,112,59,286,0,14,1643068412,Dirtbike go vroom,True,0,1,0.0,0,False,english,1628710241,1628710241
76561198879888911,431960,17,2,1846,0,740,1593735369,dope,True,0,0,0.0,0,False,english,1575643889,1575643889
76561198340243589,47890,215,4,2306,0,1518,1529241140,[h1]挺好的游戏~[h1] 其实游戏是很喜欢的啦~但是也不知道是不是因为我存在硬盘里或者电脑不给力。。。 反正很容易类似卡住了然后就自动结束的样子。。。嘤嘤嘤好多次玩了好几个小时忘记存档卡退了所以白玩了。。。 sad   QAQ 不过如果你们不像我这样~那这个游戏真的挺好哒~>w<,True,1,0,0.52755904,0,False,schinese,1488038632,1488038632
76561198876137930,1006510,0,1,222,0,210,1658123457,昨天朋友圈被刷暴，今天来 还愿 （略有剧透） 没有回头杀 恐怖而又带有教育意义 封建迷信要不得，相信科学啊 这次却是一位老师给父亲带去了封建，与现实形成了强烈的反差，本该是传道授业的人却间接地害了一个家庭 这个家庭的破碎父亲难辞其咎，对女儿的漠视，对妻子的暴力相向，最后走投无路却又向神佛求助，着实令人气愤！！！渣父？！ ,True,0,0,0.0,0,False,schinese,1550673345,1550673345
76561198880518025,675010,15,13,670,0,378,1669652314,jest git ,True,0,0,0.0,0,False,polish,1598878844,1598878844
76561198033740021,730,18,1,25384,0,5219,1693505690,nice game,True,0,0,0.0,1,False,english,1433245427,1433245427
76561198425248185,578080,25,1,2338,0,662,1695812220,挺好玩dasdasdasd,True,0,0,0.0,0,False,schinese,1586264929,1586264929
76561198912439593,730,13,3,5877,0,761,1696009591,kjnk,True,0,0,0.47619048,0,False,russian,1601806439,1601806439
76561198043923281,2060130,0,3,735,0,735,1664115347,"Ein mehr als würdiger Nachfolger, voller Charme und Anspielungen auf die alte Serie. Meine Erwartungen waren hoch, ich war bereit dafür, enttäuscht zu werden, aber die Enttäuschungen blieben aus.. Vielen Dank für eine wunderbare Reise in ein fast ausgestorbenes Genre, was hoffentlich wiederbelebt wird durch dieses Meisterwerk.",True,1,0,0.0,0,False,german,1664118991,1664118991
76561198305985133,730,0,5,18068,0,17665,1610143511,kjabVDv ckjVH,True,0,0,0.0,0,False,english,1587252780,1587252780
76561199037820633,393380,0,3,9683,0,3463,1695300329,作为司机亲眼目睹炮手屠杀一个服,True,1,0,0.5081967,0,False,schinese,1640570015,1640570015
76561199074124372,271590,1,1,12597,0,8767,1619100151,舒服,True,0,0,0.0,0,False,schinese,1608206941,1608206941
76561198883422613,977880,53,4,1289,0,1289,1659863919,画风，故事，游戏性都很棒的作品，它陪我度过了一段很棒的时间,True,0,0,0.0,0,False,schinese,1659864707,1659864707
76561197987752535,218620,0,1,7549,0,3759,1696509605,Worth the money!,True,0,0,0.0,0,False,english,1403524310,1403524310
76561199104332812,444090,44,8,3201,0,2465,1679687455,yes good game play,True,0,0,0.0,0,False,english,1628376205,1628376205
76561199201044369,1782120,0,1,2497,0,2093,1696159581,veramente bello e unico,True,0,0,0.47619048,0,True,italian,1678982082,1678982082
76561198820037274,730,5,3,21513,0,10335,1697132272,it good,True,0,0,0.0,0,False,english,1573176766,1573176766
76561199202397424,584400,18,4,1469,0,1453,1689562784,sonic,True,0,0,0.0,0,False,english,1672196065,1672196065
